model,degree_target,method,repetitions,fallbacks,negative_count_fraction,block_clipped_fraction,centroid_condition_mean,centroid_condition_max
k2_symmetric,4.0,gmm_full_neighbor_degree,20,0.0,0.39472222222222225,0.0,45.682187128670975,459.79551763147447
k2_symmetric,4.0,gmm_full_spec,20,0.0,0.43122222222222223,0.0,87.18924287975555,438.55060099027446
k2_symmetric,4.0,gmm_full_spec_degree,20,0.0,0.44581944444444443,0.0,412.93925549630865,6018.668121894402
k2_symmetric,4.0,gmm_tied_spec,20,0.0,0.22516666666666665,0.0375,4.4900307118210865,6.127471561392346
k2_symmetric,4.0,km_ASE,20,0.0,0.20154166666666667,0.0,2.8860103806051702,4.577150300191684
k2_symmetric,4.0,km_RRE,20,0.0,0.20322222222222225,0.0,2.970080037636322,4.608036307325729
k2_symmetric,4.0,km_classic_U,20,0.0,0.2009027777777778,0.0,2.8322237119190805,4.667127417719527
k2_symmetric,4.0,km_neighbor_degree,20,0.0,0.468875,0.0,154.45852559784794,1272.7548270904929
k2_symmetric,4.0,km_spec,20,0.0,0.3654027777777778,0.0,333.3698729239373,2699.879875140466
k2_symmetric,4.0,km_spec_degree,20,0.0,0.4687777777777778,0.0,6705.64773036313,132511.45582226306
k2_symmetric,4.0,poisson_gaussian,20,0.0,0.4218194444444444,0.0,107.60316227214582,1425.373510294669
k2_symmetric,4.0,spectral_bernoulli_surrogate,20,13.0,0.4331746031746032,0.03571428571428571,687.2972889275219,2337.8812295400185
k2_symmetric,6.0,gmm_full_neighbor_degree,20,0.0,0.21925,0.0,3.199584019713721,37.22040718624067
k2_symmetric,6.0,gmm_full_spec,20,0.0,0.3366527777777778,0.0,17.071662834031024,93.86403306406808
k2_symmetric,6.0,gmm_full_spec_degree,20,0.0,0.45155555555555554,0.0,259.9775069147562,3981.8945063484825
k2_symmetric,6.0,gmm_tied_spec,20,0.0,0.22356944444444443,0.0,3.2173249883405988,3.5707524060583435
k2_symmetric,6.0,km_ASE,20,0.0,0.18979166666666666,0.0,1.3199832600063348,1.7825737612574
k2_symmetric,6.0,km_RRE,20,0.0,0.19034722222222222,0.0,1.415892068324331,1.9499176926996942
k2_symmetric,6.0,km_classic_U,20,0.0,0.18955555555555556,0.0,1.2876960783501417,1.7428383592645227
k2_symmetric,6.0,km_neighbor_degree,20,0.0,0.4805694444444445,0.0,44.44238115877065,225.78742968987927
k2_symmetric,6.0,km_spec,20,0.0,0.23938888888888887,0.0,2.8912685593875564,12.677835659460525
k2_symmetric,6.0,km_spec_degree,20,0.0,0.48173611111111114,0.0,174.36098370996604,1190.5320978718419
k2_symmetric,6.0,poisson_gaussian,20,0.0,0.23473611111111112,0.0,5.706972109848722,64.46706241394247
k2_symmetric,6.0,spectral_bernoulli_surrogate,20,13.0,0.46765873015873016,0.0,118.73212734117611,369.6450542851241
k2_symmetric,12.0,gmm_full_neighbor_degree,20,0.0,0.11298611111111112,0.0,1.0957363020751718,1.1112106301970885
k2_symmetric,12.0,gmm_full_spec,20,0.0,0.11331944444444444,0.0,1.0966385552786364,1.112237856967817
k2_symmetric,12.0,gmm_full_spec_degree,20,0.0,0.11322222222222222,0.0,1.09720205316265,1.1136043214513758
k2_symmetric,12.0,gmm_tied_spec,20,0.0,0.16872222222222222,0.0,1.697966185617021,2.4510512310116503
k2_symmetric,12.0,km_ASE,20,0.0,0.11304166666666667,0.0,1.0948494614813646,1.112021826980507
k2_symmetric,12.0,km_RRE,20,0.0,0.11286111111111112,0.0,1.0950173835728485,1.112021826980507
k2_symmetric,12.0,km_classic_U,20,0.0,0.1131388888888889,0.0,1.0947417335171785,1.112021826980507
k2_symmetric,12.0,km_neighbor_degree,20,0.0,0.13258333333333333,0.0,20.567723956130415,390.53552622234065
k2_symmetric,12.0,km_spec,20,0.0,0.12397222222222222,0.0,1.2046455889249772,1.5288859150991096
k2_symmetric,12.0,km_spec_degree,20,0.0,0.4874305555555556,0.0,62.109953071208906,692.9233692468372
k2_symmetric,12.0,poisson_gaussian,20,0.0,0.11302777777777777,0.0,1.0951517170663432,1.112227249998408
k2_symmetric,12.0,spectral_bernoulli_surrogate,20,0.0,0.11309722222222222,0.0,1.0945045943409855,1.1114953428938552
k2_symmetric,24.0,gmm_full_neighbor_degree,20,0.0,0.021194444444444443,0.0,1.0428689154616955,1.0470571054341178
k2_symmetric,24.0,gmm_full_spec,20,0.0,0.021208333333333336,0.0,1.042881896553887,1.0471343592894347
k2_symmetric,24.0,gmm_full_spec_degree,20,0.0,0.021249999999999998,0.0,1.0428879747067712,1.0471343592894347
k2_symmetric,24.0,gmm_tied_spec,20,0.0,0.021152777777777777,0.0,1.0428837625949932,1.0470755503895743
k2_symmetric,24.0,km_ASE,20,0.0,0.021180555555555557,0.0,1.0428017925946025,1.0471343592894347
k2_symmetric,24.0,km_RRE,20,0.0,0.021180555555555557,0.0,1.0428026369993293,1.0470755503895743
k2_symmetric,24.0,km_classic_U,20,0.0,0.021180555555555557,0.0,1.0428017925946025,1.0471343592894347
k2_symmetric,24.0,km_neighbor_degree,20,0.0,0.045,0.0,1.584746881133459,11.87753810758805
k2_symmetric,24.0,km_spec,20,0.0,0.021583333333333333,0.0,1.0462540059273946,1.0660038127698153
k2_symmetric,24.0,km_spec_degree,20,0.0,0.49705555555555553,0.0,32.24656654448422,192.2302131614862
k2_symmetric,24.0,poisson_gaussian,20,0.0,0.021222222222222222,0.0,1.0428681620014895,1.0471343592894347
k2_symmetric,24.0,spectral_bernoulli_surrogate,20,0.0,0.021180555555555557,0.0,1.0427997285546227,1.0471343592894347
k2_symmetric,64.0,gmm_full_neighbor_degree,20,0.0,0.0,0.0,1.014096396756552,1.0158836938376106
k2_symmetric,64.0,gmm_full_spec,20,0.0,0.0,0.0,1.014096396756552,1.0158836938376106
k2_symmetric,64.0,gmm_full_spec_degree,20,0.0,0.0,0.0,1.014096396756552,1.0158836938376106
k2_symmetric,64.0,gmm_tied_spec,20,0.0,0.0,0.0,1.014096396756552,1.0158836938376106
k2_symmetric,64.0,km_ASE,20,0.0,0.0,0.0,1.014096396756552,1.0158836938376106
k2_symmetric,64.0,km_RRE,20,0.0,0.0,0.0,1.014096396756552,1.0158836938376106
k2_symmetric,64.0,km_classic_U,20,0.0,0.0,0.0,1.014096396756552,1.0158836938376106
k2_symmetric,64.0,km_neighbor_degree,20,0.0,0.0,0.0,1.014096396756552,1.0158836938376106
k2_symmetric,64.0,km_spec,20,0.0,0.0,0.0,1.0141838030588062,1.0158836938376106
k2_symmetric,64.0,km_spec_degree,20,0.0,0.4999583333333334,0.0,72.92235102575651,1216.7313242960088
k2_symmetric,64.0,poisson_gaussian,20,0.0,0.0,0.0,1.014096396756552,1.0158836938376106
k2_symmetric,64.0,spectral_bernoulli_surrogate,20,0.0,0.0,0.0,1.014096396756552,1.0158836938376106
k2_symmetric,96.0,gmm_full_neighbor_degree,20,0.0,0.0,0.0,1.0088319271612276,1.009698172983252
k2_symmetric,96.0,gmm_full_spec,20,0.0,0.0,0.0,1.0088319271612276,1.009698172983252
k2_symmetric,96.0,gmm_full_spec_degree,20,0.0,0.0,0.0,1.0088319271612276,1.009698172983252
k2_symmetric,96.0,gmm_tied_spec,20,0.0,0.0,0.0,1.0088319271612276,1.009698172983252
k2_symmetric,96.0,km_ASE,20,0.0,0.0,0.0,1.0088319271612276,1.009698172983252
k2_symmetric,96.0,km_RRE,20,0.0,0.0,0.0,1.0088319271612276,1.009698172983252
k2_symmetric,96.0,km_classic_U,20,0.0,0.0,0.0,1.0088319271612276,1.009698172983252
k2_symmetric,96.0,km_neighbor_degree,20,0.0,0.0,0.0,1.0088319271612276,1.009698172983252
k2_symmetric,96.0,km_spec,20,0.0,0.0,0.0,1.0088319271612276,1.009698172983252
k2_symmetric,96.0,km_spec_degree,20,0.0,0.5,0.0,172.50360427255714,3186.5682926170684
k2_symmetric,96.0,poisson_gaussian,20,0.0,0.0,0.0,1.0088319271612276,1.009698172983252
k2_symmetric,96.0,spectral_bernoulli_surrogate,20,0.0,0.0,0.0,1.0088319271612276,1.009698172983252
k3_disassortative,4.0,gmm_full_neighbor_degree,20,0.0,0.47124074074074074,0.0,253.44102982577564,1686.2673590021934
k3_disassortative,4.0,gmm_full_spec,20,0.0,0.47757407407407404,0.0,386.70913082347,3387.349190930224
k3_disassortative,4.0,gmm_full_spec_degree,20,0.0,0.4765,0.0,132.90711439588887,403.7214584420691
k3_disassortative,4.0,gmm_tied_spec,20,0.0,0.383462962962963,0.1611111111111111,55.8521092987825,450.7298830075792
k3_disassortative,4.0,km_ASE,20,0.0,0.3457222222222222,0.02777777777777778,58.52602241626518,1005.2913161129204
k3_disassortative,4.0,km_RRE,20,0.0,0.36153703703703705,0.01111111111111111,15.718307516875475,105.71069772161418
k3_disassortative,4.0,km_classic_U,20,0.0,0.3267777777777778,0.06666666666666667,7.803307102645012,29.1354961377557
k3_disassortative,4.0,km_neighbor_degree,20,0.0,0.46823148148148147,0.0,114.00257163774174,602.3852619273795
k3_disassortative,4.0,km_spec,20,0.0,0.4453425925925926,0.0,50.794460875964724,137.19337202145007
k3_disassortative,4.0,km_spec_degree,20,0.0,0.4636018518518519,0.0,137.26671952049028,936.648107826535
k3_disassortative,4.0,poisson_gaussian,20,0.0,0.47562037037037036,0.0,126.28020196375546,343.5617212398433
k3_disassortative,4.0,spectral_bernoulli_surrogate,20,6.0,0.4565873015873016,0.15079365079365079,1037.6201754199258,12348.181179198142
k3_disassortative,6.0,gmm_full_neighbor_degree,20,0.0,0.44961111111111113,0.0,202.1980294244515,1808.4785666889816
k3_disassortative,6.0,gmm_full_spec,20,0.0,0.48174074074074075,0.0,163.51645345459406,834.1920505397673
k3_disassortative,6.0,gmm_full_spec_degree,20,0.0,0.4803425925925926,0.0,117.30871497721462,478.0889655483163
k3_disassortative,6.0,gmm_tied_spec,20,1.0,0.45096491228070174,0.09941520467836257,59.85831458789969,184.8970727731453
k3_disassortative,6.0,km_ASE,20,0.0,0.38983333333333337,0.005555555555555555,22.746558478627428,102.23302109403244
k3_disassortative,6.0,km_RRE,20,0.0,0.44762037037037034,0.0,33.74728559183977,138.2290118836916
k3_disassortative,6.0,km_classic_U,20,0.0,0.3144074074074074,0.04444444444444444,6.068543458834852,23.210053599606923
k3_disassortative,6.0,km_neighbor_degree,20,0.0,0.481,0.0,381.706758391034,5731.683866921161
k3_disassortative,6.0,km_spec,20,0.0,0.47876851851851854,0.0,74.18510735940545,204.63088841420313
k3_disassortative,6.0,km_spec_degree,20,0.0,0.48193518518518513,0.0,142.01356515422452,929.578458134447
k3_disassortative,6.0,poisson_gaussian,20,0.0,0.4673333333333334,0.0,79.88437725894116,248.61729373092788
k3_disassortative,6.0,spectral_bernoulli_surrogate,20,1.0,0.4591130604288499,0.1871345029239766,281.29341643226525,2443.2526790453835
k3_disassortative,12.0,gmm_full_neighbor_degree,20,0.0,0.3901759259259259,0.0,30.303131644277205,203.9132903225984
k3_disassortative,12.0,gmm_full_spec,20,0.0,0.45266666666666666,0.0,447.06205905335594,4465.2198362786185
k3_disassortative,12.0,gmm_full_spec_degree,20,0.0,0.4674722222222222,0.0,192.3266505421796,1596.6571435407343
k3_disassortative,12.0,gmm_tied_spec,20,0.0,0.47525000000000006,0.0,80.80574713045262,490.69982526900446
k3_disassortative,12.0,km_ASE,20,0.0,0.24387962962962964,0.016666666666666666,2.3447611566371993,2.774486609322724
k3_disassortative,12.0,km_RRE,20,0.0,0.4478240740740741,0.0,45.25689653563831,178.3744448821978
k3_disassortative,12.0,km_classic_U,20,0.0,0.22971296296296298,0.0,1.7830553853185012,2.065208252904346
k3_disassortative,12.0,km_neighbor_degree,20,0.0,0.47038888888888886,0.0,69.16340071181025,327.8857348696413
k3_disassortative,12.0,km_spec,20,0.0,0.4713981481481482,0.0,143.9469698425001,836.1747009387465
k3_disassortative,12.0,km_spec_degree,20,0.0,0.4796759259259259,0.0,112.78674024869932,444.69400621559544
k3_disassortative,12.0,poisson_gaussian,20,0.0,0.4682777777777778,0.0,79.54171787620587,292.7424432582069
k3_disassortative,12.0,spectral_bernoulli_surrogate,20,0.0,0.3511574074074074,0.11666666666666665,65.06392995121237,923.7386031101194
k3_disassortative,24.0,gmm_full_neighbor_degree,20,0.0,0.47703703703703704,0.0,225.85583724928068,905.2265684543012
k3_disassortative,24.0,gmm_full_spec,20,0.0,0.46677777777777774,0.0,67.61493112473057,366.70582134605934
k3_disassortative,24.0,gmm_full_spec_degree,20,0.0,0.47038888888888886,0.0,145.08637021225758,1316.939489233316
k3_disassortative,24.0,gmm_tied_spec,20,0.0,0.48129629629629633,0.0,152.72651404247455,783.7061279110097
k3_disassortative,24.0,km_ASE,20,0.0,0.18869444444444444,0.0,2.0247515396169797,2.6901369463956466
k3_disassortative,24.0,km_RRE,20,0.0,0.47430555555555554,0.0,181.49440990552483,952.9195136877759
k3_disassortative,24.0,km_classic_U,20,0.0,0.18101851851851852,0.0,1.6484119632099798,1.7191444394553264
k3_disassortative,24.0,km_neighbor_degree,20,0.0,0.3505,0.0,68.12514169786755,1037.978792013707
k3_disassortative,24.0,km_spec,20,0.0,0.47062037037037036,0.0,120.04591168716436,574.0488092549691
k3_disassortative,24.0,km_spec_degree,20,0.0,0.4782592592592593,0.0,400.8133681151508,4960.804344511181
k3_disassortative,24.0,poisson_gaussian,20,0.0,0.4734814814814815,0.0,114.29967248321199,491.0167847219013
k3_disassortative,24.0,spectral_bernoulli_surrogate,20,0.0,0.4200277777777778,0.02777777777777778,5880.712404161556,113331.74961406774
k3_disassortative,64.0,gmm_full_neighbor_degree,20,0.0,0.4516203703703704,0.0,179.31929956575482,876.0258175851351
k3_disassortative,64.0,gmm_full_spec,20,0.0,0.4538055555555555,0.0,225.63250127136183,1816.0668959737761
k3_disassortative,64.0,gmm_full_spec_degree,20,0.0,0.4509444444444444,0.0,187.12129769854698,1001.5665581581791
k3_disassortative,64.0,gmm_tied_spec,20,0.0,0.448287037037037,0.0,147.3871775901094,1411.507417809693
k3_disassortative,64.0,km_ASE,20,0.0,0.4452222222222222,0.0,193.86880606813116,1039.984171654181
k3_disassortative,64.0,km_RRE,20,0.0,0.44757407407407407,0.0,127.88666008357083,930.227032089377
k3_disassortative,64.0,km_classic_U,20,0.0,0.10877777777777778,0.0,1.672359043449153,1.740347908919413
k3_disassortative,64.0,km_neighbor_degree,20,0.0,0.4387037037037037,0.0,301.19438075028154,2104.281026252018
k3_disassortative,64.0,km_spec,20,0.0,0.4301666666666667,0.0,50.728703311808395,237.9697229475446
k3_disassortative,64.0,km_spec_degree,20,0.0,0.4410555555555556,0.0,679.4226932556929,12239.005929346948
k3_disassortative,64.0,poisson_gaussian,20,0.0,0.4512777777777778,0.0,158.94194275932122,840.946013170654
k3_disassortative,64.0,spectral_bernoulli_surrogate,20,0.0,0.4525555555555555,0.0,406.77451065805064,3197.1830300083852
k3_disassortative,96.0,gmm_full_neighbor_degree,20,0.0,0.4225555555555555,0.0,899.9357912212175,16307.400566551085
k3_disassortative,96.0,gmm_full_spec,20,0.0,0.42325,0.0,224.71684032458097,2977.366386851036
k3_disassortative,96.0,gmm_full_spec_degree,20,0.0,0.42279629629629634,0.0,224.75902458123034,2977.366386851036
k3_disassortative,96.0,gmm_tied_spec,20,0.0,0.42352777777777784,0.0,96.47655786388842,563.2256720906652
k3_disassortative,96.0,km_ASE,20,0.0,0.42048148148148146,0.0,144.83376799449638,1572.7456720225105
k3_disassortative,96.0,km_RRE,20,0.0,0.4225277777777777,0.0,98.45958387465943,563.2256720906379
k3_disassortative,96.0,km_classic_U,20,0.0,0.07867592592592593,0.0,1.679490067334261,1.7382133671443791
k3_disassortative,96.0,km_neighbor_degree,20,0.0,0.41609259259259257,0.0,65.32633860235336,357.47442366858036
k3_disassortative,96.0,km_spec,20,0.0,0.4147592592592592,0.0,416.0436859822753,6942.279294602703
k3_disassortative,96.0,km_spec_degree,20,0.0,0.41678703703703707,0.0,95.73056630732732,456.62975974033856
k3_disassortative,96.0,poisson_gaussian,20,0.0,0.4221574074074074,0.0,149.61785693768232,1321.419153105311
k3_disassortative,96.0,spectral_bernoulli_surrogate,20,0.0,0.42300925925925925,0.0,226.15621707228735,2977.3663868508847
k3_equal_degree,4.0,gmm_full_neighbor_degree,20,0.0,0.4625,0.0,140.02288289558396,882.6044325390857
k3_equal_degree,4.0,gmm_full_spec,20,0.0,0.4844166666666666,0.0,286.6980621331377,1382.9602427919463
k3_equal_degree,4.0,gmm_full_spec_degree,20,0.0,0.48364814814814816,0.0,254.06405533120065,1685.808744289446
k3_equal_degree,4.0,gmm_tied_spec,20,0.0,0.3506666666666667,0.15,13.77173567406479,60.18175953095676
k3_equal_degree,4.0,km_ASE,20,0.0,0.3185555555555556,0.02222222222222222,13.4426920303385,164.2829156752545
k3_equal_degree,4.0,km_RRE,20,0.0,0.32925925925925925,0.01111111111111111,13.057909836867108,129.63576736492067
k3_equal_degree,4.0,km_classic_U,20,0.0,0.3114259259259259,0.016666666666666666,8.507417100318687,77.39251729602798
k3_equal_degree,4.0,km_neighbor_degree,20,0.0,0.4809629629629629,0.0,247.67628744055529,1002.693283290515
k3_equal_degree,4.0,km_spec,20,0.0,0.4521481481481482,0.0,220.38991658916697,1917.7316573230653
k3_equal_degree,4.0,km_spec_degree,20,0.0,0.476287037037037,0.0,536.9860062252103,7331.3856777929295
k3_equal_degree,4.0,poisson_gaussian,20,0.0,0.4759444444444444,0.0,177.3139684639303,1464.5677912243493
k3_equal_degree,4.0,spectral_bernoulli_surrogate,20,12.0,0.462662037037037,0.18055555555555555,591.5504345040011,4294.136567481478
k3_equal_degree,6.0,gmm_full_neighbor_degree,20,0.0,0.4416203703703704,0.0,52.72954061226992,183.91413997392686
k3_equal_degree,6.0,gmm_full_spec,20,0.0,0.4810833333333333,0.0,138.17805336320473,1102.696351849321
k3_equal_degree,6.0,gmm_full_spec_degree,20,0.0,0.481787037037037,0.0,324.1627960486578,3748.2280078182534
k3_equal_degree,6.0,gmm_tied_spec,20,0.0,0.3604814814814815,0.07777777777777777,59.13688003258018,528.4867429085837
k3_equal_degree,6.0,km_ASE,20,0.0,0.28594444444444445,0.0,2.7865152162627846,3.7247518308150935
k3_equal_degree,6.0,km_RRE,20,0.0,0.31074074074074076,0.0,19.41191781141287,319.77366104366274
k3_equal_degree,6.0,km_classic_U,20,0.0,0.28249074074074076,0.0,2.5906987093298057,3.182460792366971
k3_equal_degree,6.0,km_neighbor_degree,20,0.0,0.4836296296296296,0.0,217.59623298701553,1359.504632628947
k3_equal_degree,6.0,km_spec,20,0.0,0.4799537037037037,0.0,176.48247705589444,947.5286690150555
k3_equal_degree,6.0,km_spec_degree,20,0.0,0.4888703703703704,0.0,264.50036763700183,1239.449548021475
k3_equal_degree,6.0,poisson_gaussian,20,0.0,0.46177777777777773,0.0,83.80711080118871,284.9423291008407
k3_equal_degree,6.0,spectral_bernoulli_surrogate,20,0.0,0.4805555555555555,0.2111111111111111,185.1894403731584,1902.018348692183
k3_equal_degree,12.0,gmm_full_neighbor_degree,20,0.0,0.2846111111111111,0.0,23.00928838436672,395.3179688398327
k3_equal_degree,12.0,gmm_full_spec,20,0.0,0.37749074074074074,0.0,91.9150152080638,1440.5542879670088
k3_equal_degree,12.0,gmm_full_spec_degree,20,0.0,0.4142592592592592,0.0,57.211601081537616,513.6179366885846
k3_equal_degree,12.0,gmm_tied_spec,20,0.0,0.27979629629629627,0.0,4.943724536892252,29.646070533348233
k3_equal_degree,12.0,km_ASE,20,0.0,0.2099814814814815,0.0,1.4661433927716454,1.8588056003191777
k3_equal_degree,12.0,km_RRE,20,0.0,0.21139814814814817,0.0,1.552196916511901,2.0703340799871834
k3_equal_degree,12.0,km_classic_U,20,0.0,0.20994444444444443,0.0,1.4212800382291109,1.7051020911353378
k3_equal_degree,12.0,km_neighbor_degree,20,0.0,0.30996296296296294,0.0,18.705947386602077,212.4237850983186
k3_equal_degree,12.0,km_spec,20,0.0,0.29785185185185187,0.0,11.31379800736759,73.55711200275186
k3_equal_degree,12.0,km_spec_degree,20,0.0,0.47048148148148144,0.0,84.98644973038675,503.0998529117321
k3_equal_degree,12.0,poisson_gaussian,20,0.0,0.2801111111111111,0.0,7.594771260878284,64.80272362126692
k3_equal_degree,12.0,spectral_bernoulli_surrogate,20,0.0,0.40741666666666665,0.22222222222222224,10.418293952148339,36.58163047114786
k3_equal_degree,24.0,gmm_full_neighbor_degree,20,0.0,0.07946296296296296,0.0,1.1951917343966887,1.2381138033040415
k3_equal_degree,24.0,gmm_full_spec,20,0.0,0.08012037037037037,0.0,1.19712875252681,1.2311363914939188
k3_equal_degree,24.0,gmm_full_spec_degree,20,0.0,0.07996296296296296,0.0,1.196986157264314,1.2340742696460798
k3_equal_degree,24.0,gmm_tied_spec,20,0.0,0.08183333333333334,0.0,1.2366329908696234,1.359193491496194
k3_equal_degree,24.0,km_ASE,20,0.0,0.0788425925925926,0.0,1.1783521745702852,1.208275447339244
k3_equal_degree,24.0,km_RRE,20,0.0,0.07851851851851852,0.0,1.185677305620877,1.2157222079080452
k3_equal_degree,24.0,km_classic_U,20,0.0,0.0790462962962963,0.0,1.172851827025713,1.2007322136944811
k3_equal_degree,24.0,km_neighbor_degree,20,0.0,0.07915740740740741,0.0,1.1724143238139084,1.1994856679143773
k3_equal_degree,24.0,km_spec,20,0.0,0.07998148148148149,0.0,1.1857442990331681,1.3057234814251204
k3_equal_degree,24.0,km_spec_degree,20,0.0,0.4455185185185185,0.0,43.05329427227815,197.17834340079654
k3_equal_degree,24.0,poisson_gaussian,20,0.0,0.0793425925925926,0.0,1.1940790706009605,1.2308959976372282
k3_equal_degree,24.0,spectral_bernoulli_surrogate,20,0.0,0.07864814814814815,0.0,1.190119737346615,1.2116623218022666
k3_equal_degree,64.0,gmm_full_neighbor_degree,20,0.0,0.002759259259259259,0.0,1.0578097054819413,1.0646450403469219
k3_equal_degree,64.0,gmm_full_spec,20,0.0,0.002759259259259259,0.0,1.057809705481941,1.0646450403469214
k3_equal_degree,64.0,gmm_full_spec_degree,20,0.0,0.002759259259259259,0.0,1.0578097054819413,1.0646450403469214
k3_equal_degree,64.0,gmm_tied_spec,20,0.0,0.0027962962962962963,0.0,1.057931446675497,1.0647262151993548
k3_equal_degree,64.0,km_ASE,20,0.0,0.0027962962962962963,0.0,1.0577449333670363,1.0642040991310258
k3_equal_degree,64.0,km_RRE,20,0.0,0.002787037037037037,0.0,1.057797467955535,1.0642040991310255
k3_equal_degree,64.0,km_classic_U,20,0.0,0.002777777777777778,0.0,1.0576563869776516,1.0638413209892663
k3_equal_degree,64.0,km_neighbor_degree,20,0.0,0.0027962962962962963,0.0,1.057731742702813,1.0642040991310258
k3_equal_degree,64.0,km_spec,20,0.0,0.0027962962962962963,0.0,1.0576965003183274,1.0642040991310255
k3_equal_degree,64.0,km_spec_degree,20,0.0,0.429037037037037,0.0,23.70436013679724,183.00787016064368
k3_equal_degree,64.0,poisson_gaussian,20,0.0,0.0027685185185185182,0.0,1.0578069164441766,1.0646450403469216
k3_equal_degree,64.0,spectral_bernoulli_surrogate,20,0.0,0.002787037037037037,0.0,1.0578006234828996,1.0646450403469214
k3_equal_degree,96.0,gmm_full_neighbor_degree,20,0.0,0.00018518518518518518,0.0,1.0356459339372017,1.0384093747447414
k3_equal_degree,96.0,gmm_full_spec,20,0.0,0.00018518518518518518,0.0,1.0356459339372017,1.0384093747447416
k3_equal_degree,96.0,gmm_full_spec_degree,20,0.0,0.00018518518518518518,0.0,1.035645933937202,1.0384093747447414
k3_equal_degree,96.0,gmm_tied_spec,20,0.0,0.00018518518518518518,0.0,1.0356459339372017,1.0384093747447416
k3_equal_degree,96.0,km_ASE,20,0.0,0.00018518518518518518,0.0,1.0356459339372017,1.0384093747447412
k3_equal_degree,96.0,km_RRE,20,0.0,0.00018518518518518518,0.0,1.0356459339372017,1.0384093747447412
k3_equal_degree,96.0,km_classic_U,20,0.0,0.00018518518518518518,0.0,1.0356459339372017,1.0384093747447412
k3_equal_degree,96.0,km_neighbor_degree,20,0.0,0.00018518518518518518,0.0,1.0356459339372017,1.0384093747447416
k3_equal_degree,96.0,km_spec,20,0.0,0.00018518518518518518,0.0,1.0356655933057626,1.0388025621159582
k3_equal_degree,96.0,km_spec_degree,20,0.0,0.39075925925925925,0.0,47.22779294086983,470.211783841305
k3_equal_degree,96.0,poisson_gaussian,20,0.0,0.00018518518518518518,0.0,1.0356459339372017,1.0384093747447414
k3_equal_degree,96.0,spectral_bernoulli_surrogate,20,0.0,0.00018518518518518518,0.0,1.0356459339372017,1.0384093747447414
k3_heterogeneous,4.0,gmm_full_neighbor_degree,20,0.0,0.47775,0.01111111111111111,430.1039088394606,1586.255839013942
k3_heterogeneous,4.0,gmm_full_spec,20,0.0,0.4780185185185185,0.0,472.94066399255405,2943.7012342048133
k3_heterogeneous,4.0,gmm_full_spec_degree,20,0.0,0.4771574074074074,0.0,371.7583415437092,1187.6170447463635
k3_heterogeneous,4.0,gmm_tied_spec,20,0.0,0.3974814814814815,0.05555555555555556,108.19761413518586,1136.9594514863222
k3_heterogeneous,4.0,km_ASE,20,0.0,0.3981018518518519,0.0,117.80068428728569,1086.8727963479303
k3_heterogeneous,4.0,km_RRE,20,0.0,0.4335,0.0,281.20670241009327,2049.739639746098
k3_heterogeneous,4.0,km_classic_U,20,0.0,0.34718518518518515,0.016666666666666666,67.02330123468353,869.0395176615954
k3_heterogeneous,4.0,km_neighbor_degree,20,0.0,0.46581481481481485,0.0,382.6610360261852,3273.257075664841
k3_heterogeneous,4.0,km_spec,20,0.0,0.4483148148148148,0.0,1215.1022667130774,21474.528581386883
k3_heterogeneous,4.0,km_spec_degree,20,0.0,0.4603611111111111,0.0,422.66973325122564,4938.923139351224
k3_heterogeneous,4.0,poisson_gaussian,20,0.0,0.4775185185185185,0.0,613.0704274577395,3933.310623099945
k3_heterogeneous,4.0,spectral_bernoulli_surrogate,20,5.0,0.45956790123456787,0.0962962962962963,259.4254137809141,1865.4147584988934
k3_heterogeneous,6.0,gmm_full_neighbor_degree,20,0.0,0.47525000000000006,0.0,205.5514152858565,1145.5450434580805
k3_heterogeneous,6.0,gmm_full_spec,20,0.0,0.4849259259259259,0.0,928.621066323664,11360.820621967618
k3_heterogeneous,6.0,gmm_full_spec_degree,20,0.0,0.48644444444444446,0.0,606.3792765220758,5545.561910041518
k3_heterogeneous,6.0,gmm_tied_spec,20,0.0,0.3680277777777778,0.0,14.281623034039885,42.827274843421456
k3_heterogeneous,6.0,km_ASE,20,0.0,0.32622222222222225,0.0,29.218403841119603,429.8574906292714
k3_heterogeneous,6.0,km_RRE,20,0.0,0.34382407407407406,0.0,15.017683565767943,107.55002784461844
k3_heterogeneous,6.0,km_classic_U,20,0.0,0.3031203703703704,0.0,6.878587832553829,34.71769439893442
k3_heterogeneous,6.0,km_neighbor_degree,20,0.0,0.45975925925925926,0.0,1266.416569156051,21392.102613320047
k3_heterogeneous,6.0,km_spec,20,0.0,0.3629537037037037,0.0,60.69849179803098,819.82409900802
k3_heterogeneous,6.0,km_spec_degree,20,0.0,0.4605740740740741,0.0,236.7113019968363,2232.8862324428187
k3_heterogeneous,6.0,poisson_gaussian,20,0.0,0.4806851851851852,0.0,158.8686253706207,638.1024572425576
k3_heterogeneous,6.0,spectral_bernoulli_surrogate,20,5.0,0.4655925925925926,0.05185185185185184,5.68602511393928e+16,9.097640182302835e+17
k3_heterogeneous,12.0,gmm_full_neighbor_degree,20,0.0,0.45612962962962966,0.0,676.6799284263677,11733.607905629564
k3_heterogeneous,12.0,gmm_full_spec,20,0.0,0.43828703703703703,0.0,146.8464985438333,758.7715981099527
k3_heterogeneous,12.0,gmm_full_spec_degree,20,0.0,0.46604629629629635,0.0,149.6047316303869,411.40577881158237
k3_heterogeneous,12.0,gmm_tied_spec,20,0.0,0.22500925925925927,0.0,2.8079769015114033,3.53486916271358
k3_heterogeneous,12.0,km_ASE,20,0.0,0.20973148148148146,0.0,2.453670611155285,2.537148681426447
k3_heterogeneous,12.0,km_RRE,20,0.0,0.21052777777777779,0.0,2.464332313044087,2.528379782646991
k3_heterogeneous,12.0,km_classic_U,20,0.0,0.21075,0.0,2.4423985473420484,2.546684208203801
k3_heterogeneous,12.0,km_neighbor_degree,20,0.0,0.48486111111111113,0.0,271.850793595989,1310.6227643759853
k3_heterogeneous,12.0,km_spec,20,0.0,0.20978703703703702,0.0,2.455108351313199,2.526655927540947
k3_heterogeneous,12.0,km_spec_degree,20,0.0,0.21562962962962962,0.0,2.525431195828055,2.623813487732653
k3_heterogeneous,12.0,poisson_gaussian,20,0.0,0.4679722222222222,0.0,126.58797410513725,632.6505337945824
k3_heterogeneous,12.0,spectral_bernoulli_surrogate,20,0.0,0.45142592592592595,0.08333333333333333,232.74587440918177,1464.771737553643
k3_heterogeneous,24.0,gmm_full_neighbor_degree,20,0.0,0.39319444444444446,0.0,110.63410587920387,322.71993765302307
k3_heterogeneous,24.0,gmm_full_spec,20,1.0,0.4253021442495126,0.0,120183.56434888983,2400233.7841744116
k3_heterogeneous,24.0,gmm_full_spec_degree,20,0.0,0.44627777777777783,0.0,500.73499929254683,4848.187836867129
k3_heterogeneous,24.0,gmm_tied_spec,20,0.0,0.13350925925925927,0.0,2.355273713515934,2.729525754330716
k3_heterogeneous,24.0,km_ASE,20,0.0,0.11871296296296296,0.0,2.144158897242917,2.1622385776506166
k3_heterogeneous,24.0,km_RRE,20,0.0,0.1189814814814815,0.0,2.1463116728458393,2.1628998207161367
k3_heterogeneous,24.0,km_classic_U,20,0.0,0.11942592592592594,0.0,2.151752114670466,2.173963981113807
k3_heterogeneous,24.0,km_neighbor_degree,20,0.0,0.46369444444444446,0.0,164.90352832561177,765.7906760945532
k3_heterogeneous,24.0,km_spec,20,0.0,0.11871296296296296,0.0,2.1444743597698084,2.165786378082152
k3_heterogeneous,24.0,km_spec_degree,20,0.0,0.13873148148148148,0.0,8.580559750609046,130.46994132802035
k3_heterogeneous,24.0,poisson_gaussian,20,0.0,0.46255555555555555,0.0,655.5399155179829,8886.717237865232
k3_heterogeneous,24.0,spectral_bernoulli_surrogate,20,0.0,0.4716666666666667,0.0,435.63833768436973,3368.728588745814
k3_heterogeneous,64.0,gmm_full_neighbor_degree,20,0.0,0.46005555555555555,0.0,746.7974878174,9162.647574951667
k3_heterogeneous,64.0,gmm_full_spec,20,0.0,0.4171666666666667,0.0,224.8106301213291,1135.218224366714
k3_heterogeneous,64.0,gmm_full_spec_degree,20,0.0,0.45061111111111113,0.0,595.2375230674138,6828.756572640734
k3_heterogeneous,64.0,gmm_tied_spec,20,0.0,0.3113148148148148,0.0,593.6598011555357,6876.889777061641
k3_heterogeneous,64.0,km_ASE,20,0.0,0.043925925925925924,0.0,2.075383721854175,2.0910674851153193
k3_heterogeneous,64.0,km_RRE,20,0.0,0.04394444444444444,0.0,2.0756010326293866,2.091293289844426
k3_heterogeneous,64.0,km_classic_U,20,0.0,0.04375,0.0,2.0737022539597367,2.0840917221355126
k3_heterogeneous,64.0,km_neighbor_degree,20,0.0,0.46399074074074076,0.0,825.9087886230988,7056.54956144943
k3_heterogeneous,64.0,km_spec,20,0.0,0.043861111111111115,0.0,2.075054277899932,2.0910674851153193
k3_heterogeneous,64.0,km_spec_degree,20,0.0,0.04390740740740741,0.0,2.0755101978035357,2.0900089024613546
k3_heterogeneous,64.0,poisson_gaussian,20,0.0,0.4615648148148148,0.0,572.5250097424184,3001.090433992928
k3_heterogeneous,64.0,spectral_bernoulli_surrogate,20,0.0,0.4535925925925926,0.0,415.55568685595415,2359.0628564266876
k3_heterogeneous,96.0,gmm_full_neighbor_degree,20,0.0,0.004842592592592593,0.0,1.1606690683395493,1.1766644285854786
k3_heterogeneous,96.0,gmm_full_spec,20,0.0,0.004888888888888889,0.0,1.1604295543938907,1.176515840398287
k3_heterogeneous,96.0,gmm_full_spec_degree,20,0.0,0.004898148148148148,0.0,1.1606867552363724,1.1769377955928189
k3_heterogeneous,96.0,gmm_tied_spec,20,0.0,0.00475,0.0,1.1627226083779303,1.1789858742480395
k3_heterogeneous,96.0,km_ASE,20,0.0,0.004435185185185185,0.0,1.1590463142310443,1.1751942271923346
k3_heterogeneous,96.0,km_RRE,20,0.0,0.004722222222222222,0.0,1.1610664531085249,1.1766507868187661
k3_heterogeneous,96.0,km_classic_U,20,0.0,0.004157407407407407,0.0,1.158513359413918,1.1768883674005564
k3_heterogeneous,96.0,km_neighbor_degree,20,0.0,0.004925925925925926,0.0,1.1585657619348226,1.1743178315084912
k3_heterogeneous,96.0,km_spec,20,0.0,0.004361111111111112,0.0,1.158220254763797,1.175759547770401
k3_heterogeneous,96.0,km_spec_degree,20,0.0,0.004601851851851852,0.0,1.159990001990355,1.177111471604209
k3_heterogeneous,96.0,poisson_gaussian,20,0.0,0.004861111111111111,0.0,1.1606431087986497,1.1766644285854782
k3_heterogeneous,96.0,spectral_bernoulli_surrogate,20,0.0,0.004833333333333334,0.0,1.1607427822070988,1.1763297791461496
k4_equal_degree,4.0,gmm_full_neighbor_degree,20,0.0,0.4792847222222222,0.009375,215.50253322820086,537.5294710314115
k4_equal_degree,4.0,gmm_full_spec,20,0.0,0.4847708333333333,0.0,545.6862506081962,3812.2353932820783
k4_equal_degree,4.0,gmm_full_spec_degree,20,0.0,0.4845208333333334,0.0,3361.2704353835616,57617.7685311573
k4_equal_degree,4.0,gmm_tied_spec,20,2.0,0.42003086419753083,0.21180555555555555,70.74893930888366,314.24462834831365
k4_equal_degree,4.0,km_ASE,20,1.0,0.4118055555555556,0.009868421052631578,68.16423845525793,437.6958787725513
k4_equal_degree,4.0,km_RRE,20,1.0,0.4194956140350877,0.009868421052631578,926.7173130538611,16416.344119025853
k4_equal_degree,4.0,km_classic_U,20,1.0,0.4042982456140351,0.01644736842105263,51.76583265329183,471.1323852384735
k4_equal_degree,4.0,km_neighbor_degree,20,0.0,0.47905555555555557,0.003125,363.6295765546567,2345.1813456665714
k4_equal_degree,4.0,km_spec,20,0.0,0.47191666666666665,0.003125,116.40209128705567,400.1719889599104
k4_equal_degree,4.0,km_spec_degree,20,0.0,0.47482638888888895,0.003125,793.3342897579543,9971.62507257912
k4_equal_degree,4.0,poisson_gaussian,20,0.0,0.48288888888888887,0.00625,473.29791218766576,2533.311434507441
k4_equal_degree,4.0,spectral_bernoulli_surrogate,20,18.0,0.4746527777777778,0.125,97.27131320433888,171.22380331244818
k4_equal_degree,6.0,gmm_full_neighbor_degree,20,0.0,0.47465277777777776,0.0,127.03584781154102,998.3167919698068
k4_equal_degree,6.0,gmm_full_spec,20,0.0,0.4878958333333333,0.0,136.84523394078812,481.46102013074193
k4_equal_degree,6.0,gmm_full_spec_degree,20,0.0,0.48940972222222223,0.0,602.3436401083804,6127.947319351365
k4_equal_degree,6.0,gmm_tied_spec,20,0.0,0.43154861111111115,0.1125,33.74961947122746,132.12590598633236
k4_equal_degree,6.0,km_ASE,20,0.0,0.36972222222222223,0.003125,16.409199432487238,164.4297874398957
k4_equal_degree,6.0,km_RRE,20,0.0,0.4018541666666667,0.003125,66.15188076651432,1044.7634724758818
k4_equal_degree,6.0,km_classic_U,20,0.0,0.3446736111111111,0.00625,5.1251200897991565,10.957164707877789
k4_equal_degree,6.0,km_neighbor_degree,20,0.0,0.48405555555555557,0.003125,959.1416049909355,14394.408459485005
k4_equal_degree,6.0,km_spec,20,0.0,0.4816736111111111,0.0,122.49277017833283,381.7972826022101
k4_equal_degree,6.0,km_spec_degree,20,0.0,0.48969444444444443,0.0,333.1101770882291,964.8355605910857
k4_equal_degree,6.0,poisson_gaussian,20,0.0,0.484,0.003125,264.3141327797956,1567.6680707911046
k4_equal_degree,6.0,spectral_bernoulli_surrogate,20,17.0,0.48907407407407405,0.16666666666666666,1769.940492670986,5050.2088446664475
k4_equal_degree,12.0,gmm_full_neighbor_degree,20,0.0,0.41900000000000004,0.0,123.86977352609522,2002.0234257852467
k4_equal_degree,12.0,gmm_full_spec,20,0.0,0.4768888888888889,0.0,278.6151090680217,2403.8582337888324
k4_equal_degree,12.0,gmm_full_spec_degree,20,0.0,0.4765555555555555,0.0,4722.490340560095,51207.68350246887
k4_equal_degree,12.0,gmm_tied_spec,20,0.0,0.45131249999999995,0.046875,174.3738082293984,2814.8612518596897
k4_equal_degree,12.0,km_ASE,20,0.0,0.2626875,0.0,1.8071989715411712,2.104313957889078
k4_equal_degree,12.0,km_RRE,20,0.0,0.26617361111111115,0.0,1.99830105055431,2.5875503677377285
k4_equal_degree,12.0,km_classic_U,20,0.0,0.26306944444444447,0.0,1.7186789454991893,2.024302595607471
k4_equal_degree,12.0,km_neighbor_degree,20,0.0,0.47486805555555556,0.0,108.7667514576431,536.040611032661
k4_equal_degree,12.0,km_spec,20,0.0,0.47273611111111113,0.0,101.35106708290323,434.76240436467486
k4_equal_degree,12.0,km_spec_degree,20,0.0,0.48685416666666664,0.0,236.41861319452352,1948.8251550087612
k4_equal_degree,12.0,poisson_gaussian,20,0.0,0.46277083333333335,0.0,72.9112702894744,373.93198654141713
k4_equal_degree,12.0,spectral_bernoulli_surrogate,20,0.0,0.45852777777777776,0.128125,38.79672771662955,208.1332914336946
k4_equal_degree,24.0,gmm_full_neighbor_degree,20,0.0,0.4749513888888889,0.0,132.80620339064393,1142.447588018689
k4_equal_degree,24.0,gmm_full_spec,20,0.0,0.4413541666666667,0.0,138.7014586544451,738.9539726726799
k4_equal_degree,24.0,gmm_full_spec_degree,20,0.0,0.42422916666666666,0.0,125.38471861966977,1247.3780179251833
k4_equal_degree,24.0,gmm_tied_spec,20,0.0,0.4771736111111111,0.0,92.0691578100921,392.2743389635017
k4_equal_degree,24.0,km_ASE,20,0.0,0.4729652777777778,0.0,137.6901063755449,1083.2118018265342
k4_equal_degree,24.0,km_RRE,20,0.0,0.4732777777777778,0.0,86.28462109819527,399.3676114920342
k4_equal_degree,24.0,km_classic_U,20,0.0,0.4212291666666667,0.0,168.6663298382819,2355.968270665538
k4_equal_degree,24.0,km_neighbor_degree,20,0.0,0.4250902777777778,0.0,197.99181580857802,2674.4166465287963
k4_equal_degree,24.0,km_spec,20,0.0,0.44347916666666665,0.0,878.332116613821,13243.045407481588
k4_equal_degree,24.0,km_spec_degree,20,0.0,0.4719930555555556,0.0,219.98818028293508,2521.9249693676556
k4_equal_degree,24.0,poisson_gaussian,20,0.0,0.45481944444444444,0.0,240.79467748695984,2055.9536016922225
k4_equal_degree,24.0,spectral_bernoulli_surrogate,20,0.0,0.4653680555555556,0.1125,86.27947573489436,326.5054102485536
k4_equal_degree,64.0,gmm_full_neighbor_degree,20,0.0,0.41556944444444444,0.0,521.1845451747893,6407.877197621512
k4_equal_degree,64.0,gmm_full_spec,20,0.0,0.41575694444444444,0.0,530.0548597119941,6407.877197619363
k4_equal_degree,64.0,gmm_full_spec_degree,20,0.0,0.41563888888888884,0.0,285.40258215869187,1391.389675189895
k4_equal_degree,64.0,gmm_tied_spec,20,0.0,0.4154583333333333,0.0,511.25977448836164,6407.877197616908
k4_equal_degree,64.0,km_ASE,20,0.0,0.4140416666666667,0.0,758.559827290365,6407.87719761864
k4_equal_degree,64.0,km_RRE,20,0.0,0.41518055555555555,0.0,759.117759437501,6407.87719761392
k4_equal_degree,64.0,km_classic_U,20,0.0,0.4110138888888889,0.0,760.0477421229793,6407.87719761864
k4_equal_degree,64.0,km_neighbor_degree,20,0.0,0.39569444444444446,0.0,199.2366567804944,897.6415154539087
k4_equal_degree,64.0,km_spec,20,0.0,0.3937986111111111,0.0,943.3196101302594,13479.011440531996
k4_equal_degree,64.0,km_spec_degree,20,0.0,0.4412222222222222,0.0,88.80883652477326,390.14267126098014
k4_equal_degree,64.0,poisson_gaussian,20,0.0,0.41611111111111115,0.0,365.7502445152978,3325.609100836812
k4_equal_degree,64.0,spectral_bernoulli_surrogate,20,0.0,0.41580555555555554,0.0,546.6529953593714,6407.877197623927
k4_equal_degree,96.0,gmm_full_neighbor_degree,20,0.0,0.07670138888888889,0.0,11.819186459890691,107.5570928390507
k4_equal_degree,96.0,gmm_full_spec,20,0.0,0.07670138888888889,0.0,11.819186459890698,107.5570928390507
k4_equal_degree,96.0,gmm_full_spec_degree,20,0.0,0.07670138888888889,0.0,11.819186459890675,107.55709283905017
k4_equal_degree,96.0,gmm_tied_spec,20,0.0,0.07666666666666667,0.0,11.818569928077137,107.55709283905017
k4_equal_degree,96.0,km_ASE,20,0.0,0.0765,0.0,11.802672927892772,107.55709283904991
k4_equal_degree,96.0,km_RRE,20,0.0,0.0766388888888889,0.0,11.816495002115937,107.5570928390505
k4_equal_degree,96.0,km_classic_U,20,0.0,0.07715972222222223,0.0,11.690473707501402,107.55709283905047
k4_equal_degree,96.0,km_neighbor_degree,20,0.0,0.07715972222222223,0.0,10.896407636776296,101.93299165021968
k4_equal_degree,96.0,km_spec,20,0.0,0.07734027777777777,0.0,10.762285382260325,99.28627516860551
k4_equal_degree,96.0,km_spec_degree,20,0.0,0.4176111111111111,0.0,208.80768557773985,2139.373924933144
k4_equal_degree,96.0,poisson_gaussian,20,0.0,0.07670138888888889,0.0,11.819084831321907,107.55709283905028
k4_equal_degree,96.0,spectral_bernoulli_surrogate,20,0.0,0.07670833333333334,0.0,11.819489120224876,107.55709283905092
k4_hierarchical,4.0,gmm_full_neighbor_degree,20,0.0,0.48265277777777776,0.015625,30394.246313596792,570331.6048325866
k4_hierarchical,4.0,gmm_full_spec,20,0.0,0.48244444444444445,0.0,559.1614180096242,2134.3462304468303
k4_hierarchical,4.0,gmm_full_spec_degree,20,0.0,0.48263888888888895,0.0,1159.1727665735311,8664.476418956092
k4_hierarchical,4.0,gmm_tied_spec,20,0.0,0.41232638888888895,0.05625,412.091973338747,6675.912076502502
k4_hierarchical,4.0,km_ASE,20,0.0,0.41784027777777777,0.0125,264.18506186323714,1424.6088697884093
k4_hierarchical,4.0,km_RRE,20,0.0,0.4343958333333333,0.01875,1265.4193718945703,20736.778692831427
k4_hierarchical,4.0,km_classic_U,20,0.0,0.3972638888888889,0.01875,115.1183638451495,758.2607220299947
k4_hierarchical,4.0,km_neighbor_degree,20,0.0,0.4681805555555556,0.00625,654.70684216639,3303.730117574987
k4_hierarchical,4.0,km_spec,20,0.0,0.4493402777777778,0.0125,129.96684798470037,385.23659357514356
k4_hierarchical,4.0,km_spec_degree,20,0.0,0.4673333333333334,0.0,324.8105459288992,1703.7397077839603
k4_hierarchical,4.0,poisson_gaussian,20,0.0,0.48120833333333335,0.0,1655.3033515308794,20383.279555223213
k4_hierarchical,4.0,spectral_bernoulli_surrogate,20,5.0,0.4742222222222222,0.125,300.50461998901136,1444.2295074054662
k4_hierarchical,6.0,gmm_full_neighbor_degree,20,0.0,0.47883333333333333,0.0,691.565615531407,9596.814301929448
k4_hierarchical,6.0,gmm_full_spec,20,0.0,0.48888194444444444,0.0,321.5488141050779,2635.937424807455
k4_hierarchical,6.0,gmm_full_spec_degree,20,0.0,0.4882916666666667,0.0,214.0415473162991,668.7208327709692
k4_hierarchical,6.0,gmm_tied_spec,20,0.0,0.4213819444444445,0.034375,33.45211773096832,173.5373468254872
k4_hierarchical,6.0,km_ASE,20,0.0,0.36935416666666665,0.003125,41.98450190805276,625.8627457052963
k4_hierarchical,6.0,km_RRE,20,0.0,0.395,0.00625,95.86304354742592,771.5919474638238
k4_hierarchical,6.0,km_classic_U,20,0.0,0.35641666666666666,0.00625,6.393782124493038,24.243703624929385
k4_hierarchical,6.0,km_neighbor_degree,20,0.0,0.47027083333333336,0.0,212.0017132635374,1944.2635729575602
k4_hierarchical,6.0,km_spec,20,0.0,0.40478472222222217,0.0,44.69175112146722,266.31642393972
k4_hierarchical,6.0,km_spec_degree,20,0.0,0.4794583333333334,0.0,254.72019607387384,1883.247474596323
k4_hierarchical,6.0,poisson_gaussian,20,0.0,0.4876458333333334,0.0,249.67402247991413,1036.6895330071886
k4_hierarchical,6.0,spectral_bernoulli_surrogate,20,4.0,0.4851388888888889,0.13671875,622.2570695810668,4614.96046581679
k4_hierarchical,12.0,gmm_full_neighbor_degree,20,0.0,0.47102777777777777,0.01875,105.97772939262288,342.6715437400354
k4_hierarchical,12.0,gmm_full_spec,20,0.0,0.4795902777777778,0.0,493.83192952879836,6449.988395326951
k4_hierarchical,12.0,gmm_full_spec_degree,20,0.0,0.4797361111111111,0.0,199.29284789691945,760.4590624439868
k4_hierarchical,12.0,gmm_tied_spec,20,0.0,0.40794444444444444,0.00625,32.252168289839695,153.69863672454184
k4_hierarchical,12.0,km_ASE,20,0.0,0.271,0.0,2.184906017672519,3.1591969563140783
k4_hierarchical,12.0,km_RRE,20,0.0,0.2734722222222222,0.0,2.2625250015745086,3.2768802267575525
k4_hierarchical,12.0,km_classic_U,20,0.0,0.27043055555555556,0.0,2.153651453894029,3.0967322078099704
k4_hierarchical,12.0,km_neighbor_degree,20,0.0,0.4839652777777778,0.0,492.57006242249673,1881.0340414266436
k4_hierarchical,12.0,km_spec,20,0.0,0.27297916666666666,0.0,2.2589413683801243,3.2454919739352426
k4_hierarchical,12.0,km_spec_degree,20,0.0,0.3501944444444444,0.0,47.1807970802961,328.89261535095693
k4_hierarchical,12.0,poisson_gaussian,20,0.0,0.4845763888888889,0.0,402.6742329797481,2087.116525887077
k4_hierarchical,12.0,spectral_bernoulli_surrogate,20,0.0,0.48715277777777777,0.125,203.2852215718386,885.8236146886254
k4_hierarchical,24.0,gmm_full_neighbor_degree,20,0.0,0.4370763888888889,0.0,100.34839944155316,504.86383741112184
k4_hierarchical,24.0,gmm_full_spec,20,0.0,0.4051180555555556,0.0,5774.372717687629,113172.72882359535
k4_hierarchical,24.0,gmm_full_spec_degree,20,0.0,0.4248819444444444,0.0,1218.8757223847367,21845.00840049878
k4_hierarchical,24.0,gmm_tied_spec,20,0.0,0.2888958333333333,0.0,106.43598361304298,855.0872808788923
k4_hierarchical,24.0,km_ASE,20,0.0,0.17574305555555556,0.0,1.9156408799624127,1.9971630038768666
k4_hierarchical,24.0,km_RRE,20,0.0,0.18038888888888888,0.0,1.9975111545652677,2.1508606266902834
k4_hierarchical,24.0,km_classic_U,20,0.0,0.1752013888888889,0.0,1.8977918098475666,1.9672043379512587
k4_hierarchical,24.0,km_neighbor_degree,20,0.0,0.47205555555555556,0.0,214.22911308098773,539.8745830731184
k4_hierarchical,24.0,km_spec,20,0.0,0.17638888888888887,0.0,1.9324419728143165,2.0226635363368066
k4_hierarchical,24.0,km_spec_degree,20,0.0,0.18443055555555557,0.0,2.035165773217833,2.1206555566548015
k4_hierarchical,24.0,poisson_gaussian,20,0.0,0.4054722222222222,0.0,76.32387234631723,289.144449156345
k4_hierarchical,24.0,spectral_bernoulli_surrogate,20,0.0,0.42681250000000004,0.125,117.13592498652739,1187.5057351026155
k4_hierarchical,64.0,gmm_full_neighbor_degree,20,0.0,0.41700694444444447,0.0,374.73439886614085,3704.868568696523
k4_hierarchical,64.0,gmm_full_spec,20,0.0,0.2480138888888889,0.0,181.01949217816554,2956.9596095426955
k4_hierarchical,64.0,gmm_full_spec_degree,20,0.0,0.2405625,0.0,55.8640797432417,395.45110110690615
k4_hierarchical,64.0,gmm_tied_spec,20,0.0,0.41577777777777775,0.0,288.0490904569177,1991.1603396126886
k4_hierarchical,64.0,km_ASE,20,0.0,0.06994444444444445,0.0,1.9546573333440893,1.9913953457907005
k4_hierarchical,64.0,km_RRE,20,0.0,0.07185416666666666,0.0,1.9758031039282595,2.0003101182864915
k4_hierarchical,64.0,km_classic_U,20,0.0,0.06794444444444445,0.0,1.9248760218996648,1.9740310833198658
k4_hierarchical,64.0,km_neighbor_degree,20,0.0,0.46369444444444446,0.0,1043.1146523644431,13661.578207049877
k4_hierarchical,64.0,km_spec,20,0.0,0.06856944444444445,0.0,1.9378003448131473,1.9815452777602307
k4_hierarchical,64.0,km_spec_degree,20,0.0,0.07001388888888889,0.0,1.9572786433893516,1.9923478907912842
k4_hierarchical,64.0,poisson_gaussian,20,0.0,0.4425486111111111,0.0,512.1729393015238,4598.193543695753
k4_hierarchical,64.0,spectral_bernoulli_surrogate,20,0.0,0.44765972222222217,0.0,184.99976078097956,491.5313755349525
k4_hierarchical,96.0,gmm_full_neighbor_degree,20,0.0,0.4072638888888889,0.0,207.616018618722,730.5848364727876
k4_hierarchical,96.0,gmm_full_spec,20,1.0,0.19997807017543862,0.0,48.821812746226385,489.9884138120964
k4_hierarchical,96.0,gmm_full_spec_degree,20,0.0,0.30009027777777775,0.0,951.6013811683537,16411.206745507432
k4_hierarchical,96.0,gmm_tied_spec,20,0.0,0.3797152777777778,0.0,213.7281395703181,709.0743769364472
k4_hierarchical,96.0,km_ASE,20,0.0,0.04781944444444444,0.0,1.9877671412329736,2.0031018039840442
k4_hierarchical,96.0,km_RRE,20,0.0,0.06715277777777777,0.0,7.119588361186987,104.43270728652939
k4_hierarchical,96.0,km_classic_U,20,0.0,0.04590972222222222,0.0,1.9621983674236823,1.9926350948886085
k4_hierarchical,96.0,km_neighbor_degree,20,0.0,0.42408333333333337,0.0,863.7029545026953,5591.478789666775
k4_hierarchical,96.0,km_spec,20,0.0,0.04665972222222222,0.0,1.972658765815146,1.9949342554469454
k4_hierarchical,96.0,km_spec_degree,20,0.0,0.0474375,0.0,1.9834206368702407,2.004867886542767
k4_hierarchical,96.0,poisson_gaussian,20,0.0,0.42065972222222225,0.0,397.38143664215045,2723.50255302106
k4_hierarchical,96.0,spectral_bernoulli_surrogate,20,0.0,0.42313888888888884,0.0,471.78260494116785,3529.3976378356033
