model,degree_target,method,repetitions,delta_mean,improved,worsened
k2_symmetric,4.0,gmm_full_neighbor_degree,20,-0.022999999999999986,14,6
k2_symmetric,4.0,gmm_full_spec,20,-0.019027777777777782,11,8
k2_symmetric,4.0,gmm_full_spec_degree,20,-0.02508333333333334,12,7
k2_symmetric,4.0,gmm_tied_spec,20,-0.006250000000000017,19,1
k2_symmetric,4.0,km_ASE,20,-0.0012777777777777887,12,8
k2_symmetric,4.0,km_RRE,20,-0.0015555555555555544,14,5
k2_symmetric,4.0,km_classic_U,20,-0.0013611111111111295,12,8
k2_symmetric,4.0,km_neighbor_degree,20,-0.003277777777777785,10,8
k2_symmetric,4.0,km_spec,20,-0.004777777777777775,12,8
k2_symmetric,4.0,km_spec_degree,20,-0.004583333333333323,9,11
k2_symmetric,4.0,poisson_gaussian,20,-0.031527777777777766,14,6
k2_symmetric,4.0,spectral_bernoulli_surrogate,20,-0.022999999999999993,5,2
k2_symmetric,6.0,gmm_full_neighbor_degree,20,-0.031055555555555576,20,0
k2_symmetric,6.0,gmm_full_spec,20,-0.04433333333333335,20,0
k2_symmetric,6.0,gmm_full_spec_degree,20,-0.05477777777777778,20,0
k2_symmetric,6.0,gmm_tied_spec,20,-0.034138888888888885,20,0
k2_symmetric,6.0,km_ASE,20,-0.00575000000000001,16,2
k2_symmetric,6.0,km_RRE,20,-0.010555555555555568,18,1
k2_symmetric,6.0,km_classic_U,20,-0.004555555555555574,18,1
k2_symmetric,6.0,km_neighbor_degree,20,-0.052722222222222226,18,2
k2_symmetric,6.0,km_spec,20,-0.05294444444444444,20,0
k2_symmetric,6.0,km_spec_degree,20,-0.03177777777777779,16,3
k2_symmetric,6.0,poisson_gaussian,20,-0.019361111111111114,19,1
k2_symmetric,6.0,spectral_bernoulli_surrogate,20,-0.003944444444444445,5,0
k2_symmetric,12.0,gmm_full_neighbor_degree,20,-0.0009999999999999788,10,6
k2_symmetric,12.0,gmm_full_spec,20,-0.0011388888888888948,10,6
k2_symmetric,12.0,gmm_full_spec_degree,20,-0.0018055555555555492,15,4
k2_symmetric,12.0,gmm_tied_spec,20,-0.09247222222222222,18,2
k2_symmetric,12.0,km_ASE,20,-2.777777777778212e-05,6,6
k2_symmetric,12.0,km_RRE,20,0.00011111111111110072,5,7
k2_symmetric,12.0,km_classic_U,20,0.00011111111111110628,7,8
k2_symmetric,12.0,km_neighbor_degree,20,-0.000500000000000006,11,6
k2_symmetric,12.0,km_spec,20,-0.029055555555555557,17,1
k2_symmetric,12.0,km_spec_degree,20,-0.13474999999999998,20,0
k2_symmetric,12.0,poisson_gaussian,20,-0.0007777777777777939,11,8
k2_symmetric,12.0,spectral_bernoulli_surrogate,20,5.555555555556424e-05,6,6
k2_symmetric,24.0,gmm_full_neighbor_degree,20,-8.333333333332971e-05,4,1
k2_symmetric,24.0,gmm_full_spec,20,-8.333333333332971e-05,4,1
k2_symmetric,24.0,gmm_full_spec_degree,20,-0.00016666666666666495,6,0
k2_symmetric,24.0,gmm_tied_spec,20,0.0,2,2
k2_symmetric,24.0,km_ASE,20,0.0,0,0
k2_symmetric,24.0,km_RRE,20,-2.777777777778212e-05,1,0
k2_symmetric,24.0,km_classic_U,20,0.0,0,0
k2_symmetric,24.0,km_neighbor_degree,20,-0.016027777777777773,4,1
k2_symmetric,24.0,km_spec,20,-0.0026944444444444602,12,1
k2_symmetric,24.0,km_spec_degree,20,-0.23783333333333334,20,0
k2_symmetric,24.0,poisson_gaussian,20,-0.00013888888888888284,5,0
k2_symmetric,24.0,spectral_bernoulli_surrogate,20,0.0,0,0
k2_symmetric,64.0,gmm_full_neighbor_degree,20,0.0,0,0
k2_symmetric,64.0,gmm_full_spec,20,0.0,0,0
k2_symmetric,64.0,gmm_full_spec_degree,20,0.0,0,0
k2_symmetric,64.0,gmm_tied_spec,20,0.0,0,0
k2_symmetric,64.0,km_ASE,20,0.0,0,0
k2_symmetric,64.0,km_RRE,20,0.0,0,0
k2_symmetric,64.0,km_classic_U,20,0.0,0,0
k2_symmetric,64.0,km_neighbor_degree,20,0.0,0,0
k2_symmetric,64.0,km_spec,20,-0.00011111111111110628,3,0
k2_symmetric,64.0,km_spec_degree,20,-0.42363888888888895,20,0
k2_symmetric,64.0,poisson_gaussian,20,0.0,0,0
k2_symmetric,64.0,spectral_bernoulli_surrogate,20,0.0,0,0
k2_symmetric,96.0,gmm_full_neighbor_degree,20,0.0,0,0
k2_symmetric,96.0,gmm_full_spec,20,0.0,0,0
k2_symmetric,96.0,gmm_full_spec_degree,20,0.0,0,0
k2_symmetric,96.0,gmm_tied_spec,20,0.0,0,0
k2_symmetric,96.0,km_ASE,20,0.0,0,0
k2_symmetric,96.0,km_RRE,20,0.0,0,0
k2_symmetric,96.0,km_classic_U,20,0.0,0,0
k2_symmetric,96.0,km_neighbor_degree,20,0.0,0,0
k2_symmetric,96.0,km_spec,20,0.0,0,0
k2_symmetric,96.0,km_spec_degree,20,-0.44816666666666666,20,0
k2_symmetric,96.0,poisson_gaussian,20,0.0,0,0
k2_symmetric,96.0,spectral_bernoulli_surrogate,20,0.0,0,0
k3_disassortative,4.0,gmm_full_neighbor_degree,20,-0.10611111111111109,20,0
k3_disassortative,4.0,gmm_full_spec,20,-0.03325000000000001,14,6
k3_disassortative,4.0,gmm_full_spec_degree,20,-0.03480555555555555,12,8
k3_disassortative,4.0,gmm_tied_spec,20,-0.04127777777777775,18,2
k3_disassortative,4.0,km_ASE,20,0.001500000000000007,12,8
k3_disassortative,4.0,km_RRE,20,2.7777777777798772e-05,13,7
k3_disassortative,4.0,km_classic_U,20,-0.00969444444444446,15,5
k3_disassortative,4.0,km_neighbor_degree,20,0.06755555555555556,4,16
k3_disassortative,4.0,km_spec,20,0.02063888888888888,8,12
k3_disassortative,4.0,km_spec_degree,20,0.04669444444444443,6,14
k3_disassortative,4.0,poisson_gaussian,20,-0.06477777777777777,17,3
k3_disassortative,4.0,spectral_bernoulli_surrogate,20,-0.006944444444444453,6,8
k3_disassortative,6.0,gmm_full_neighbor_degree,20,0.024416666666666653,9,11
k3_disassortative,6.0,gmm_full_spec,20,-0.014305555555555561,13,7
k3_disassortative,6.0,gmm_full_spec_degree,20,-0.03311111111111113,15,5
k3_disassortative,6.0,gmm_tied_spec,20,0.0445,5,14
k3_disassortative,6.0,km_ASE,20,0.06699999999999999,4,16
k3_disassortative,6.0,km_RRE,20,0.10325,2,18
k3_disassortative,6.0,km_classic_U,20,0.025388888888888912,10,10
k3_disassortative,6.0,km_neighbor_degree,20,0.159,0,20
k3_disassortative,6.0,km_spec,20,0.12366666666666667,1,19
k3_disassortative,6.0,km_spec_degree,20,0.14472222222222222,0,20
k3_disassortative,6.0,poisson_gaussian,20,0.07336111111111111,7,13
k3_disassortative,6.0,spectral_bernoulli_surrogate,20,0.06830555555555555,3,16
k3_disassortative,12.0,gmm_full_neighbor_degree,20,0.1026111111111111,2,18
k3_disassortative,12.0,gmm_full_spec,20,0.23830555555555555,3,17
k3_disassortative,12.0,gmm_full_spec_degree,20,0.28358333333333335,1,19
k3_disassortative,12.0,gmm_tied_spec,20,0.2140277777777778,0,20
k3_disassortative,12.0,km_ASE,20,0.04163888888888888,1,19
k3_disassortative,12.0,km_RRE,20,0.23177777777777778,0,20
k3_disassortative,12.0,km_classic_U,20,-0.006555555555555553,14,6
k3_disassortative,12.0,km_neighbor_degree,20,0.15366666666666667,1,19
k3_disassortative,12.0,km_spec,20,0.26483333333333337,0,20
k3_disassortative,12.0,km_spec_degree,20,0.28227777777777774,0,20
k3_disassortative,12.0,poisson_gaussian,20,0.28983333333333333,0,20
k3_disassortative,12.0,spectral_bernoulli_surrogate,20,0.14041666666666666,2,18
k3_disassortative,24.0,gmm_full_neighbor_degree,20,0.4500277777777778,0,20
k3_disassortative,24.0,gmm_full_spec,20,0.3958611111111111,0,20
k3_disassortative,24.0,gmm_full_spec_degree,20,0.4337777777777778,0,20
k3_disassortative,24.0,gmm_tied_spec,20,0.4395833333333333,0,20
k3_disassortative,24.0,km_ASE,20,0.027805555555555535,0,20
k3_disassortative,24.0,km_RRE,20,0.43549999999999994,0,20
k3_disassortative,24.0,km_classic_U,20,-0.016916666666666663,19,0
k3_disassortative,24.0,km_neighbor_degree,20,0.11969444444444441,9,11
k3_disassortative,24.0,km_spec,20,0.37863888888888886,0,20
k3_disassortative,24.0,km_spec_degree,20,0.40330555555555553,0,20
k3_disassortative,24.0,poisson_gaussian,20,0.43280555555555555,0,20
k3_disassortative,24.0,spectral_bernoulli_surrogate,20,0.3646111111111111,0,20
k3_disassortative,64.0,gmm_full_neighbor_degree,20,0.45575,0,20
k3_disassortative,64.0,gmm_full_spec,20,0.4544722222222222,0,20
k3_disassortative,64.0,gmm_full_spec_degree,20,0.44911111111111107,0,20
k3_disassortative,64.0,gmm_tied_spec,20,0.4299722222222222,0,20
k3_disassortative,64.0,km_ASE,20,0.4339444444444444,0,20
k3_disassortative,64.0,km_RRE,20,0.42925,0,20
k3_disassortative,64.0,km_classic_U,20,-0.02305555555555554,20,0
k3_disassortative,64.0,km_neighbor_degree,20,0.38475,0,20
k3_disassortative,64.0,km_spec,20,0.35730555555555554,0,20
k3_disassortative,64.0,km_spec_degree,20,0.38055555555555554,0,20
k3_disassortative,64.0,poisson_gaussian,20,0.4527222222222222,0,20
k3_disassortative,64.0,spectral_bernoulli_surrogate,20,0.4560833333333333,0,20
k3_disassortative,96.0,gmm_full_neighbor_degree,20,0.38472222222222224,0,20
k3_disassortative,96.0,gmm_full_spec,20,0.3833333333333333,0,20
k3_disassortative,96.0,gmm_full_spec_degree,20,0.3839444444444445,0,20
k3_disassortative,96.0,gmm_tied_spec,20,0.3801111111111111,0,20
k3_disassortative,96.0,km_ASE,20,0.37750000000000006,0,20
k3_disassortative,96.0,km_RRE,20,0.3795277777777778,0,20
k3_disassortative,96.0,km_classic_U,20,-0.03036111111111111,20,0
k3_disassortative,96.0,km_neighbor_degree,20,0.3410833333333333,0,20
k3_disassortative,96.0,km_spec,20,0.35886111111111113,0,20
k3_disassortative,96.0,km_spec_degree,20,0.3586944444444445,0,20
k3_disassortative,96.0,poisson_gaussian,20,0.38313888888888886,0,20
k3_disassortative,96.0,spectral_bernoulli_surrogate,20,0.38463888888888886,0,20
k3_equal_degree,4.0,gmm_full_neighbor_degree,20,-0.032027777777777766,16,4
k3_equal_degree,4.0,gmm_full_spec,20,-0.03424999999999998,15,5
k3_equal_degree,4.0,gmm_full_spec_degree,20,-0.03613888888888888,18,2
k3_equal_degree,4.0,gmm_tied_spec,20,-0.07375000000000001,20,0
k3_equal_degree,4.0,km_ASE,20,-0.005611111111111111,14,6
k3_equal_degree,4.0,km_RRE,20,-0.007055555555555548,13,6
k3_equal_degree,4.0,km_classic_U,20,-0.007722222222222241,12,8
k3_equal_degree,4.0,km_neighbor_degree,20,0.03000000000000001,5,14
k3_equal_degree,4.0,km_spec,20,0.018305555555555558,6,14
k3_equal_degree,4.0,km_spec_degree,20,0.04011111111111112,2,18
k3_equal_degree,4.0,poisson_gaussian,20,-0.033444444444444416,15,4
k3_equal_degree,4.0,spectral_bernoulli_surrogate,20,-0.011083333333333324,4,4
k3_equal_degree,6.0,gmm_full_neighbor_degree,20,0.05874999999999999,6,14
k3_equal_degree,6.0,gmm_full_spec,20,-0.004722222222222211,13,7
k3_equal_degree,6.0,gmm_full_spec_degree,20,-0.013111111111111119,12,8
k3_equal_degree,6.0,gmm_tied_spec,20,-0.038749999999999986,17,3
k3_equal_degree,6.0,km_ASE,20,-0.02602777777777779,20,0
k3_equal_degree,6.0,km_RRE,20,-0.017972222222222223,18,2
k3_equal_degree,6.0,km_classic_U,20,-0.020611111111111118,20,0
k3_equal_degree,6.0,km_neighbor_degree,20,0.09983333333333334,1,19
k3_equal_degree,6.0,km_spec,20,0.08819444444444442,0,20
k3_equal_degree,6.0,km_spec_degree,20,0.10388888888888892,0,20
k3_equal_degree,6.0,poisson_gaussian,20,0.08183333333333334,4,16
k3_equal_degree,6.0,spectral_bernoulli_surrogate,20,0.09875,4,16
k3_equal_degree,12.0,gmm_full_neighbor_degree,20,0.0014999999999999957,15,5
k3_equal_degree,12.0,gmm_full_spec,20,0.06963888888888889,5,15
k3_equal_degree,12.0,gmm_full_spec_degree,20,0.08155555555555556,2,18
k3_equal_degree,12.0,gmm_tied_spec,20,-0.08936111111111111,19,1
k3_equal_degree,12.0,km_ASE,20,-0.023388888888888886,20,0
k3_equal_degree,12.0,km_RRE,20,-0.02341666666666666,20,0
k3_equal_degree,12.0,km_classic_U,20,-0.02580555555555557,20,0
k3_equal_degree,12.0,km_neighbor_degree,20,-0.04438888888888888,17,3
k3_equal_degree,12.0,km_spec,20,-0.07419444444444445,18,2
k3_equal_degree,12.0,km_spec_degree,20,0.008305555555555566,8,12
k3_equal_degree,12.0,poisson_gaussian,20,0.011333333333333351,14,6
k3_equal_degree,12.0,spectral_bernoulli_surrogate,20,0.09611111111111112,5,15
k3_equal_degree,24.0,gmm_full_neighbor_degree,20,-0.0006111111111111345,12,7
k3_equal_degree,24.0,gmm_full_spec,20,-0.0027777777777777844,14,4
k3_equal_degree,24.0,gmm_full_spec_degree,20,-0.0029444444444444553,15,3
k3_equal_degree,24.0,gmm_tied_spec,20,-0.01413888888888889,20,0
k3_equal_degree,24.0,km_ASE,20,-0.0074722222222222134,20,0
k3_equal_degree,24.0,km_RRE,20,-0.005444444444444446,19,0
k3_equal_degree,24.0,km_classic_U,20,-0.010166666666666652,20,0
k3_equal_degree,24.0,km_neighbor_degree,20,-0.010249999999999987,20,0
k3_equal_degree,24.0,km_spec,20,-0.014527777777777778,20,0
k3_equal_degree,24.0,km_spec_degree,20,-0.1428333333333333,20,0
k3_equal_degree,24.0,poisson_gaussian,20,-0.0006388888888888888,12,5
k3_equal_degree,24.0,spectral_bernoulli_surrogate,20,0.0004444444444444473,9,11
k3_equal_degree,64.0,gmm_full_neighbor_degree,20,-5.555555555555314e-05,2,0
k3_equal_degree,64.0,gmm_full_spec,20,-5.555555555555314e-05,2,0
k3_equal_degree,64.0,gmm_full_spec_degree,20,-5.555555555555314e-05,2,0
k3_equal_degree,64.0,gmm_tied_spec,20,-0.0002499999999999891,7,0
k3_equal_degree,64.0,km_ASE,20,-0.0003611111111110954,10,1
k3_equal_degree,64.0,km_RRE,20,-0.00030555555555554227,9,1
k3_equal_degree,64.0,km_classic_U,20,-0.0004999999999999837,11,0
k3_equal_degree,64.0,km_neighbor_degree,20,-0.0004444444444444251,12,0
k3_equal_degree,64.0,km_spec,20,-0.0005555555555555314,13,0
k3_equal_degree,64.0,km_spec_degree,20,-0.22227777777777774,20,0
k3_equal_degree,64.0,poisson_gaussian,20,-2.777777777777657e-05,1,0
k3_equal_degree,64.0,spectral_bernoulli_surrogate,20,0.0,0,0
k3_equal_degree,96.0,gmm_full_neighbor_degree,20,0.0,0,0
k3_equal_degree,96.0,gmm_full_spec,20,0.0,0,0
k3_equal_degree,96.0,gmm_full_spec_degree,20,0.0,0,0
k3_equal_degree,96.0,gmm_tied_spec,20,0.0,0,0
k3_equal_degree,96.0,km_ASE,20,0.0,0,0
k3_equal_degree,96.0,km_RRE,20,0.0,0,0
k3_equal_degree,96.0,km_classic_U,20,0.0,0,0
k3_equal_degree,96.0,km_neighbor_degree,20,0.0,0,0
k3_equal_degree,96.0,km_spec,20,-2.777777777777657e-05,1,0
k3_equal_degree,96.0,km_spec_degree,20,-0.17755555555555555,18,0
k3_equal_degree,96.0,poisson_gaussian,20,0.0,0,0
k3_equal_degree,96.0,spectral_bernoulli_surrogate,20,0.0,0,0
k3_heterogeneous,4.0,gmm_full_neighbor_degree,20,0.13058333333333333,0,20
k3_heterogeneous,4.0,gmm_full_spec,20,0.15708333333333335,0,20
k3_heterogeneous,4.0,gmm_full_spec_degree,20,0.15688888888888888,0,20
k3_heterogeneous,4.0,gmm_tied_spec,20,0.0013333333333333142,10,9
k3_heterogeneous,4.0,km_ASE,20,0.016000000000000014,8,12
k3_heterogeneous,4.0,km_RRE,20,0.030694444444444458,5,14
k3_heterogeneous,4.0,km_classic_U,20,-0.0039722222222222155,13,6
k3_heterogeneous,4.0,km_neighbor_degree,20,0.09202777777777779,1,19
k3_heterogeneous,4.0,km_spec,20,0.036250000000000004,4,16
k3_heterogeneous,4.0,km_spec_degree,20,0.05263888888888888,1,19
k3_heterogeneous,4.0,poisson_gaussian,20,0.15463888888888888,0,20
k3_heterogeneous,4.0,spectral_bernoulli_surrogate,20,0.019972222222222214,5,10
k3_heterogeneous,6.0,gmm_full_neighbor_degree,20,0.21613888888888888,0,20
k3_heterogeneous,6.0,gmm_full_spec,20,0.25344444444444447,0,20
k3_heterogeneous,6.0,gmm_full_spec_degree,20,0.27375,0,20
k3_heterogeneous,6.0,gmm_tied_spec,20,-0.03297222222222222,19,0
k3_heterogeneous,6.0,km_ASE,20,-0.013638888888888917,17,3
k3_heterogeneous,6.0,km_RRE,20,-0.014777777777777801,16,4
k3_heterogeneous,6.0,km_classic_U,20,-0.02316666666666667,18,2
k3_heterogeneous,6.0,km_neighbor_degree,20,0.09177777777777779,6,14
k3_heterogeneous,6.0,km_spec,20,-0.0065000000000000335,14,6
k3_heterogeneous,6.0,km_spec_degree,20,0.028166666666666684,10,9
k3_heterogeneous,6.0,poisson_gaussian,20,0.2512777777777778,0,20
k3_heterogeneous,6.0,spectral_bernoulli_surrogate,20,0.0315,4,11
k3_heterogeneous,12.0,gmm_full_neighbor_degree,20,0.2765277777777778,0,20
k3_heterogeneous,12.0,gmm_full_spec,20,0.34408333333333335,0,20
k3_heterogeneous,12.0,gmm_full_spec_degree,20,0.4009722222222222,1,19
k3_heterogeneous,12.0,gmm_tied_spec,20,-0.0046944444444444455,14,6
k3_heterogeneous,12.0,km_ASE,20,-0.009888888888888886,20,0
k3_heterogeneous,12.0,km_RRE,20,-0.0074166666666666435,20,0
k3_heterogeneous,12.0,km_classic_U,20,-0.013916666666666671,20,0
k3_heterogeneous,12.0,km_neighbor_degree,20,0.36086111111111113,0,20
k3_heterogeneous,12.0,km_spec,20,-0.00816666666666666,20,0
k3_heterogeneous,12.0,km_spec_degree,20,-0.010138888888888881,20,0
k3_heterogeneous,12.0,poisson_gaussian,20,0.4182777777777778,0,20
k3_heterogeneous,12.0,spectral_bernoulli_surrogate,20,0.1716388888888889,3,17
k3_heterogeneous,24.0,gmm_full_neighbor_degree,20,0.3872777777777778,0,20
k3_heterogeneous,24.0,gmm_full_spec,20,0.39805555555555555,0,19
k3_heterogeneous,24.0,gmm_full_spec_degree,20,0.45444444444444443,0,20
k3_heterogeneous,24.0,gmm_tied_spec,20,0.02697222222222222,1,18
k3_heterogeneous,24.0,km_ASE,20,-0.00041666666666667076,13,6
k3_heterogeneous,24.0,km_RRE,20,-8.33333333333186e-05,11,7
k3_heterogeneous,24.0,km_classic_U,20,-0.002666666666666667,17,2
k3_heterogeneous,24.0,km_neighbor_degree,20,0.40038888888888885,0,20
k3_heterogeneous,24.0,km_spec,20,-0.0005555555555555481,13,5
k3_heterogeneous,24.0,km_spec_degree,20,0.017083333333333322,16,4
k3_heterogeneous,24.0,poisson_gaussian,20,0.49427777777777776,0,20
k3_heterogeneous,24.0,spectral_bernoulli_surrogate,20,0.43144444444444446,0,20
k3_heterogeneous,64.0,gmm_full_neighbor_degree,20,0.56875,0,20
k3_heterogeneous,64.0,gmm_full_spec,20,0.48944444444444446,0,20
k3_heterogeneous,64.0,gmm_full_spec_degree,20,0.5279722222222223,0,20
k3_heterogeneous,64.0,gmm_tied_spec,20,0.34711111111111115,0,20
k3_heterogeneous,64.0,km_ASE,20,5.555555555555314e-05,10,8
k3_heterogeneous,64.0,km_RRE,20,0.0002499999999999836,9,9
k3_heterogeneous,64.0,km_classic_U,20,-0.00036111111111111207,10,9
k3_heterogeneous,64.0,km_neighbor_degree,20,0.5705555555555556,0,20
k3_heterogeneous,64.0,km_spec,20,-0.00016666666666667607,10,8
k3_heterogeneous,64.0,km_spec_degree,20,-0.0002222222222222181,10,9
k3_heterogeneous,64.0,poisson_gaussian,20,0.574861111111111,0,20
k3_heterogeneous,64.0,spectral_bernoulli_surrogate,20,0.5146388888888889,1,19
k3_heterogeneous,96.0,gmm_full_neighbor_degree,20,0.0007499999999999951,0,16
k3_heterogeneous,96.0,gmm_full_spec,20,0.0002500000000000002,6,12
k3_heterogeneous,96.0,gmm_full_spec_degree,20,5.555555555555869e-05,7,8
k3_heterogeneous,96.0,gmm_tied_spec,20,-0.00122222222222223,18,0
k3_heterogeneous,96.0,km_ASE,20,-0.0047500000000000155,20,0
k3_heterogeneous,96.0,km_RRE,20,-0.0010277777777777885,17,0
k3_heterogeneous,96.0,km_classic_U,20,-0.008916666666666661,20,0
k3_heterogeneous,96.0,km_neighbor_degree,20,-0.001000000000000012,15,3
k3_heterogeneous,96.0,km_spec,20,-0.006666666666666677,20,0
k3_heterogeneous,96.0,km_spec_degree,20,-0.002277777777777784,20,0
k3_heterogeneous,96.0,poisson_gaussian,20,0.0007499999999999951,1,16
k3_heterogeneous,96.0,spectral_bernoulli_surrogate,20,0.0003055555555555589,0,8
k4_equal_degree,4.0,gmm_full_neighbor_degree,20,-0.001611111111111091,12,8
k4_equal_degree,4.0,gmm_full_spec,20,-0.003166666666666673,11,9
k4_equal_degree,4.0,gmm_full_spec_degree,20,-0.0038333333333333496,11,9
k4_equal_degree,4.0,gmm_tied_spec,20,-0.009611111111111103,11,7
k4_equal_degree,4.0,km_ASE,20,0.005027777777777759,7,12
k4_equal_degree,4.0,km_RRE,20,0.006944444444444403,7,12
k4_equal_degree,4.0,km_classic_U,20,0.004694444444444434,9,10
k4_equal_degree,4.0,km_neighbor_degree,20,0.016027777777777787,5,15
k4_equal_degree,4.0,km_spec,20,0.0042777777777777415,7,13
k4_equal_degree,4.0,km_spec_degree,20,0.005861111111111111,6,14
k4_equal_degree,4.0,poisson_gaussian,20,-0.005361111111111111,12,8
k4_equal_degree,4.0,spectral_bernoulli_surrogate,20,-0.0003333333333333299,1,1
k4_equal_degree,6.0,gmm_full_neighbor_degree,20,-0.0049166666666666855,12,8
k4_equal_degree,6.0,gmm_full_spec,20,-0.031750000000000014,18,2
k4_equal_degree,6.0,gmm_full_spec_degree,20,-0.030527777777777782,17,3
k4_equal_degree,6.0,gmm_tied_spec,20,-0.05283333333333336,19,1
k4_equal_degree,6.0,km_ASE,20,-0.003861111111111115,12,8
k4_equal_degree,6.0,km_RRE,20,0.002972222222222226,8,12
k4_equal_degree,6.0,km_classic_U,20,-0.004333333333333323,13,7
k4_equal_degree,6.0,km_neighbor_degree,20,0.025583333333333326,5,15
k4_equal_degree,6.0,km_spec,20,0.009111111111111108,7,13
k4_equal_degree,6.0,km_spec_degree,20,0.02486111111111111,6,14
k4_equal_degree,6.0,poisson_gaussian,20,0.0076666666666666715,7,12
k4_equal_degree,6.0,spectral_bernoulli_surrogate,20,-0.010472222222222227,3,0
k4_equal_degree,12.0,gmm_full_neighbor_degree,20,0.011416666666666676,10,10
k4_equal_degree,12.0,gmm_full_spec,20,0.009777777777777807,11,9
k4_equal_degree,12.0,gmm_full_spec_degree,20,-0.003472222222222232,11,9
k4_equal_degree,12.0,gmm_tied_spec,20,-0.1318055555555556,18,2
k4_equal_degree,12.0,km_ASE,20,-0.015638888888888907,18,2
k4_equal_degree,12.0,km_RRE,20,-0.018916666666666658,18,1
k4_equal_degree,12.0,km_classic_U,20,-0.017805555555555554,18,2
k4_equal_degree,12.0,km_neighbor_degree,20,0.022527777777777785,9,11
k4_equal_degree,12.0,km_spec,20,0.02411111111111113,7,13
k4_equal_degree,12.0,km_spec_degree,20,0.01869444444444447,6,14
k4_equal_degree,12.0,poisson_gaussian,20,0.09,1,19
k4_equal_degree,12.0,spectral_bernoulli_surrogate,20,0.11433333333333333,1,19
k4_equal_degree,24.0,gmm_full_neighbor_degree,20,0.43608333333333327,0,20
k4_equal_degree,24.0,gmm_full_spec,20,0.3496944444444444,0,20
k4_equal_degree,24.0,gmm_full_spec_degree,20,0.2718333333333333,1,19
k4_equal_degree,24.0,gmm_tied_spec,20,0.03044444444444444,7,13
k4_equal_degree,24.0,km_ASE,20,0.4496388888888889,0,20
k4_equal_degree,24.0,km_RRE,20,0.43925000000000003,0,20
k4_equal_degree,24.0,km_classic_U,20,0.3581666666666667,3,17
k4_equal_degree,24.0,km_neighbor_degree,20,0.1418611111111111,3,17
k4_equal_degree,24.0,km_spec,20,0.058027777777777755,8,12
k4_equal_degree,24.0,km_spec_degree,20,0.04377777777777777,7,13
k4_equal_degree,24.0,poisson_gaussian,20,0.40008333333333335,1,19
k4_equal_degree,24.0,spectral_bernoulli_surrogate,20,0.2728611111111111,1,19
k4_equal_degree,64.0,gmm_full_neighbor_degree,20,0.45344444444444443,0,20
k4_equal_degree,64.0,gmm_full_spec,20,0.45377777777777784,0,20
k4_equal_degree,64.0,gmm_full_spec_degree,20,0.45069444444444445,0,20
k4_equal_degree,64.0,gmm_tied_spec,20,0.45186111111111116,0,20
k4_equal_degree,64.0,km_ASE,20,0.45452777777777775,0,20
k4_equal_degree,64.0,km_RRE,20,0.45775000000000005,0,20
k4_equal_degree,64.0,km_classic_U,20,0.43919444444444444,2,18
k4_equal_degree,64.0,km_neighbor_degree,20,0.3882222222222222,3,17
k4_equal_degree,64.0,km_spec,20,0.40075000000000005,3,17
k4_equal_degree,64.0,km_spec_degree,20,0.000694444444444453,10,10
k4_equal_degree,64.0,poisson_gaussian,20,0.454,0,20
k4_equal_degree,64.0,spectral_bernoulli_surrogate,20,0.4574166666666667,0,20
k4_equal_degree,96.0,gmm_full_neighbor_degree,20,0.051500000000000004,0,18
k4_equal_degree,96.0,gmm_full_spec,20,0.051500000000000004,0,18
k4_equal_degree,96.0,gmm_full_spec_degree,20,0.051500000000000004,0,18
k4_equal_degree,96.0,gmm_tied_spec,20,0.051444444444444445,0,18
k4_equal_degree,96.0,km_ASE,20,0.04891666666666666,9,9
k4_equal_degree,96.0,km_RRE,20,0.05102777777777778,3,17
k4_equal_degree,96.0,km_classic_U,20,0.02788888888888888,18,2
k4_equal_degree,96.0,km_neighbor_degree,20,0.026916666666666672,18,2
k4_equal_degree,96.0,km_spec,20,0.02602777777777777,18,2
k4_equal_degree,96.0,km_spec_degree,20,-0.1458888888888889,16,4
k4_equal_degree,96.0,poisson_gaussian,20,0.05147222222222223,0,18
k4_equal_degree,96.0,spectral_bernoulli_surrogate,20,0.051500000000000004,0,18
k4_hierarchical,4.0,gmm_full_neighbor_degree,20,0.11836111111111111,0,20
k4_hierarchical,4.0,gmm_full_spec,20,0.11499999999999999,0,20
k4_hierarchical,4.0,gmm_full_spec_degree,20,0.12591666666666668,0,20
k4_hierarchical,4.0,gmm_tied_spec,20,-0.0024999999999999857,13,7
k4_hierarchical,4.0,km_ASE,20,0.02402777777777778,9,11
k4_hierarchical,4.0,km_RRE,20,0.03658333333333335,4,15
k4_hierarchical,4.0,km_classic_U,20,0.010194444444444483,13,7
k4_hierarchical,4.0,km_neighbor_degree,20,0.08594444444444445,0,20
k4_hierarchical,4.0,km_spec,20,0.030500000000000006,5,15
k4_hierarchical,4.0,km_spec_degree,20,0.030972222222222217,5,15
k4_hierarchical,4.0,poisson_gaussian,20,0.12366666666666666,0,20
k4_hierarchical,4.0,spectral_bernoulli_surrogate,20,0.010999999999999992,5,10
k4_hierarchical,6.0,gmm_full_neighbor_degree,20,0.14608333333333334,0,20
k4_hierarchical,6.0,gmm_full_spec,20,0.17450000000000002,0,20
k4_hierarchical,6.0,gmm_full_spec_degree,20,0.1785,0,20
k4_hierarchical,6.0,gmm_tied_spec,20,-0.021611111111111136,17,3
k4_hierarchical,6.0,km_ASE,20,-0.0011944444444444535,18,2
k4_hierarchical,6.0,km_RRE,20,0.010444444444444445,15,5
k4_hierarchical,6.0,km_classic_U,20,-0.010694444444444428,16,3
k4_hierarchical,6.0,km_neighbor_degree,20,0.10166666666666666,1,19
k4_hierarchical,6.0,km_spec,20,0.01663888888888889,12,7
k4_hierarchical,6.0,km_spec_degree,20,0.057500000000000016,5,15
k4_hierarchical,6.0,poisson_gaussian,20,0.20719444444444446,0,20
k4_hierarchical,6.0,spectral_bernoulli_surrogate,20,0.08483333333333334,0,16
k4_hierarchical,12.0,gmm_full_neighbor_degree,20,0.22002777777777777,0,20
k4_hierarchical,12.0,gmm_full_spec,20,0.2566666666666667,0,20
k4_hierarchical,12.0,gmm_full_spec_degree,20,0.2728055555555556,0,20
k4_hierarchical,12.0,gmm_tied_spec,20,0.09041666666666666,2,18
k4_hierarchical,12.0,km_ASE,20,-0.005666666666666653,17,2
k4_hierarchical,12.0,km_RRE,20,-0.005638888888888888,18,2
k4_hierarchical,12.0,km_classic_U,20,-0.007583333333333336,20,0
k4_hierarchical,12.0,km_neighbor_degree,20,0.22194444444444444,0,20
k4_hierarchical,12.0,km_spec,20,-0.006250000000000017,19,1
k4_hierarchical,12.0,km_spec_degree,20,0.05438888888888889,11,9
k4_hierarchical,12.0,poisson_gaussian,20,0.29427777777777775,0,20
k4_hierarchical,12.0,spectral_bernoulli_surrogate,20,0.26083333333333336,0,20
k4_hierarchical,24.0,gmm_full_neighbor_degree,20,0.18672222222222223,0,20
k4_hierarchical,24.0,gmm_full_spec,20,0.24322222222222223,2,18
k4_hierarchical,24.0,gmm_full_spec_degree,20,0.26772222222222225,0,20
k4_hierarchical,24.0,gmm_tied_spec,20,0.11319444444444446,4,16
k4_hierarchical,24.0,km_ASE,20,-0.003944444444444422,14,6
k4_hierarchical,24.0,km_RRE,20,0.0027777777777777844,9,11
k4_hierarchical,24.0,km_classic_U,20,-0.007333333333333342,19,0
k4_hierarchical,24.0,km_neighbor_degree,20,0.38063888888888886,0,20
k4_hierarchical,24.0,km_spec,20,-0.0029166666666666785,14,5
k4_hierarchical,24.0,km_spec_degree,20,-0.0063611111111111,15,5
k4_hierarchical,24.0,poisson_gaussian,20,0.3046111111111111,0,20
k4_hierarchical,24.0,spectral_bernoulli_surrogate,20,0.17116666666666666,0,20
k4_hierarchical,64.0,gmm_full_neighbor_degree,20,0.445,0,20
k4_hierarchical,64.0,gmm_full_spec,20,0.16316666666666668,3,16
k4_hierarchical,64.0,gmm_full_spec_degree,20,0.14586111111111114,3,17
k4_hierarchical,64.0,gmm_tied_spec,20,0.4643055555555556,0,20
k4_hierarchical,64.0,km_ASE,20,-0.005416666666666664,19,1
k4_hierarchical,64.0,km_RRE,20,0.00041666666666665965,7,12
k4_hierarchical,64.0,km_classic_U,20,-0.011694444444444441,20,0
k4_hierarchical,64.0,km_neighbor_degree,20,0.569138888888889,0,20
k4_hierarchical,64.0,km_spec,20,-0.008805555555555544,20,0
k4_hierarchical,64.0,km_spec_degree,20,-0.004222222222222222,18,2
k4_hierarchical,64.0,poisson_gaussian,20,0.5322777777777777,0,20
k4_hierarchical,64.0,spectral_bernoulli_surrogate,20,0.5044444444444445,0,20
k4_hierarchical,96.0,gmm_full_neighbor_degree,20,0.5048055555555555,0,20
k4_hierarchical,96.0,gmm_full_spec,20,0.144,2,17
k4_hierarchical,96.0,gmm_full_spec_degree,20,0.28852777777777777,1,19
k4_hierarchical,96.0,gmm_tied_spec,20,0.46002777777777776,0,20
k4_hierarchical,96.0,km_ASE,20,-0.0007499999999999896,12,8
k4_hierarchical,96.0,km_RRE,20,0.024111111111111118,6,14
k4_hierarchical,96.0,km_classic_U,20,-0.006444444444444442,20,0
k4_hierarchical,96.0,km_neighbor_degree,20,0.5358611111111111,0,20
k4_hierarchical,96.0,km_spec,20,-0.004166666666666674,18,0
k4_hierarchical,96.0,km_spec_degree,20,-0.0017500000000000183,13,6
k4_hierarchical,96.0,poisson_gaussian,20,0.5419166666666666,0,20
k4_hierarchical,96.0,spectral_bernoulli_surrogate,20,0.5122222222222221,0,20
