model,degree_target,method,repetitions,not_converged,empty_cluster,small_cluster,monotonicity_decreases,numerical_rejections,n_iter_mean
k2_symmetric,4.0,gmm_full_neighbor_degree,20,0,0,0,0.0,0.0,30.05
k2_symmetric,4.0,gmm_full_spec,20,0,0,0,0.0,0.0,22.0
k2_symmetric,4.0,gmm_full_spec_degree,20,0,0,0,0.0,0.0,22.85
k2_symmetric,4.0,gmm_tied_spec,20,0,0,0,0.0,0.0,22.7
k2_symmetric,4.0,km_ASE,20,0,0,0,0.0,0.0,9.55
k2_symmetric,4.0,km_RRE,20,0,0,0,0.0,0.0,9.0
k2_symmetric,4.0,km_classic_U,20,0,0,0,0.0,0.0,10.85
k2_symmetric,4.0,km_neighbor_degree,20,0,0,0,0.0,0.0,12.9
k2_symmetric,4.0,km_spec,20,0,0,0,0.0,0.0,11.5
k2_symmetric,4.0,km_spec_degree,20,0,0,0,0.0,0.0,9.65
k2_symmetric,4.0,poisson_gaussian,20,0,0,0,0.0,0.0,14.65
k2_symmetric,4.0,raw_bernoulli_vem,20,0,8,12,0.0,0.0,14.9
k2_symmetric,4.0,spectral_bernoulli_surrogate,20,0,10,13,0.0,0.0,12.55
k2_symmetric,6.0,gmm_full_neighbor_degree,20,0,0,0,0.0,0.0,40.7
k2_symmetric,6.0,gmm_full_spec,20,0,0,0,0.0,0.0,26.0
k2_symmetric,6.0,gmm_full_spec_degree,20,0,0,0,0.0,0.0,25.15
k2_symmetric,6.0,gmm_tied_spec,20,0,0,0,0.0,0.0,31.7
k2_symmetric,6.0,km_ASE,20,0,0,0,0.0,0.0,12.1
k2_symmetric,6.0,km_RRE,20,0,0,0,0.0,0.0,10.8
k2_symmetric,6.0,km_classic_U,20,0,0,0,0.0,0.0,11.35
k2_symmetric,6.0,km_neighbor_degree,20,0,0,0,0.0,0.0,17.3
k2_symmetric,6.0,km_spec,20,0,0,0,0.0,0.0,8.9
k2_symmetric,6.0,km_spec_degree,20,0,0,0,0.0,0.0,9.7
k2_symmetric,6.0,poisson_gaussian,20,0,0,0,0.0,0.0,20.8
k2_symmetric,6.0,raw_bernoulli_vem,20,0,1,1,0.0,0.0,52.65
k2_symmetric,6.0,spectral_bernoulli_surrogate,20,0,8,13,0.0,0.0,11.5
k2_symmetric,12.0,gmm_full_neighbor_degree,20,0,0,0,0.0,0.0,32.15
k2_symmetric,12.0,gmm_full_spec,20,0,0,0,0.0,0.0,16.35
k2_symmetric,12.0,gmm_full_spec_degree,20,0,0,0,0.0,0.0,22.85
k2_symmetric,12.0,gmm_tied_spec,20,0,0,0,0.0,0.0,36.75
k2_symmetric,12.0,km_ASE,20,0,0,0,0.0,0.0,4.75
k2_symmetric,12.0,km_RRE,20,0,0,0,0.0,0.0,4.95
k2_symmetric,12.0,km_classic_U,20,0,0,0,0.0,0.0,4.55
k2_symmetric,12.0,km_neighbor_degree,20,0,0,0,0.0,0.0,10.15
k2_symmetric,12.0,km_spec,20,0,0,0,0.0,0.0,14.9
k2_symmetric,12.0,km_spec_degree,20,0,0,0,0.0,0.0,8.35
k2_symmetric,12.0,poisson_gaussian,20,0,0,0,0.0,0.0,25.55
k2_symmetric,12.0,raw_bernoulli_vem,20,0,0,0,0.0,0.0,15.4
k2_symmetric,12.0,spectral_bernoulli_surrogate,20,0,0,0,0.0,0.0,6.55
k2_symmetric,24.0,gmm_full_neighbor_degree,20,0,0,0,0.0,0.0,13.2
k2_symmetric,24.0,gmm_full_spec,20,0,0,0,0.0,0.0,11.75
k2_symmetric,24.0,gmm_full_spec_degree,20,0,0,0,0.0,0.0,21.3
k2_symmetric,24.0,gmm_tied_spec,20,0,0,0,0.0,0.0,10.95
k2_symmetric,24.0,km_ASE,20,0,0,0,0.0,0.0,2.7
k2_symmetric,24.0,km_RRE,20,0,0,0,0.0,0.0,2.9
k2_symmetric,24.0,km_classic_U,20,0,0,0,0.0,0.0,2.7
k2_symmetric,24.0,km_neighbor_degree,20,0,0,0,0.0,0.0,7.55
k2_symmetric,24.0,km_spec,20,0,0,0,0.0,0.0,6.65
k2_symmetric,24.0,km_spec_degree,20,0,0,0,0.0,0.0,9.5
k2_symmetric,24.0,poisson_gaussian,20,0,0,0,0.0,0.0,16.05
k2_symmetric,24.0,raw_bernoulli_vem,20,0,0,0,0.0,0.0,5.6
k2_symmetric,24.0,spectral_bernoulli_surrogate,20,0,0,0,0.0,0.0,4.2
k2_symmetric,64.0,gmm_full_neighbor_degree,20,0,0,0,0.0,0.0,19.95
k2_symmetric,64.0,gmm_full_spec,20,0,0,0,0.0,0.0,8.85
k2_symmetric,64.0,gmm_full_spec_degree,20,0,0,0,0.0,0.0,12.2
k2_symmetric,64.0,gmm_tied_spec,20,0,0,0,0.0,0.0,10.5
k2_symmetric,64.0,km_ASE,20,0,0,0,0.0,0.0,2.0
k2_symmetric,64.0,km_RRE,20,0,0,0,0.0,0.0,2.0
k2_symmetric,64.0,km_classic_U,20,0,0,0,0.0,0.0,2.0
k2_symmetric,64.0,km_neighbor_degree,20,0,0,0,0.0,0.0,8.85
k2_symmetric,64.0,km_spec,20,0,0,0,0.0,0.0,5.5
k2_symmetric,64.0,km_spec_degree,20,0,0,0,0.0,0.0,10.0
k2_symmetric,64.0,poisson_gaussian,20,0,0,0,0.0,9.0,14.85
k2_symmetric,64.0,raw_bernoulli_vem,20,0,0,0,0.0,0.0,3.8
k2_symmetric,64.0,spectral_bernoulli_surrogate,20,0,0,0,0.0,0.0,2.65
k2_symmetric,96.0,gmm_full_neighbor_degree,20,0,0,0,0.0,0.0,22.8
k2_symmetric,96.0,gmm_full_spec,20,0,0,0,0.0,0.0,9.35
k2_symmetric,96.0,gmm_full_spec_degree,20,0,0,0,0.0,0.0,9.0
k2_symmetric,96.0,gmm_tied_spec,20,0,0,0,0.0,0.0,6.55
k2_symmetric,96.0,km_ASE,20,0,0,0,0.0,0.0,2.0
k2_symmetric,96.0,km_RRE,20,0,0,0,0.0,0.0,2.0
k2_symmetric,96.0,km_classic_U,20,0,0,0,0.0,0.0,2.0
k2_symmetric,96.0,km_neighbor_degree,20,0,0,0,0.0,0.0,7.8
k2_symmetric,96.0,km_spec,20,0,0,0,0.0,0.0,5.25
k2_symmetric,96.0,km_spec_degree,20,0,0,0,0.0,0.0,9.15
k2_symmetric,96.0,poisson_gaussian,20,0,0,0,0.0,5.0,7.55
k2_symmetric,96.0,raw_bernoulli_vem,20,0,0,0,0.0,0.0,3.35
k2_symmetric,96.0,spectral_bernoulli_surrogate,20,0,0,0,0.0,0.0,2.6
k3_disassortative,4.0,gmm_full_neighbor_degree,20,1,0,0,0.0,0.0,77.85
k3_disassortative,4.0,gmm_full_spec,20,0,0,0,0.0,0.0,81.8
k3_disassortative,4.0,gmm_full_spec_degree,20,0,0,0,0.0,0.0,80.8
k3_disassortative,4.0,gmm_tied_spec,20,0,0,0,0.0,0.0,35.6
k3_disassortative,4.0,km_ASE,20,0,0,0,0.0,0.0,18.1
k3_disassortative,4.0,km_RRE,20,0,0,0,0.0,0.0,17.75
k3_disassortative,4.0,km_classic_U,20,0,0,0,0.0,0.0,16.3
k3_disassortative,4.0,km_neighbor_degree,20,0,0,0,0.0,0.0,15.85
k3_disassortative,4.0,km_spec,20,0,0,0,0.0,0.0,14.55
k3_disassortative,4.0,km_spec_degree,20,0,0,0,0.0,0.0,15.95
k3_disassortative,4.0,poisson_gaussian,20,0,0,0,0.0,0.0,37.0
k3_disassortative,4.0,raw_bernoulli_vem,20,0,12,15,0.0,0.0,13.15
k3_disassortative,4.0,spectral_bernoulli_surrogate,20,3,3,6,0.0,0.0,50.45
k3_disassortative,6.0,gmm_full_neighbor_degree,20,1,0,0,0.0,0.0,66.2
k3_disassortative,6.0,gmm_full_spec,20,0,0,0,0.0,0.0,72.85
k3_disassortative,6.0,gmm_full_spec_degree,20,0,0,0,0.0,0.0,74.35
k3_disassortative,6.0,gmm_tied_spec,20,0,0,1,0.0,0.0,27.95
k3_disassortative,6.0,km_ASE,20,0,0,0,0.0,0.0,23.85
k3_disassortative,6.0,km_RRE,20,0,0,0,0.0,0.0,27.4
k3_disassortative,6.0,km_classic_U,20,0,0,0,0.0,0.0,19.35
k3_disassortative,6.0,km_neighbor_degree,20,0,0,0,0.0,0.0,17.0
k3_disassortative,6.0,km_spec,20,0,0,0,0.0,0.0,14.45
k3_disassortative,6.0,km_spec_degree,20,0,0,0,0.0,0.0,13.75
k3_disassortative,6.0,poisson_gaussian,20,0,0,0,0.0,0.0,44.2
k3_disassortative,6.0,raw_bernoulli_vem,20,1,0,0,0.0,0.0,60.8
k3_disassortative,6.0,spectral_bernoulli_surrogate,20,0,1,1,0.0,0.0,42.9
k3_disassortative,12.0,gmm_full_neighbor_degree,20,0,0,0,0.0,0.0,78.75
k3_disassortative,12.0,gmm_full_spec,20,0,0,0,0.0,0.0,42.75
k3_disassortative,12.0,gmm_full_spec_degree,20,0,0,0,0.0,0.0,45.4
k3_disassortative,12.0,gmm_tied_spec,20,0,0,0,0.0,0.0,28.1
k3_disassortative,12.0,km_ASE,20,0,0,0,0.0,0.0,17.75
k3_disassortative,12.0,km_RRE,20,0,0,0,0.0,0.0,14.5
k3_disassortative,12.0,km_classic_U,20,0,0,0,0.0,0.0,20.2
k3_disassortative,12.0,km_neighbor_degree,20,0,0,0,0.0,0.0,17.85
k3_disassortative,12.0,km_spec,20,0,0,0,0.0,0.0,13.1
k3_disassortative,12.0,km_spec_degree,20,0,0,0,0.0,0.0,11.3
k3_disassortative,12.0,poisson_gaussian,20,0,0,0,0.0,0.0,31.45
k3_disassortative,12.0,raw_bernoulli_vem,20,0,0,0,0.0,0.0,26.2
k3_disassortative,12.0,spectral_bernoulli_surrogate,20,0,0,0,0.0,0.0,35.35
k3_disassortative,24.0,gmm_full_neighbor_degree,20,0,0,0,0.0,0.0,45.95
k3_disassortative,24.0,gmm_full_spec,20,0,0,0,0.0,0.0,33.7
k3_disassortative,24.0,gmm_full_spec_degree,20,0,0,0,0.0,0.0,35.95
k3_disassortative,24.0,gmm_tied_spec,20,0,0,0,0.0,0.0,16.25
k3_disassortative,24.0,km_ASE,20,0,0,0,0.0,0.0,13.55
k3_disassortative,24.0,km_RRE,20,0,0,0,0.0,0.0,8.05
k3_disassortative,24.0,km_classic_U,20,0,0,0,0.0,0.0,16.4
k3_disassortative,24.0,km_neighbor_degree,20,0,0,0,0.0,0.0,18.15
k3_disassortative,24.0,km_spec,20,0,0,0,0.0,0.0,11.6
k3_disassortative,24.0,km_spec_degree,20,0,0,0,0.0,0.0,7.75
k3_disassortative,24.0,poisson_gaussian,20,0,0,0,0.0,0.0,22.7
k3_disassortative,24.0,raw_bernoulli_vem,20,0,0,0,0.0,0.0,17.7
k3_disassortative,24.0,spectral_bernoulli_surrogate,20,0,0,0,0.0,0.0,13.6
k3_disassortative,64.0,gmm_full_neighbor_degree,20,0,0,0,0.0,0.0,20.6
k3_disassortative,64.0,gmm_full_spec,20,0,0,0,0.0,0.0,14.85
k3_disassortative,64.0,gmm_full_spec_degree,20,0,0,0,0.0,0.0,13.45
k3_disassortative,64.0,gmm_tied_spec,20,0,0,0,0.0,0.0,7.95
k3_disassortative,64.0,km_ASE,20,0,0,0,0.0,0.0,7.6
k3_disassortative,64.0,km_RRE,20,0,0,0,0.0,0.0,3.75
k3_disassortative,64.0,km_classic_U,20,0,0,0,0.0,0.0,14.0
k3_disassortative,64.0,km_neighbor_degree,20,0,0,0,0.0,0.0,10.55
k3_disassortative,64.0,km_spec,20,0,0,0,0.0,0.0,8.05
k3_disassortative,64.0,km_spec_degree,20,0,0,0,0.0,0.0,7.15
k3_disassortative,64.0,poisson_gaussian,20,0,0,0,0.0,0.0,16.2
k3_disassortative,64.0,raw_bernoulli_vem,20,0,0,0,0.0,0.0,6.05
k3_disassortative,64.0,spectral_bernoulli_surrogate,20,0,0,0,0.0,0.0,5.05
k3_disassortative,96.0,gmm_full_neighbor_degree,20,0,0,0,0.0,0.0,12.05
k3_disassortative,96.0,gmm_full_spec,20,0,0,0,0.0,0.0,11.45
k3_disassortative,96.0,gmm_full_spec_degree,20,0,0,0,0.0,0.0,8.3
k3_disassortative,96.0,gmm_tied_spec,20,0,0,0,0.0,0.0,6.65
k3_disassortative,96.0,km_ASE,20,0,0,0,0.0,0.0,4.4
k3_disassortative,96.0,km_RRE,20,0,0,0,0.0,0.0,2.9
k3_disassortative,96.0,km_classic_U,20,0,0,0,0.0,0.0,14.3
k3_disassortative,96.0,km_neighbor_degree,20,0,0,0,0.0,0.0,6.45
k3_disassortative,96.0,km_spec,20,0,0,0,0.0,0.0,6.85
k3_disassortative,96.0,km_spec_degree,20,0,0,0,0.0,0.0,4.35
k3_disassortative,96.0,poisson_gaussian,20,0,0,0,0.0,0.0,10.1
k3_disassortative,96.0,raw_bernoulli_vem,20,0,0,0,0.0,0.0,4.9
k3_disassortative,96.0,spectral_bernoulli_surrogate,20,0,0,0,0.0,0.0,3.95
k3_equal_degree,4.0,gmm_full_neighbor_degree,20,0,0,0,0.0,0.0,71.35
k3_equal_degree,4.0,gmm_full_spec,20,0,0,0,0.0,0.0,65.5
k3_equal_degree,4.0,gmm_full_spec_degree,20,0,0,0,0.0,0.0,77.55
k3_equal_degree,4.0,gmm_tied_spec,20,0,0,0,0.0,0.0,39.9
k3_equal_degree,4.0,km_ASE,20,0,0,0,0.0,0.0,13.15
k3_equal_degree,4.0,km_RRE,20,0,0,0,0.0,0.0,14.0
k3_equal_degree,4.0,km_classic_U,20,0,0,0,0.0,0.0,13.7
k3_equal_degree,4.0,km_neighbor_degree,20,0,0,0,0.0,0.0,14.1
k3_equal_degree,4.0,km_spec,20,0,0,0,0.0,0.0,14.9
k3_equal_degree,4.0,km_spec_degree,20,0,0,0,0.0,0.0,18.55
k3_equal_degree,4.0,poisson_gaussian,20,0,0,0,0.0,0.0,40.35
k3_equal_degree,4.0,raw_bernoulli_vem,20,0,20,20,0.0,0.0,22.95
k3_equal_degree,4.0,spectral_bernoulli_surrogate,20,0,11,12,0.0,0.0,25.45
k3_equal_degree,6.0,gmm_full_neighbor_degree,20,0,0,0,0.0,0.0,62.05
k3_equal_degree,6.0,gmm_full_spec,20,0,0,0,0.0,0.0,66.1
k3_equal_degree,6.0,gmm_full_spec_degree,20,0,0,0,0.0,0.0,70.4
k3_equal_degree,6.0,gmm_tied_spec,20,0,0,0,0.0,0.0,40.2
k3_equal_degree,6.0,km_ASE,20,0,0,0,0.0,0.0,16.8
k3_equal_degree,6.0,km_RRE,20,0,0,0,0.0,0.0,18.15
k3_equal_degree,6.0,km_classic_U,20,0,0,0,0.0,0.0,16.6
k3_equal_degree,6.0,km_neighbor_degree,20,0,0,0,0.0,0.0,12.9
k3_equal_degree,6.0,km_spec,20,0,0,0,0.0,0.0,13.4
k3_equal_degree,6.0,km_spec_degree,20,0,0,0,0.0,0.0,14.7
k3_equal_degree,6.0,poisson_gaussian,20,0,0,0,0.0,0.0,40.2
k3_equal_degree,6.0,raw_bernoulli_vem,20,0,12,15,0.0,0.0,47.35
k3_equal_degree,6.0,spectral_bernoulli_surrogate,20,0,0,0,0.0,0.0,28.45
k3_equal_degree,12.0,gmm_full_neighbor_degree,20,1,0,0,0.0,0.0,62.9
k3_equal_degree,12.0,gmm_full_spec,20,0,0,0,0.0,0.0,39.85
k3_equal_degree,12.0,gmm_full_spec_degree,20,0,0,0,0.0,0.0,47.5
k3_equal_degree,12.0,gmm_tied_spec,20,0,0,0,0.0,0.0,40.75
k3_equal_degree,12.0,km_ASE,20,0,0,0,0.0,0.0,11.8
k3_equal_degree,12.0,km_RRE,20,0,0,0,0.0,0.0,12.5
k3_equal_degree,12.0,km_classic_U,20,0,0,0,0.0,0.0,10.75
k3_equal_degree,12.0,km_neighbor_degree,20,0,0,0,0.0,0.0,16.4
k3_equal_degree,12.0,km_spec,20,0,0,0,0.0,0.0,14.85
k3_equal_degree,12.0,km_spec_degree,20,0,0,0,0.0,0.0,11.2
k3_equal_degree,12.0,poisson_gaussian,20,0,0,0,0.0,0.0,36.1
k3_equal_degree,12.0,raw_bernoulli_vem,20,0,0,0,0.0,0.0,44.15
k3_equal_degree,12.0,spectral_bernoulli_surrogate,20,0,0,0,0.0,0.0,45.9
k3_equal_degree,24.0,gmm_full_neighbor_degree,20,0,0,0,0.0,0.0,33.25
k3_equal_degree,24.0,gmm_full_spec,20,0,0,0,0.0,0.0,21.1
k3_equal_degree,24.0,gmm_full_spec_degree,20,0,0,0,0.0,0.0,25.5
k3_equal_degree,24.0,gmm_tied_spec,20,0,0,0,0.0,0.0,14.4
k3_equal_degree,24.0,km_ASE,20,0,0,0,0.0,0.0,4.6
k3_equal_degree,24.0,km_RRE,20,0,0,0,0.0,0.0,5.45
k3_equal_degree,24.0,km_classic_U,20,0,0,0,0.0,0.0,5.2
k3_equal_degree,24.0,km_neighbor_degree,20,0,0,0,0.0,0.0,10.3
k3_equal_degree,24.0,km_spec,20,0,0,0,0.0,0.0,12.9
k3_equal_degree,24.0,km_spec_degree,20,0,0,0,0.0,0.0,11.3
k3_equal_degree,24.0,poisson_gaussian,20,0,0,0,0.0,0.0,29.2
k3_equal_degree,24.0,raw_bernoulli_vem,20,0,0,0,0.0,0.0,20.75
k3_equal_degree,24.0,spectral_bernoulli_surrogate,20,0,0,0,0.0,0.0,9.15
k3_equal_degree,64.0,gmm_full_neighbor_degree,20,0,0,0,0.0,0.0,9.55
k3_equal_degree,64.0,gmm_full_spec,20,0,0,0,0.0,0.0,8.35
k3_equal_degree,64.0,gmm_full_spec_degree,20,0,0,0,0.0,0.0,8.25
k3_equal_degree,64.0,gmm_tied_spec,20,0,0,0,0.0,0.0,7.55
k3_equal_degree,64.0,km_ASE,20,0,0,0,0.0,0.0,2.25
k3_equal_degree,64.0,km_RRE,20,0,0,0,0.0,0.0,2.25
k3_equal_degree,64.0,km_classic_U,20,0,0,0,0.0,0.0,2.4
k3_equal_degree,64.0,km_neighbor_degree,20,0,0,0,0.0,0.0,7.35
k3_equal_degree,64.0,km_spec,20,0,0,0,0.0,0.0,4.85
k3_equal_degree,64.0,km_spec_degree,20,0,0,0,0.0,0.0,13.1
k3_equal_degree,64.0,poisson_gaussian,20,0,0,0,0.0,0.0,16.95
k3_equal_degree,64.0,raw_bernoulli_vem,20,0,0,0,0.0,0.0,4.0
k3_equal_degree,64.0,spectral_bernoulli_surrogate,20,0,0,0,0.0,0.0,3.55
k3_equal_degree,96.0,gmm_full_neighbor_degree,20,0,0,0,0.0,0.0,9.4
k3_equal_degree,96.0,gmm_full_spec,20,0,0,0,0.0,0.0,7.35
k3_equal_degree,96.0,gmm_full_spec_degree,20,0,0,0,0.0,0.0,11.8
k3_equal_degree,96.0,gmm_tied_spec,20,0,0,0,0.0,0.0,5.7
k3_equal_degree,96.0,km_ASE,20,0,0,0,0.0,0.0,2.05
k3_equal_degree,96.0,km_RRE,20,0,0,0,0.0,0.0,2.05
k3_equal_degree,96.0,km_classic_U,20,0,0,0,0.0,0.0,2.05
k3_equal_degree,96.0,km_neighbor_degree,20,0,0,0,0.0,0.0,5.4
k3_equal_degree,96.0,km_spec,20,0,0,0,0.0,0.0,4.25
k3_equal_degree,96.0,km_spec_degree,20,0,0,0,0.0,0.0,13.35
k3_equal_degree,96.0,poisson_gaussian,20,0,0,0,0.0,3.0,16.4
k3_equal_degree,96.0,raw_bernoulli_vem,20,0,0,0,0.0,0.0,3.55
k3_equal_degree,96.0,spectral_bernoulli_surrogate,20,0,0,0,0.0,0.0,3.4
k3_heterogeneous,4.0,gmm_full_neighbor_degree,20,5,0,0,0.0,0.0,114.6
k3_heterogeneous,4.0,gmm_full_spec,20,0,0,0,0.0,0.0,59.1
k3_heterogeneous,4.0,gmm_full_spec_degree,20,0,0,0,0.0,0.0,51.25
k3_heterogeneous,4.0,gmm_tied_spec,20,0,0,0,0.0,0.0,39.7
k3_heterogeneous,4.0,km_ASE,20,0,0,0,0.0,0.0,16.3
k3_heterogeneous,4.0,km_RRE,20,0,0,0,0.0,0.0,13.3
k3_heterogeneous,4.0,km_classic_U,20,0,0,0,0.0,0.0,14.8
k3_heterogeneous,4.0,km_neighbor_degree,20,0,0,0,0.0,0.0,16.5
k3_heterogeneous,4.0,km_spec,20,0,0,0,0.0,0.0,16.15
k3_heterogeneous,4.0,km_spec_degree,20,0,0,0,0.0,0.0,18.45
k3_heterogeneous,4.0,poisson_gaussian,20,0,0,0,0.0,0.0,45.95
k3_heterogeneous,4.0,raw_bernoulli_vem,20,0,9,13,0.0,0.0,59.55
k3_heterogeneous,4.0,spectral_bernoulli_surrogate,20,0,4,5,0.0,0.0,23.95
k3_heterogeneous,6.0,gmm_full_neighbor_degree,20,0,0,0,0.0,0.0,54.65
k3_heterogeneous,6.0,gmm_full_spec,20,0,0,0,0.0,0.0,73.45
k3_heterogeneous,6.0,gmm_full_spec_degree,20,0,0,0,0.0,0.0,74.85
k3_heterogeneous,6.0,gmm_tied_spec,20,0,0,0,0.0,0.0,34.6
k3_heterogeneous,6.0,km_ASE,20,0,0,0,0.0,0.0,14.3
k3_heterogeneous,6.0,km_RRE,20,0,0,0,0.0,0.0,15.3
k3_heterogeneous,6.0,km_classic_U,20,0,0,0,0.0,0.0,19.65
k3_heterogeneous,6.0,km_neighbor_degree,20,0,0,0,0.0,0.0,17.1
k3_heterogeneous,6.0,km_spec,20,0,0,0,0.0,0.0,14.8
k3_heterogeneous,6.0,km_spec_degree,20,0,0,0,0.0,0.0,15.7
k3_heterogeneous,6.0,poisson_gaussian,20,0,0,0,0.0,0.0,37.25
k3_heterogeneous,6.0,raw_bernoulli_vem,20,0,0,2,0.0,0.0,46.85
k3_heterogeneous,6.0,spectral_bernoulli_surrogate,20,0,4,4,0.0,0.0,31.35
k3_heterogeneous,12.0,gmm_full_neighbor_degree,20,0,0,0,0.0,0.0,61.3
k3_heterogeneous,12.0,gmm_full_spec,20,0,0,0,0.0,0.0,44.6
k3_heterogeneous,12.0,gmm_full_spec_degree,20,0,0,0,0.0,0.0,48.95
k3_heterogeneous,12.0,gmm_tied_spec,20,0,0,0,0.0,0.0,26.85
k3_heterogeneous,12.0,km_ASE,20,0,0,0,0.0,0.0,8.7
k3_heterogeneous,12.0,km_RRE,20,0,0,0,0.0,0.0,9.35
k3_heterogeneous,12.0,km_classic_U,20,0,0,0,0.0,0.0,10.15
k3_heterogeneous,12.0,km_neighbor_degree,20,0,0,0,0.0,0.0,8.65
k3_heterogeneous,12.0,km_spec,20,0,0,0,0.0,0.0,9.2
k3_heterogeneous,12.0,km_spec_degree,20,0,0,0,0.0,0.0,11.65
k3_heterogeneous,12.0,poisson_gaussian,20,0,0,0,0.0,0.0,31.55
k3_heterogeneous,12.0,raw_bernoulli_vem,20,0,0,0,0.0,0.0,27.75
k3_heterogeneous,12.0,spectral_bernoulli_surrogate,20,1,0,0,0.0,0.0,57.05
k3_heterogeneous,24.0,gmm_full_neighbor_degree,20,2,0,0,0.0,0.0,70.2
k3_heterogeneous,24.0,gmm_full_spec,20,0,0,0,0.0,0.0,39.3
k3_heterogeneous,24.0,gmm_full_spec_degree,20,0,0,0,0.0,0.0,35.55
k3_heterogeneous,24.0,gmm_tied_spec,20,0,0,0,0.0,0.0,27.5
k3_heterogeneous,24.0,km_ASE,20,0,0,0,0.0,0.0,8.15
k3_heterogeneous,24.0,km_RRE,20,0,0,0,0.0,0.0,8.4
k3_heterogeneous,24.0,km_classic_U,20,0,0,0,0.0,0.0,8.6
k3_heterogeneous,24.0,km_neighbor_degree,20,0,0,0,0.0,0.0,7.65
k3_heterogeneous,24.0,km_spec,20,0,0,0,0.0,0.0,8.65
k3_heterogeneous,24.0,km_spec_degree,20,0,0,0,0.0,0.0,8.8
k3_heterogeneous,24.0,poisson_gaussian,20,0,0,0,0.0,0.0,14.6
k3_heterogeneous,24.0,raw_bernoulli_vem,20,0,0,0,0.0,0.0,25.75
k3_heterogeneous,24.0,spectral_bernoulli_surrogate,20,0,0,0,0.0,0.0,19.0
k3_heterogeneous,64.0,gmm_full_neighbor_degree,20,0,0,0,0.0,0.0,14.9
k3_heterogeneous,64.0,gmm_full_spec,20,0,0,0,0.0,0.0,33.0
k3_heterogeneous,64.0,gmm_full_spec_degree,20,0,0,0,0.0,0.0,21.3
k3_heterogeneous,64.0,gmm_tied_spec,20,0,0,0,0.0,0.0,14.6
k3_heterogeneous,64.0,km_ASE,20,0,0,0,0.0,0.0,7.7
k3_heterogeneous,64.0,km_RRE,20,0,0,0,0.0,0.0,7.55
k3_heterogeneous,64.0,km_classic_U,20,0,0,0,0.0,0.0,10.2
k3_heterogeneous,64.0,km_neighbor_degree,20,0,0,0,0.0,0.0,4.3
k3_heterogeneous,64.0,km_spec,20,0,0,0,0.0,0.0,8.5
k3_heterogeneous,64.0,km_spec_degree,20,0,0,0,0.0,0.0,7.95
k3_heterogeneous,64.0,poisson_gaussian,20,0,0,0,0.0,0.0,7.75
k3_heterogeneous,64.0,raw_bernoulli_vem,20,0,0,0,0.0,0.0,5.25
k3_heterogeneous,64.0,spectral_bernoulli_surrogate,20,0,0,0,0.0,0.0,7.3
k3_heterogeneous,96.0,gmm_full_neighbor_degree,20,0,0,0,0.0,0.0,11.4
k3_heterogeneous,96.0,gmm_full_spec,20,0,0,0,0.0,0.0,6.65
k3_heterogeneous,96.0,gmm_full_spec_degree,20,0,0,0,0.0,0.0,7.55
k3_heterogeneous,96.0,gmm_tied_spec,20,0,0,0,0.0,0.0,6.7
k3_heterogeneous,96.0,km_ASE,20,0,0,0,0.0,0.0,3.2
k3_heterogeneous,96.0,km_RRE,20,0,0,0,0.0,0.0,2.65
k3_heterogeneous,96.0,km_classic_U,20,0,0,0,0.0,0.0,3.35
k3_heterogeneous,96.0,km_neighbor_degree,20,0,0,0,0.0,0.0,4.15
k3_heterogeneous,96.0,km_spec,20,0,0,0,0.0,0.0,3.3
k3_heterogeneous,96.0,km_spec_degree,20,0,0,0,0.0,0.0,2.65
k3_heterogeneous,96.0,poisson_gaussian,20,0,0,0,0.0,0.0,5.85
k3_heterogeneous,96.0,raw_bernoulli_vem,20,0,0,0,0.0,0.0,4.0
k3_heterogeneous,96.0,spectral_bernoulli_surrogate,20,0,0,0,0.0,0.0,3.6
k4_equal_degree,4.0,gmm_full_neighbor_degree,20,3,0,0,0.0,0.0,89.9
k4_equal_degree,4.0,gmm_full_spec,20,2,0,0,0.0,0.0,104.15
k4_equal_degree,4.0,gmm_full_spec_degree,20,0,0,0,0.0,0.0,92.85
k4_equal_degree,4.0,gmm_tied_spec,20,0,0,2,0.0,0.0,40.55
k4_equal_degree,4.0,km_ASE,20,0,0,1,0.0,0.0,18.6
k4_equal_degree,4.0,km_RRE,20,0,0,1,0.0,0.0,19.3
k4_equal_degree,4.0,km_classic_U,20,0,0,1,0.0,0.0,19.7
k4_equal_degree,4.0,km_neighbor_degree,20,0,0,0,0.0,0.0,24.25
k4_equal_degree,4.0,km_spec,20,0,0,0,0.0,0.0,18.85
k4_equal_degree,4.0,km_spec_degree,20,0,0,0,0.0,0.0,24.5
k4_equal_degree,4.0,poisson_gaussian,20,0,0,0,0.0,0.0,63.45
k4_equal_degree,4.0,raw_bernoulli_vem,20,0,20,20,0.0,0.0,21.7
k4_equal_degree,4.0,spectral_bernoulli_surrogate,20,0,14,18,0.0,0.0,38.55
k4_equal_degree,6.0,gmm_full_neighbor_degree,20,1,0,0,0.0,0.0,95.1
k4_equal_degree,6.0,gmm_full_spec,20,3,0,0,0.0,0.0,97.4
k4_equal_degree,6.0,gmm_full_spec_degree,20,0,0,0,0.0,0.0,95.1
k4_equal_degree,6.0,gmm_tied_spec,20,0,0,0,0.0,0.0,51.8
k4_equal_degree,6.0,km_ASE,20,0,0,0,0.0,0.0,21.65
k4_equal_degree,6.0,km_RRE,20,0,0,0,0.0,0.0,26.65
k4_equal_degree,6.0,km_classic_U,20,0,0,0,0.0,0.0,23.4
k4_equal_degree,6.0,km_neighbor_degree,20,0,0,0,0.0,0.0,22.35
k4_equal_degree,6.0,km_spec,20,0,0,0,0.0,0.0,20.45
k4_equal_degree,6.0,km_spec_degree,20,0,0,0,0.0,0.0,23.3
k4_equal_degree,6.0,poisson_gaussian,20,0,0,0,0.0,0.0,56.45
k4_equal_degree,6.0,raw_bernoulli_vem,20,0,20,20,0.0,0.0,22.15
k4_equal_degree,6.0,spectral_bernoulli_surrogate,20,0,15,17,0.0,0.0,28.15
k4_equal_degree,12.0,gmm_full_neighbor_degree,20,1,0,0,0.0,0.0,91.25
k4_equal_degree,12.0,gmm_full_spec,20,1,0,0,0.0,0.0,91.65
k4_equal_degree,12.0,gmm_full_spec_degree,20,0,0,0,0.0,0.0,82.1
k4_equal_degree,12.0,gmm_tied_spec,20,1,0,0,0.0,0.0,76.85
k4_equal_degree,12.0,km_ASE,20,0,0,0,0.0,0.0,32.15
k4_equal_degree,12.0,km_RRE,20,0,0,0,0.0,0.0,23.75
k4_equal_degree,12.0,km_classic_U,20,0,0,0,0.0,0.0,28.65
k4_equal_degree,12.0,km_neighbor_degree,20,0,0,0,0.0,0.0,30.75
k4_equal_degree,12.0,km_spec,20,0,0,0,0.0,0.0,22.4
k4_equal_degree,12.0,km_spec_degree,20,0,0,0,0.0,0.0,25.8
k4_equal_degree,12.0,poisson_gaussian,20,0,0,0,0.0,0.0,63.7
k4_equal_degree,12.0,raw_bernoulli_vem,20,0,15,18,0.0,0.0,44.7
k4_equal_degree,12.0,spectral_bernoulli_surrogate,20,0,0,0,0.0,0.0,67.1
k4_equal_degree,24.0,gmm_full_neighbor_degree,20,1,0,0,0.0,0.0,88.1
k4_equal_degree,24.0,gmm_full_spec,20,1,0,0,0.0,0.0,83.75
k4_equal_degree,24.0,gmm_full_spec_degree,20,1,0,0,0.0,0.0,77.5
k4_equal_degree,24.0,gmm_tied_spec,20,0,0,0,0.0,0.0,42.55
k4_equal_degree,24.0,km_ASE,20,0,0,0,0.0,0.0,15.15
k4_equal_degree,24.0,km_RRE,20,0,0,0,0.0,0.0,10.35
k4_equal_degree,24.0,km_classic_U,20,0,0,0,0.0,0.0,19.15
k4_equal_degree,24.0,km_neighbor_degree,20,0,0,0,0.0,0.0,31.45
k4_equal_degree,24.0,km_spec,20,0,0,0,0.0,0.0,30.1
k4_equal_degree,24.0,km_spec_degree,20,0,0,0,0.0,0.0,20.95
k4_equal_degree,24.0,poisson_gaussian,20,0,0,0,0.0,0.0,70.95
k4_equal_degree,24.0,raw_bernoulli_vem,20,0,0,0,0.0,0.0,26.35
k4_equal_degree,24.0,spectral_bernoulli_surrogate,20,1,0,0,0.0,0.0,51.75
k4_equal_degree,64.0,gmm_full_neighbor_degree,20,0,0,0,0.0,0.0,43.8
k4_equal_degree,64.0,gmm_full_spec,20,0,0,0,0.0,0.0,23.8
k4_equal_degree,64.0,gmm_full_spec_degree,20,0,0,0,0.0,0.0,34.1
k4_equal_degree,64.0,gmm_tied_spec,20,0,0,0,0.0,0.0,12.4
k4_equal_degree,64.0,km_ASE,20,0,0,0,0.0,0.0,3.9
k4_equal_degree,64.0,km_RRE,20,0,0,0,0.0,0.0,3.45
k4_equal_degree,64.0,km_classic_U,20,0,0,0,0.0,0.0,12.1
k4_equal_degree,64.0,km_neighbor_degree,20,0,0,0,0.0,0.0,14.5
k4_equal_degree,64.0,km_spec,20,0,0,0,0.0,0.0,13.5
k4_equal_degree,64.0,km_spec_degree,20,0,0,0,0.0,0.0,19.75
k4_equal_degree,64.0,poisson_gaussian,20,0,0,0,0.0,0.0,37.45
k4_equal_degree,64.0,raw_bernoulli_vem,20,0,0,0,0.0,0.0,5.4
k4_equal_degree,64.0,spectral_bernoulli_surrogate,20,0,0,0,0.0,0.0,5.7
k4_equal_degree,96.0,gmm_full_neighbor_degree,20,0,0,0,0.0,0.0,20.3
k4_equal_degree,96.0,gmm_full_spec,20,0,0,0,0.0,0.0,10.15
k4_equal_degree,96.0,gmm_full_spec_degree,20,0,0,0,0.0,0.0,18.55
k4_equal_degree,96.0,gmm_tied_spec,20,0,0,0,0.0,0.0,7.7
k4_equal_degree,96.0,km_ASE,20,0,0,0,0.0,0.0,3.2
k4_equal_degree,96.0,km_RRE,20,0,0,0,0.0,0.0,2.85
k4_equal_degree,96.0,km_classic_U,20,0,0,0,0.0,0.0,5.45
k4_equal_degree,96.0,km_neighbor_degree,20,0,0,0,0.0,0.0,9.95
k4_equal_degree,96.0,km_spec,20,0,0,0,0.0,0.0,8.0
k4_equal_degree,96.0,km_spec_degree,20,0,0,0,0.0,0.0,15.45
k4_equal_degree,96.0,poisson_gaussian,20,0,0,0,0.0,0.0,18.75
k4_equal_degree,96.0,raw_bernoulli_vem,20,0,0,0,0.0,0.0,5.35
k4_equal_degree,96.0,spectral_bernoulli_surrogate,20,0,0,0,0.0,0.0,6.0
k4_hierarchical,4.0,gmm_full_neighbor_degree,20,5,0,0,0.0,0.0,123.35
k4_hierarchical,4.0,gmm_full_spec,20,0,0,0,0.0,0.0,80.85
k4_hierarchical,4.0,gmm_full_spec_degree,20,0,0,0,0.0,0.0,71.95
k4_hierarchical,4.0,gmm_tied_spec,20,0,0,0,0.0,0.0,38.2
k4_hierarchical,4.0,km_ASE,20,0,0,0,0.0,0.0,16.85
k4_hierarchical,4.0,km_RRE,20,0,0,0,0.0,0.0,15.4
k4_hierarchical,4.0,km_classic_U,20,0,0,0,0.0,0.0,17.6
k4_hierarchical,4.0,km_neighbor_degree,20,0,0,0,0.0,0.0,20.9
k4_hierarchical,4.0,km_spec,20,0,0,0,0.0,0.0,20.3
k4_hierarchical,4.0,km_spec_degree,20,0,0,0,0.0,0.0,22.35
k4_hierarchical,4.0,poisson_gaussian,20,0,0,0,0.0,0.0,67.45
k4_hierarchical,4.0,raw_bernoulli_vem,20,0,18,20,0.0,0.0,45.1
k4_hierarchical,4.0,spectral_bernoulli_surrogate,20,3,5,5,0.0,0.0,46.15
k4_hierarchical,6.0,gmm_full_neighbor_degree,20,2,0,0,0.0,0.0,95.8
k4_hierarchical,6.0,gmm_full_spec,20,2,0,0,0.0,0.0,99.0
k4_hierarchical,6.0,gmm_full_spec_degree,20,0,0,0,0.0,0.0,83.65
k4_hierarchical,6.0,gmm_tied_spec,20,0,0,0,0.0,0.0,54.55
k4_hierarchical,6.0,km_ASE,20,0,0,0,0.0,0.0,20.95
k4_hierarchical,6.0,km_RRE,20,0,0,0,0.0,0.0,18.65
k4_hierarchical,6.0,km_classic_U,20,0,0,0,0.0,0.0,19.65
k4_hierarchical,6.0,km_neighbor_degree,20,0,0,0,0.0,0.0,20.0
k4_hierarchical,6.0,km_spec,20,0,0,0,0.0,0.0,19.8
k4_hierarchical,6.0,km_spec_degree,20,0,0,0,0.0,0.0,20.25
k4_hierarchical,6.0,poisson_gaussian,20,0,0,0,0.0,0.0,70.2
k4_hierarchical,6.0,raw_bernoulli_vem,20,0,14,15,0.0,0.0,47.15
k4_hierarchical,6.0,spectral_bernoulli_surrogate,20,0,4,4,0.0,0.0,43.4
k4_hierarchical,12.0,gmm_full_neighbor_degree,20,0,0,0,0.0,0.0,80.65
k4_hierarchical,12.0,gmm_full_spec,20,0,0,0,0.0,0.0,64.55
k4_hierarchical,12.0,gmm_full_spec_degree,20,0,0,0,0.0,0.0,60.75
k4_hierarchical,12.0,gmm_tied_spec,20,0,0,0,0.0,0.0,37.65
k4_hierarchical,12.0,km_ASE,20,0,0,0,0.0,0.0,19.1
k4_hierarchical,12.0,km_RRE,20,0,0,0,0.0,0.0,21.3
k4_hierarchical,12.0,km_classic_U,20,0,0,0,0.0,0.0,20.95
k4_hierarchical,12.0,km_neighbor_degree,20,0,0,0,0.0,0.0,16.15
k4_hierarchical,12.0,km_spec,20,0,0,0,0.0,0.0,20.3
k4_hierarchical,12.0,km_spec_degree,20,0,0,0,0.0,0.0,18.5
k4_hierarchical,12.0,poisson_gaussian,20,0,0,0,0.0,0.0,53.0
k4_hierarchical,12.0,raw_bernoulli_vem,20,0,0,3,0.0,0.0,32.45
k4_hierarchical,12.0,spectral_bernoulli_surrogate,20,0,0,0,0.0,0.0,23.35
k4_hierarchical,24.0,gmm_full_neighbor_degree,20,0,0,0,0.0,0.0,78.95
k4_hierarchical,24.0,gmm_full_spec,20,0,0,0,0.0,0.0,75.85
k4_hierarchical,24.0,gmm_full_spec_degree,20,0,0,0,0.0,0.0,69.8
k4_hierarchical,24.0,gmm_tied_spec,20,0,0,0,0.0,0.0,38.15
k4_hierarchical,24.0,km_ASE,20,0,0,0,0.0,0.0,14.95
k4_hierarchical,24.0,km_RRE,20,0,0,0,0.0,0.0,14.7
k4_hierarchical,24.0,km_classic_U,20,0,0,0,0.0,0.0,18.1
k4_hierarchical,24.0,km_neighbor_degree,20,0,0,0,0.0,0.0,17.65
k4_hierarchical,24.0,km_spec,20,0,0,0,0.0,0.0,14.5
k4_hierarchical,24.0,km_spec_degree,20,0,0,0,0.0,0.0,15.95
k4_hierarchical,24.0,poisson_gaussian,20,0,0,0,0.0,0.0,45.45
k4_hierarchical,24.0,raw_bernoulli_vem,20,1,0,0,0.0,0.0,54.95
k4_hierarchical,24.0,spectral_bernoulli_surrogate,20,0,0,0,0.0,0.0,61.2
k4_hierarchical,64.0,gmm_full_neighbor_degree,20,0,0,0,0.0,0.0,47.1
k4_hierarchical,64.0,gmm_full_spec,20,0,0,0,0.0,0.0,59.7
k4_hierarchical,64.0,gmm_full_spec_degree,20,0,0,0,0.0,0.0,67.65
k4_hierarchical,64.0,gmm_tied_spec,20,0,0,0,0.0,0.0,19.05
k4_hierarchical,64.0,km_ASE,20,0,0,0,0.0,0.0,11.9
k4_hierarchical,64.0,km_RRE,20,0,0,0,0.0,0.0,8.1
k4_hierarchical,64.0,km_classic_U,20,0,0,0,0.0,0.0,9.75
k4_hierarchical,64.0,km_neighbor_degree,20,0,0,0,0.0,0.0,7.7
k4_hierarchical,64.0,km_spec,20,0,0,0,0.0,0.0,10.9
k4_hierarchical,64.0,km_spec_degree,20,0,0,0,0.0,0.0,10.6
k4_hierarchical,64.0,poisson_gaussian,20,0,0,0,0.0,0.0,19.4
k4_hierarchical,64.0,raw_bernoulli_vem,20,0,0,0,0.0,0.0,16.7
k4_hierarchical,64.0,spectral_bernoulli_surrogate,20,0,0,0,0.0,0.0,20.4
k4_hierarchical,96.0,gmm_full_neighbor_degree,20,0,0,0,0.0,0.0,22.2
k4_hierarchical,96.0,gmm_full_spec,20,0,0,1,0.0,0.0,53.1
k4_hierarchical,96.0,gmm_full_spec_degree,20,0,0,0,0.0,0.0,43.45
k4_hierarchical,96.0,gmm_tied_spec,20,0,0,0,0.0,0.0,13.7
k4_hierarchical,96.0,km_ASE,20,0,0,0,0.0,0.0,8.8
k4_hierarchical,96.0,km_RRE,20,0,0,0,0.0,0.0,7.3
k4_hierarchical,96.0,km_classic_U,20,0,0,0,0.0,0.0,10.9
k4_hierarchical,96.0,km_neighbor_degree,20,0,0,0,0.0,0.0,6.6
k4_hierarchical,96.0,km_spec,20,0,0,0,0.0,0.0,10.05
k4_hierarchical,96.0,km_spec_degree,20,0,0,0,0.0,0.0,10.0
k4_hierarchical,96.0,poisson_gaussian,20,0,0,0,0.0,0.0,11.75
k4_hierarchical,96.0,raw_bernoulli_vem,20,0,0,0,0.0,0.0,8.85
k4_hierarchical,96.0,spectral_bernoulli_surrogate,20,0,0,0,0.0,0.0,14.65
