graph,model,n,k,method,n_iter,converged,profile_deviance,repairs,errors,error_rate,exact,peeled_error_rate,initial_E_error_rate,seed_coverage,baseline_error_rate,objective,worst_objective_delta
disassortative3_n1000_ch0.8_s20000,disassortative3,1000,3,raw_likelihood_peel_hard,2,True,1906.9585910662715,0.0,3,0.003,0,0.576,0.084,3,0.003,,
disassortative3_n1000_ch0.8_s20000,disassortative3,1000,3,raw_likelihood_peel_soft,4,True,,,3,0.003,0,0.576,0.084,3,0.003,-86172.36382381685,0.0
disassortative3_n1000_ch0.8_s20000,disassortative3,1000,3,deviance_peel_control_hard,1,True,1906.9585910662715,0.0,3,0.003,0,0.02,0.003,3,0.003,,
disassortative3_n1000_ch0.8_s20000,disassortative3,1000,3,deviance_peel_control_soft,3,True,,,3,0.003,0,0.02,0.003,3,0.003,-86172.36397700288,0.0
disassortative3_n1000_ch0.8_s20001,disassortative3,1000,3,raw_likelihood_peel_hard,2,True,2047.0133528191684,0.0,6,0.006,0,0.581,0.053,3,0.007,,
disassortative3_n1000_ch0.8_s20001,disassortative3,1000,3,raw_likelihood_peel_soft,4,True,,,6,0.006,0,0.581,0.053,3,0.007,-84935.72661354276,0.0
disassortative3_n1000_ch0.8_s20001,disassortative3,1000,3,deviance_peel_control_hard,1,True,2047.042832664869,0.0,8,0.008,0,0.028,0.009,3,0.007,,
disassortative3_n1000_ch0.8_s20001,disassortative3,1000,3,deviance_peel_control_soft,3,True,,,6,0.006,0,0.028,0.009,3,0.007,-84935.7264261441,0.0
disassortative3_n1000_ch0.8_s20002,disassortative3,1000,3,raw_likelihood_peel_hard,3,True,1951.287345624164,0.0,8,0.008,0,0.635,0.339,3,0.008,,
disassortative3_n1000_ch0.8_s20002,disassortative3,1000,3,raw_likelihood_peel_soft,6,True,,,8,0.008,0,0.635,0.339,3,0.008,-84691.891382098,0.0
disassortative3_n1000_ch0.8_s20002,disassortative3,1000,3,deviance_peel_control_hard,2,True,1951.287345624164,0.0,8,0.008,0,0.021,0.011,3,0.008,,
disassortative3_n1000_ch0.8_s20002,disassortative3,1000,3,deviance_peel_control_soft,3,True,,,8,0.008,0,0.021,0.011,3,0.008,-84691.89195648019,0.0
disassortative3_n1000_ch0.8_s20003,disassortative3,1000,3,raw_likelihood_peel_hard,4,True,1936.2128085008808,0.0,7,0.007,0,0.614,0.334,2,0.007,,
disassortative3_n1000_ch0.8_s20003,disassortative3,1000,3,raw_likelihood_peel_soft,6,True,,,7,0.007,0,0.614,0.334,2,0.007,-84911.58249183692,0.0
disassortative3_n1000_ch0.8_s20003,disassortative3,1000,3,deviance_peel_control_hard,1,True,1936.2128085008808,0.0,7,0.007,0,0.014,0.006,3,0.007,,
disassortative3_n1000_ch0.8_s20003,disassortative3,1000,3,deviance_peel_control_soft,2,True,,,7,0.007,0,0.014,0.006,3,0.007,-84911.58261658618,0.0
disassortative3_n1000_ch0.8_s20004,disassortative3,1000,3,raw_likelihood_peel_hard,2,True,1911.2137175347957,0.0,6,0.006,0,0.57,0.038,3,0.006,,
disassortative3_n1000_ch0.8_s20004,disassortative3,1000,3,raw_likelihood_peel_soft,4,True,,,6,0.006,0,0.57,0.038,3,0.006,-84417.50126118737,0.0
disassortative3_n1000_ch0.8_s20004,disassortative3,1000,3,deviance_peel_control_hard,1,True,1911.2137175347957,0.0,6,0.006,0,0.021,0.006,3,0.006,,
disassortative3_n1000_ch0.8_s20004,disassortative3,1000,3,deviance_peel_control_soft,3,True,,,6,0.006,0,0.021,0.006,3,0.006,-84417.50135784948,0.0
disassortative3_n1000_ch1.4_s20000,disassortative3,1000,3,raw_likelihood_peel_hard,2,True,1839.744550024598,0.0,0,0.0,1,0.488,0.2,2,0.0,,
disassortative3_n1000_ch1.4_s20000,disassortative3,1000,3,raw_likelihood_peel_soft,4,True,,,0,0.0,1,0.488,0.2,2,0.0,-128067.14748711111,0.0
disassortative3_n1000_ch1.4_s20000,disassortative3,1000,3,deviance_peel_control_hard,0,True,1839.744550024598,0.0,0,0.0,1,0.001,0.0,3,0.0,,
disassortative3_n1000_ch1.4_s20000,disassortative3,1000,3,deviance_peel_control_soft,2,True,,,0,0.0,1,0.001,0.0,3,0.0,-128067.14748711136,0.0
disassortative3_n1000_ch1.4_s20002,disassortative3,1000,3,raw_likelihood_peel_hard,2,True,1734.5546816475137,0.0,0,0.0,1,0.473,0.165,2,0.0,,
disassortative3_n1000_ch1.4_s20002,disassortative3,1000,3,raw_likelihood_peel_soft,4,True,,,0,0.0,1,0.473,0.165,2,0.0,-126402.92289833208,0.0
disassortative3_n1000_ch1.4_s20002,disassortative3,1000,3,deviance_peel_control_hard,0,True,1734.5546816475137,0.0,0,0.0,1,0.001,0.0,3,0.0,,
disassortative3_n1000_ch1.4_s20002,disassortative3,1000,3,deviance_peel_control_soft,2,True,,,0,0.0,1,0.001,0.0,3,0.0,-126402.92289833208,0.0
disassortative3_n1000_ch1.4_s20001,disassortative3,1000,3,raw_likelihood_peel_hard,2,True,1905.4897097129356,0.0,0,0.0,1,0.455,0.143,2,0.0,,
disassortative3_n1000_ch1.4_s20001,disassortative3,1000,3,raw_likelihood_peel_soft,4,True,,,0,0.0,1,0.455,0.143,2,0.0,-126773.84960029028,0.0
disassortative3_n1000_ch1.4_s20001,disassortative3,1000,3,deviance_peel_control_hard,0,True,1905.4897097129356,0.0,0,0.0,1,0.001,0.0,3,0.0,,
disassortative3_n1000_ch1.4_s20001,disassortative3,1000,3,deviance_peel_control_soft,2,True,,,0,0.0,1,0.001,0.0,3,0.0,-126773.84960029038,0.0
disassortative3_n1000_ch1.4_s20003,disassortative3,1000,3,raw_likelihood_peel_hard,0,True,1739.474277652172,0.0,0,0.0,1,0.444,0.0,3,0.0,,
disassortative3_n1000_ch1.4_s20003,disassortative3,1000,3,raw_likelihood_peel_soft,3,True,,,0,0.0,1,0.444,0.0,3,0.0,-126565.0221942278,0.0
disassortative3_n1000_ch1.4_s20003,disassortative3,1000,3,deviance_peel_control_hard,0,True,1739.474277652172,0.0,0,0.0,1,0.001,0.0,3,0.0,,
disassortative3_n1000_ch1.4_s20003,disassortative3,1000,3,deviance_peel_control_soft,2,True,,,0,0.0,1,0.001,0.0,3,0.0,-126565.0221942278,0.0
disassortative3_n1000_ch1.4_s20004,disassortative3,1000,3,raw_likelihood_peel_hard,2,True,1759.6200217395055,0.0,0,0.0,1,0.441,0.293,2,0.0,,
disassortative3_n1000_ch1.4_s20004,disassortative3,1000,3,raw_likelihood_peel_soft,5,True,,,0,0.0,1,0.441,0.293,2,0.0,-126463.0534185546,0.0
disassortative3_n1000_ch1.4_s20004,disassortative3,1000,3,deviance_peel_control_hard,0,True,1759.6200217395055,0.0,0,0.0,1,0.001,0.0,3,0.0,,
disassortative3_n1000_ch1.4_s20004,disassortative3,1000,3,deviance_peel_control_soft,2,True,,,0,0.0,1,0.001,0.0,3,0.0,-126463.05341855364,0.0
disassortative3_n2000_ch0.8_s20001,disassortative3,2000,3,raw_likelihood_peel_hard,3,True,3976.394290562928,0.0,15,0.0075,0,0.6405,0.2925,2,0.0075,,
disassortative3_n2000_ch0.8_s20001,disassortative3,2000,3,raw_likelihood_peel_soft,5,True,,,15,0.0075,0,0.6405,0.2925,2,0.0075,-210440.4255894214,0.0
disassortative3_n2000_ch0.8_s20001,disassortative3,2000,3,deviance_peel_control_hard,1,True,3976.394290562928,0.0,15,0.0075,0,0.0175,0.0085,3,0.0075,,
disassortative3_n2000_ch0.8_s20001,disassortative3,2000,3,deviance_peel_control_soft,3,True,,,15,0.0075,0,0.0175,0.0085,3,0.0075,-210440.42492019755,0.0
disassortative3_n2000_ch0.8_s20000,disassortative3,2000,3,raw_likelihood_peel_hard,3,True,4031.830607067505,0.0,12,0.006,0,0.636,0.323,2,0.006,,
disassortative3_n2000_ch0.8_s20000,disassortative3,2000,3,raw_likelihood_peel_soft,5,True,,,12,0.006,0,0.636,0.323,2,0.006,-215798.0782680355,0.0
disassortative3_n2000_ch0.8_s20000,disassortative3,2000,3,deviance_peel_control_hard,1,True,4031.830607067505,0.0,12,0.006,0,0.014,0.0095,3,0.006,,
disassortative3_n2000_ch0.8_s20000,disassortative3,2000,3,deviance_peel_control_soft,3,True,,,12,0.006,0,0.014,0.0095,3,0.006,-215798.07793809043,0.0
disassortative3_n2000_ch0.8_s20002,disassortative3,2000,3,raw_likelihood_peel_hard,3,True,3947.578197130222,0.0,6,0.003,0,0.5875,0.29,2,0.003,,
disassortative3_n2000_ch0.8_s20002,disassortative3,2000,3,raw_likelihood_peel_soft,5,True,,,6,0.003,0,0.5875,0.29,2,0.003,-211125.4929081581,0.0
disassortative3_n2000_ch0.8_s20002,disassortative3,2000,3,deviance_peel_control_hard,1,True,3947.578197130222,0.0,6,0.003,0,0.016,0.0045,3,0.003,,
disassortative3_n2000_ch0.8_s20002,disassortative3,2000,3,deviance_peel_control_soft,3,True,,,6,0.003,0,0.016,0.0045,3,0.003,-211125.4929097373,0.0
disassortative3_n2000_ch0.8_s20003,disassortative3,2000,3,raw_likelihood_peel_hard,3,True,3945.836966694944,0.0,11,0.0055,0,0.611,0.2905,2,0.0055,,
disassortative3_n2000_ch0.8_s20003,disassortative3,2000,3,raw_likelihood_peel_soft,5,True,,,11,0.0055,0,0.611,0.2905,2,0.0055,-213771.0676051132,0.0
disassortative3_n2000_ch0.8_s20003,disassortative3,2000,3,deviance_peel_control_hard,1,True,3945.836966694944,0.0,11,0.0055,0,0.0165,0.0055,3,0.0055,,
disassortative3_n2000_ch0.8_s20003,disassortative3,2000,3,deviance_peel_control_soft,3,True,,,11,0.0055,0,0.0165,0.0055,3,0.0055,-213771.067306443,0.0
disassortative3_n2000_ch1.4_s20000,disassortative3,2000,3,raw_likelihood_peel_hard,1,True,3636.826522451959,0.0,0,0.0,1,0.525,0.005,3,0.0,,
disassortative3_n2000_ch1.4_s20000,disassortative3,2000,3,raw_likelihood_peel_soft,3,True,,,0,0.0,1,0.525,0.005,3,0.0,-326890.5666404176,0.0
disassortative3_n2000_ch1.4_s20000,disassortative3,2000,3,deviance_peel_control_hard,0,True,3636.826522451959,0.0,0,0.0,1,0.0005,0.0,3,0.0,,
disassortative3_n2000_ch1.4_s20000,disassortative3,2000,3,deviance_peel_control_soft,2,True,,,0,0.0,1,0.0005,0.0,3,0.0,-326890.5666404176,0.0
disassortative3_n2000_ch0.8_s20004,disassortative3,2000,3,raw_likelihood_peel_hard,3,True,3938.950031471401,0.0,13,0.0065,0,0.583,0.085,3,0.007,,
disassortative3_n2000_ch0.8_s20004,disassortative3,2000,3,raw_likelihood_peel_soft,4,True,,,13,0.0065,0,0.583,0.085,3,0.007,-213703.9142283079,0.0
disassortative3_n2000_ch0.8_s20004,disassortative3,2000,3,deviance_peel_control_hard,1,True,3938.950031471401,0.0,13,0.0065,0,0.0145,0.006,3,0.007,,
disassortative3_n2000_ch0.8_s20004,disassortative3,2000,3,deviance_peel_control_soft,3,True,,,13,0.0065,0,0.0145,0.006,3,0.007,-213703.9141701532,0.0
disassortative3_n2000_ch1.4_s20002,disassortative3,2000,3,raw_likelihood_peel_hard,1,True,3779.411334866397,0.0,0,0.0,1,0.475,0.1465,2,0.0,,
disassortative3_n2000_ch1.4_s20002,disassortative3,2000,3,raw_likelihood_peel_soft,3,True,,,0,0.0,1,0.475,0.1465,2,0.0,-323146.1453897283,0.0
disassortative3_n2000_ch1.4_s20002,disassortative3,2000,3,deviance_peel_control_hard,0,True,3779.411334866397,0.0,0,0.0,1,0.001,0.0,3,0.0,,
disassortative3_n2000_ch1.4_s20002,disassortative3,2000,3,deviance_peel_control_soft,2,True,,,0,0.0,1,0.001,0.0,3,0.0,-323146.14538972825,0.0
disassortative3_n2000_ch1.4_s20001,disassortative3,2000,3,raw_likelihood_peel_hard,1,True,3658.4477026854665,0.0,0,0.0,1,0.49,0.0115,3,0.0,,
disassortative3_n2000_ch1.4_s20001,disassortative3,2000,3,raw_likelihood_peel_soft,3,True,,,0,0.0,1,0.49,0.0115,3,0.0,-323381.89377821377,0.0
disassortative3_n2000_ch1.4_s20001,disassortative3,2000,3,deviance_peel_control_hard,0,True,3658.4477026854665,0.0,0,0.0,1,0.001,0.0,3,0.0,,
disassortative3_n2000_ch1.4_s20001,disassortative3,2000,3,deviance_peel_control_soft,2,True,,,0,0.0,1,0.001,0.0,3,0.0,-323381.89377821365,0.0
equal3_n1000_ch0.8_s20000,equal3,1000,3,raw_likelihood_peel_hard,1,True,1757.560600618668,0.0,1,0.001,0,0.446,0.009,2,0.001,,
equal3_n1000_ch0.8_s20000,equal3,1000,3,raw_likelihood_peel_soft,3,True,,,1,0.001,0,0.446,0.009,2,0.001,-89897.77410539196,0.0
equal3_n1000_ch0.8_s20000,equal3,1000,3,deviance_peel_control_hard,0,True,1757.560600618668,0.0,1,0.001,0,0.005,0.001,3,0.001,,
equal3_n1000_ch0.8_s20000,equal3,1000,3,deviance_peel_control_soft,2,True,,,1,0.001,0,0.005,0.001,3,0.001,-89897.77411796951,0.0
equal3_n1000_ch0.8_s20001,equal3,1000,3,raw_likelihood_peel_hard,2,True,1711.0292409655056,0.0,0,0.0,1,0.431,0.023,3,0.0,,
equal3_n1000_ch0.8_s20001,equal3,1000,3,raw_likelihood_peel_soft,4,True,,,0,0.0,1,0.431,0.023,3,0.0,-87083.59135833624,0.0
equal3_n1000_ch0.8_s20001,equal3,1000,3,deviance_peel_control_hard,0,True,1711.0292409655056,0.0,0,0.0,1,0.002,0.0,3,0.0,,
equal3_n1000_ch0.8_s20001,equal3,1000,3,deviance_peel_control_soft,2,True,,,0,0.0,1,0.002,0.0,3,0.0,-87083.59137158372,0.0
equal3_n1000_ch0.8_s20002,equal3,1000,3,raw_likelihood_peel_hard,3,True,1682.3139369613095,0.0,0,0.0,1,0.472,0.134,3,0.0,,
equal3_n1000_ch0.8_s20002,equal3,1000,3,raw_likelihood_peel_soft,4,True,,,0,0.0,1,0.472,0.134,3,0.0,-87915.0355791825,0.0
equal3_n1000_ch0.8_s20002,equal3,1000,3,deviance_peel_control_hard,1,True,1682.3139369613095,0.0,0,0.0,1,0.002,0.001,3,0.0,,
equal3_n1000_ch0.8_s20002,equal3,1000,3,deviance_peel_control_soft,3,True,,,0,0.0,1,0.002,0.001,3,0.0,-87915.03556635947,0.0
equal3_n1000_ch0.8_s20003,equal3,1000,3,raw_likelihood_peel_hard,2,True,1705.2663031573134,0.0,0,0.0,1,0.397,0.02,3,0.0,,
equal3_n1000_ch0.8_s20003,equal3,1000,3,raw_likelihood_peel_soft,4,True,,,0,0.0,1,0.397,0.02,3,0.0,-89159.4319417618,0.0
equal3_n1000_ch0.8_s20003,equal3,1000,3,deviance_peel_control_hard,0,True,1705.2663031573134,0.0,0,0.0,1,0.004,0.0,3,0.0,,
equal3_n1000_ch0.8_s20003,equal3,1000,3,deviance_peel_control_soft,2,True,,,0,0.0,1,0.004,0.0,3,0.0,-89159.43196665631,0.0
equal3_n1000_ch0.8_s20004,equal3,1000,3,raw_likelihood_peel_hard,1,True,1711.9539435747429,0.0,1,0.001,0,0.415,0.013,3,0.001,,
equal3_n1000_ch0.8_s20004,equal3,1000,3,raw_likelihood_peel_soft,3,True,,,1,0.001,0,0.415,0.013,3,0.001,-88425.96848879875,0.0
equal3_n1000_ch0.8_s20004,equal3,1000,3,deviance_peel_control_hard,0,True,1711.9539435747429,0.0,1,0.001,0,0.003,0.001,3,0.001,,
equal3_n1000_ch0.8_s20004,equal3,1000,3,deviance_peel_control_soft,2,True,,,1,0.001,0,0.003,0.001,3,0.001,-88425.9684828149,0.0
equal3_n1000_ch1.4_s20000,equal3,1000,3,raw_likelihood_peel_hard,0,True,1713.494476467849,0.0,0,0.0,1,0.229,0.0,3,0.0,,
equal3_n1000_ch1.4_s20000,equal3,1000,3,raw_likelihood_peel_soft,2,True,,,0,0.0,1,0.229,0.0,3,0.0,-132821.61757659423,0.0
equal3_n1000_ch1.4_s20000,equal3,1000,3,deviance_peel_control_hard,0,True,1713.494476467849,0.0,0,0.0,1,0.001,0.0,3,0.0,,
equal3_n1000_ch1.4_s20000,equal3,1000,3,deviance_peel_control_soft,2,True,,,0,0.0,1,0.001,0.0,3,0.0,-132821.61757659423,0.0
disassortative3_n2000_ch1.4_s20003,disassortative3,2000,3,raw_likelihood_peel_hard,3,True,3668.8900023338338,0.0,0,0.0,1,0.524,0.366,2,0.0,,
disassortative3_n2000_ch1.4_s20003,disassortative3,2000,3,raw_likelihood_peel_soft,5,True,,,0,0.0,1,0.524,0.366,2,0.0,-325486.1397685453,0.0
disassortative3_n2000_ch1.4_s20003,disassortative3,2000,3,deviance_peel_control_hard,0,True,3668.8900023338338,0.0,0,0.0,1,0.001,0.0,3,0.0,,
disassortative3_n2000_ch1.4_s20003,disassortative3,2000,3,deviance_peel_control_soft,2,True,,,0,0.0,1,0.001,0.0,3,0.0,-325486.13976854534,0.0
disassortative3_n2000_ch1.4_s20004,disassortative3,2000,3,raw_likelihood_peel_hard,2,True,3721.769072695917,0.0,0,0.0,1,0.484,0.3365,2,0.0,,
disassortative3_n2000_ch1.4_s20004,disassortative3,2000,3,raw_likelihood_peel_soft,4,True,,,0,0.0,1,0.484,0.3365,2,0.0,-325078.6513247007,0.0
disassortative3_n2000_ch1.4_s20004,disassortative3,2000,3,deviance_peel_control_hard,0,True,3721.769072695917,0.0,0,0.0,1,0.0005,0.0,3,0.0,,
disassortative3_n2000_ch1.4_s20004,disassortative3,2000,3,deviance_peel_control_soft,2,True,,,0,0.0,1,0.0005,0.0,3,0.0,-325078.65132459416,0.0
equal3_n1000_ch1.4_s20001,equal3,1000,3,raw_likelihood_peel_hard,0,True,1680.2563107928854,0.0,0,0.0,1,0.24,0.0,3,0.0,,
equal3_n1000_ch1.4_s20001,equal3,1000,3,raw_likelihood_peel_soft,2,True,,,0,0.0,1,0.24,0.0,3,0.0,-130861.65332226698,0.0
equal3_n1000_ch1.4_s20001,equal3,1000,3,deviance_peel_control_hard,0,True,1680.2563107928854,0.0,0,0.0,1,0.001,0.0,3,0.0,,
equal3_n1000_ch1.4_s20001,equal3,1000,3,deviance_peel_control_soft,2,True,,,0,0.0,1,0.001,0.0,3,0.0,-130861.65332226695,0.0
equal3_n1000_ch1.4_s20002,equal3,1000,3,raw_likelihood_peel_hard,0,True,1669.8492014641308,0.0,0,0.0,1,0.181,0.0,3,0.0,,
equal3_n1000_ch1.4_s20002,equal3,1000,3,raw_likelihood_peel_soft,2,True,,,0,0.0,1,0.181,0.0,3,0.0,-132197.00258943433,0.0
equal3_n1000_ch1.4_s20002,equal3,1000,3,deviance_peel_control_hard,0,True,1669.8492014641308,0.0,0,0.0,1,0.001,0.0,3,0.0,,
equal3_n1000_ch1.4_s20002,equal3,1000,3,deviance_peel_control_soft,2,True,,,0,0.0,1,0.001,0.0,3,0.0,-132197.00258943433,0.0
equal3_n1000_ch1.4_s20003,equal3,1000,3,raw_likelihood_peel_hard,0,True,1666.5681614864625,0.0,0,0.0,1,0.166,0.0,3,0.0,,
equal3_n1000_ch1.4_s20003,equal3,1000,3,raw_likelihood_peel_soft,2,True,,,0,0.0,1,0.166,0.0,3,0.0,-133163.90027460066,0.0
equal3_n1000_ch1.4_s20003,equal3,1000,3,deviance_peel_control_hard,0,True,1666.5681614864625,0.0,0,0.0,1,0.001,0.0,3,0.0,,
equal3_n1000_ch1.4_s20003,equal3,1000,3,deviance_peel_control_soft,2,True,,,0,0.0,1,0.001,0.0,3,0.0,-133163.90027460066,0.0
equal3_n1000_ch1.4_s20004,equal3,1000,3,raw_likelihood_peel_hard,0,True,1688.6122524085831,0.0,0,0.0,1,0.147,0.0,3,0.0,,
equal3_n1000_ch1.4_s20004,equal3,1000,3,raw_likelihood_peel_soft,2,True,,,0,0.0,1,0.147,0.0,3,0.0,-132547.41116015398,0.0
equal3_n1000_ch1.4_s20004,equal3,1000,3,deviance_peel_control_hard,0,True,1688.6122524085831,0.0,0,0.0,1,0.001,0.0,3,0.0,,
equal3_n1000_ch1.4_s20004,equal3,1000,3,deviance_peel_control_soft,2,True,,,0,0.0,1,0.001,0.0,3,0.0,-132547.41116015398,0.0
equal3_n2000_ch0.8_s20000,equal3,2000,3,raw_likelihood_peel_hard,1,True,3377.9432736983804,0.0,0,0.0,1,0.5005,0.044,2,0.0,,
equal3_n2000_ch0.8_s20000,equal3,2000,3,raw_likelihood_peel_soft,3,True,,,0,0.0,1,0.5005,0.044,2,0.0,-227966.24761021207,0.0
equal3_n2000_ch0.8_s20000,equal3,2000,3,deviance_peel_control_hard,1,True,3377.9432736983804,0.0,0,0.0,1,0.0015,0.0005,3,0.0,,
equal3_n2000_ch0.8_s20000,equal3,2000,3,deviance_peel_control_soft,2,True,,,0,0.0,1,0.0015,0.0005,3,0.0,-227966.24755974085,0.0
equal3_n2000_ch0.8_s20001,equal3,2000,3,raw_likelihood_peel_hard,2,True,3524.9276521750544,0.0,0,0.0,1,0.477,0.264,2,0.0,,
equal3_n2000_ch0.8_s20001,equal3,2000,3,raw_likelihood_peel_soft,4,True,,,0,0.0,1,0.477,0.264,2,0.0,-224733.9655974027,0.0
equal3_n2000_ch0.8_s20001,equal3,2000,3,deviance_peel_control_hard,0,True,3524.9276521750544,0.0,0,0.0,1,0.0015,0.0,3,0.0,,
equal3_n2000_ch0.8_s20001,equal3,2000,3,deviance_peel_control_soft,2,True,,,0,0.0,1,0.0015,0.0,3,0.0,-224733.96559738816,0.0
equal3_n2000_ch0.8_s20002,equal3,2000,3,raw_likelihood_peel_hard,1,True,3480.1127190832653,0.0,0,0.0,1,0.4055,0.0085,2,0.0,,
equal3_n2000_ch0.8_s20002,equal3,2000,3,raw_likelihood_peel_soft,3,True,,,0,0.0,1,0.4055,0.0085,2,0.0,-224755.35238054,0.0
equal3_n2000_ch0.8_s20002,equal3,2000,3,deviance_peel_control_hard,0,True,3480.1127190832653,0.0,0,0.0,1,0.0005,0.0,3,0.0,,
equal3_n2000_ch0.8_s20002,equal3,2000,3,deviance_peel_control_soft,2,True,,,0,0.0,1,0.0005,0.0,3,0.0,-224755.35230416097,0.0
equal3_n2000_ch0.8_s20003,equal3,2000,3,raw_likelihood_peel_hard,2,True,3506.203157564068,0.0,0,0.0,1,0.4785,0.1855,2,0.0,,
equal3_n2000_ch0.8_s20003,equal3,2000,3,raw_likelihood_peel_soft,4,True,,,0,0.0,1,0.4785,0.1855,2,0.0,-226695.0623806761,0.0
equal3_n2000_ch0.8_s20003,equal3,2000,3,deviance_peel_control_hard,0,True,3506.203157564068,0.0,0,0.0,1,0.001,0.0,3,0.0,,
equal3_n2000_ch0.8_s20003,equal3,2000,3,deviance_peel_control_soft,2,True,,,0,0.0,1,0.001,0.0,3,0.0,-226695.06238071003,0.0
equal3_n2000_ch1.4_s20000,equal3,2000,3,raw_likelihood_peel_hard,0,True,3440.954584421119,0.0,0,0.0,1,0.2225,0.0,3,0.0,,
equal3_n2000_ch1.4_s20000,equal3,2000,3,raw_likelihood_peel_soft,2,True,,,0,0.0,1,0.2225,0.0,3,0.0,-345142.92723987973,0.0
equal3_n2000_ch1.4_s20000,equal3,2000,3,deviance_peel_control_hard,0,True,3440.954584421119,0.0,0,0.0,1,0.0005,0.0,3,0.0,,
equal3_n2000_ch1.4_s20000,equal3,2000,3,deviance_peel_control_soft,2,True,,,0,0.0,1,0.0005,0.0,3,0.0,-345142.92723987973,0.0
equal3_n2000_ch0.8_s20004,equal3,2000,3,raw_likelihood_peel_hard,2,True,3467.468979228572,0.0,0,0.0,1,0.506,0.2845,2,0.0005,,
equal3_n2000_ch0.8_s20004,equal3,2000,3,raw_likelihood_peel_soft,5,True,,,1,0.0005,0,0.506,0.2845,2,0.0005,-226249.65927472492,0.0
equal3_n2000_ch0.8_s20004,equal3,2000,3,deviance_peel_control_hard,0,True,3467.468979228572,0.0,0,0.0,1,0.0005,0.0,3,0.0005,,
equal3_n2000_ch0.8_s20004,equal3,2000,3,deviance_peel_control_soft,3,True,,,1,0.0005,0,0.0005,0.0,3,0.0005,-226249.65927471587,0.0
equal3_n2000_ch1.4_s20001,equal3,2000,3,raw_likelihood_peel_hard,0,True,3533.930332407172,0.0,0,0.0,1,0.2565,0.0,3,0.0,,
equal3_n2000_ch1.4_s20001,equal3,2000,3,raw_likelihood_peel_soft,2,True,,,0,0.0,1,0.2565,0.0,3,0.0,-341709.9611999167,0.0
equal3_n2000_ch1.4_s20001,equal3,2000,3,deviance_peel_control_hard,0,True,3533.930332407172,0.0,0,0.0,1,0.0005,0.0,3,0.0,,
equal3_n2000_ch1.4_s20001,equal3,2000,3,deviance_peel_control_soft,2,True,,,0,0.0,1,0.0005,0.0,3,0.0,-341709.9611999167,0.0
equal3_n2000_ch1.4_s20002,equal3,2000,3,raw_likelihood_peel_hard,0,True,3510.945127893504,0.0,0,0.0,1,0.331,0.0,3,0.0,,
equal3_n2000_ch1.4_s20002,equal3,2000,3,raw_likelihood_peel_soft,2,True,,,0,0.0,1,0.331,0.0,3,0.0,-341592.26612287015,0.0
equal3_n2000_ch1.4_s20002,equal3,2000,3,deviance_peel_control_hard,0,True,3510.945127893504,0.0,0,0.0,1,0.001,0.0,3,0.0,,
equal3_n2000_ch1.4_s20002,equal3,2000,3,deviance_peel_control_soft,2,True,,,0,0.0,1,0.001,0.0,3,0.0,-341592.2661228699,0.0
heterogeneous3_n1000_ch0.8_s20000,heterogeneous3,1000,3,raw_likelihood_peel_hard,0,True,1713.6096206238494,0.0,5,0.005,0,0.009,0.005,3,0.028,,
heterogeneous3_n1000_ch0.8_s20000,heterogeneous3,1000,3,raw_likelihood_peel_soft,3,True,,,5,0.005,0,0.009,0.005,3,0.028,-51769.21697492692,0.0
heterogeneous3_n1000_ch0.8_s20000,heterogeneous3,1000,3,deviance_peel_control_hard,0,True,1713.6096206238494,0.0,5,0.005,0,0.007,0.005,3,0.028,,
heterogeneous3_n1000_ch0.8_s20000,heterogeneous3,1000,3,deviance_peel_control_soft,3,True,,,5,0.005,0,0.007,0.005,3,0.028,-51769.21697492692,0.0
heterogeneous3_n1000_ch0.8_s20001,heterogeneous3,1000,3,raw_likelihood_peel_hard,2,True,1568.891759432678,0.0,5,0.005,0,0.009,0.002,3,0.017,,
heterogeneous3_n1000_ch0.8_s20001,heterogeneous3,1000,3,raw_likelihood_peel_soft,3,True,,,5,0.005,0,0.009,0.002,3,0.017,-50617.04972490506,0.0
heterogeneous3_n1000_ch0.8_s20001,heterogeneous3,1000,3,deviance_peel_control_hard,2,True,1568.891759432678,0.0,5,0.005,0,0.005,0.002,3,0.017,,
heterogeneous3_n1000_ch0.8_s20001,heterogeneous3,1000,3,deviance_peel_control_soft,3,True,,,5,0.005,0,0.005,0.002,3,0.017,-50617.04971556321,0.0
heterogeneous3_n1000_ch0.8_s20002,heterogeneous3,1000,3,raw_likelihood_peel_hard,1,True,1631.253543085017,0.0,2,0.002,0,0.007,0.004,3,0.025,,
heterogeneous3_n1000_ch0.8_s20002,heterogeneous3,1000,3,raw_likelihood_peel_soft,3,True,,,2,0.002,0,0.007,0.004,3,0.025,-51064.2278890061,0.0
heterogeneous3_n1000_ch0.8_s20002,heterogeneous3,1000,3,deviance_peel_control_hard,1,True,1631.253543085017,0.0,2,0.002,0,0.003,0.004,3,0.025,,
heterogeneous3_n1000_ch0.8_s20002,heterogeneous3,1000,3,deviance_peel_control_soft,3,True,,,2,0.002,0,0.003,0.004,3,0.025,-51064.22788899799,0.0
heterogeneous3_n1000_ch0.8_s20003,heterogeneous3,1000,3,raw_likelihood_peel_hard,1,True,1652.2869113923134,0.0,3,0.003,0,0.009,0.002,3,0.036,,
heterogeneous3_n1000_ch0.8_s20003,heterogeneous3,1000,3,raw_likelihood_peel_soft,3,True,,,3,0.003,0,0.009,0.002,3,0.036,-51214.83939425231,0.0
heterogeneous3_n1000_ch0.8_s20003,heterogeneous3,1000,3,deviance_peel_control_hard,1,True,1652.2869113923134,0.0,3,0.003,0,0.007,0.002,3,0.036,,
heterogeneous3_n1000_ch0.8_s20003,heterogeneous3,1000,3,deviance_peel_control_soft,3,True,,,3,0.003,0,0.007,0.002,3,0.036,-51214.83939425231,0.0
equal3_n2000_ch1.4_s20003,equal3,2000,3,raw_likelihood_peel_hard,0,True,3590.953676506988,0.0,0,0.0,1,0.2765,0.0,3,0.0,,
equal3_n2000_ch1.4_s20003,equal3,2000,3,raw_likelihood_peel_soft,2,True,,,0,0.0,1,0.2765,0.0,3,0.0,-342950.2443609599,0.0
equal3_n2000_ch1.4_s20003,equal3,2000,3,deviance_peel_control_hard,0,True,3590.953676506988,0.0,0,0.0,1,0.0005,0.0,3,0.0,,
equal3_n2000_ch1.4_s20003,equal3,2000,3,deviance_peel_control_soft,2,True,,,0,0.0,1,0.0005,0.0,3,0.0,-342950.2443609599,-5.820766091346741e-11
heterogeneous3_n1000_ch0.8_s20004,heterogeneous3,1000,3,raw_likelihood_peel_hard,1,True,1658.013137226554,0.0,4,0.004,0,0.009,0.003,3,0.038,,
heterogeneous3_n1000_ch0.8_s20004,heterogeneous3,1000,3,raw_likelihood_peel_soft,3,True,,,5,0.005,0,0.009,0.003,3,0.038,-51608.13273939331,0.0
heterogeneous3_n1000_ch0.8_s20004,heterogeneous3,1000,3,deviance_peel_control_hard,1,True,1658.013137226554,0.0,4,0.004,0,0.009,0.003,3,0.038,,
heterogeneous3_n1000_ch0.8_s20004,heterogeneous3,1000,3,deviance_peel_control_soft,3,True,,,5,0.005,0,0.009,0.003,3,0.038,-51608.13273939331,0.0
equal3_n2000_ch1.4_s20004,equal3,2000,3,raw_likelihood_peel_hard,0,True,3512.046857356174,0.0,0,0.0,1,0.308,0.0,3,0.0,,
equal3_n2000_ch1.4_s20004,equal3,2000,3,raw_likelihood_peel_soft,2,True,,,0,0.0,1,0.308,0.0,3,0.0,-344102.24634989153,0.0
equal3_n2000_ch1.4_s20004,equal3,2000,3,deviance_peel_control_hard,0,True,3512.046857356174,0.0,0,0.0,1,0.001,0.0,3,0.0,,
equal3_n2000_ch1.4_s20004,equal3,2000,3,deviance_peel_control_soft,2,True,,,0,0.0,1,0.001,0.0,3,0.0,-344102.24634989153,0.0
heterogeneous3_n1000_ch1.4_s20000,heterogeneous3,1000,3,raw_likelihood_peel_hard,0,True,1805.694659031931,0.0,0,0.0,1,0.003,0.0,3,0.006,,
heterogeneous3_n1000_ch1.4_s20000,heterogeneous3,1000,3,raw_likelihood_peel_soft,2,True,,,0,0.0,1,0.003,0.0,3,0.006,-76531.05481044023,0.0
heterogeneous3_n1000_ch1.4_s20000,heterogeneous3,1000,3,deviance_peel_control_hard,0,True,1805.694659031931,0.0,0,0.0,1,0.003,0.0,3,0.006,,
heterogeneous3_n1000_ch1.4_s20000,heterogeneous3,1000,3,deviance_peel_control_soft,2,True,,,0,0.0,1,0.003,0.0,3,0.006,-76531.05481044023,0.0
heterogeneous3_n1000_ch1.4_s20002,heterogeneous3,1000,3,raw_likelihood_peel_hard,0,True,1747.618910402549,0.0,0,0.0,1,0.003,0.0,3,0.006,,
heterogeneous3_n1000_ch1.4_s20002,heterogeneous3,1000,3,raw_likelihood_peel_soft,2,True,,,0,0.0,1,0.003,0.0,3,0.006,-76405.60353399949,0.0
heterogeneous3_n1000_ch1.4_s20002,heterogeneous3,1000,3,deviance_peel_control_hard,0,True,1747.618910402549,0.0,0,0.0,1,0.003,0.0,3,0.006,,
heterogeneous3_n1000_ch1.4_s20002,heterogeneous3,1000,3,deviance_peel_control_soft,2,True,,,0,0.0,1,0.003,0.0,3,0.006,-76405.60353399937,0.0
heterogeneous3_n1000_ch1.4_s20001,heterogeneous3,1000,3,raw_likelihood_peel_hard,0,True,1715.9298737188628,0.0,0,0.0,1,0.003,0.0,3,0.002,,
heterogeneous3_n1000_ch1.4_s20001,heterogeneous3,1000,3,raw_likelihood_peel_soft,2,True,,,0,0.0,1,0.003,0.0,3,0.002,-75436.21782544091,0.0
heterogeneous3_n1000_ch1.4_s20001,heterogeneous3,1000,3,deviance_peel_control_hard,0,True,1715.9298737188628,0.0,0,0.0,1,0.003,0.0,3,0.002,,
heterogeneous3_n1000_ch1.4_s20001,heterogeneous3,1000,3,deviance_peel_control_soft,2,True,,,0,0.0,1,0.003,0.0,3,0.002,-75436.21782544092,0.0
heterogeneous3_n1000_ch1.4_s20003,heterogeneous3,1000,3,raw_likelihood_peel_hard,0,True,1780.2703938414656,0.0,0,0.0,1,0.003,0.0,3,0.006,,
heterogeneous3_n1000_ch1.4_s20003,heterogeneous3,1000,3,raw_likelihood_peel_soft,2,True,,,0,0.0,1,0.003,0.0,3,0.006,-76704.70605370386,0.0
heterogeneous3_n1000_ch1.4_s20003,heterogeneous3,1000,3,deviance_peel_control_hard,0,True,1780.2703938414656,0.0,0,0.0,1,0.003,0.0,3,0.006,,
heterogeneous3_n1000_ch1.4_s20003,heterogeneous3,1000,3,deviance_peel_control_soft,2,True,,,0,0.0,1,0.003,0.0,3,0.006,-76704.70605370386,0.0
heterogeneous3_n1000_ch1.4_s20004,heterogeneous3,1000,3,raw_likelihood_peel_hard,0,True,1746.7274766391113,0.0,0,0.0,1,0.003,0.0,3,0.006,,
heterogeneous3_n1000_ch1.4_s20004,heterogeneous3,1000,3,raw_likelihood_peel_soft,2,True,,,0,0.0,1,0.003,0.0,3,0.006,-76354.51489000596,0.0
heterogeneous3_n1000_ch1.4_s20004,heterogeneous3,1000,3,deviance_peel_control_hard,0,True,1746.7274766391113,0.0,0,0.0,1,0.003,0.0,3,0.006,,
heterogeneous3_n1000_ch1.4_s20004,heterogeneous3,1000,3,deviance_peel_control_soft,2,True,,,0,0.0,1,0.003,0.0,3,0.006,-76354.51489000596,0.0
heterogeneous3_n2000_ch0.8_s20000,heterogeneous3,2000,3,raw_likelihood_peel_hard,0,True,3383.6035057326408,0.0,8,0.004,0,0.0195,0.004,3,0.0275,,
heterogeneous3_n2000_ch0.8_s20000,heterogeneous3,2000,3,raw_likelihood_peel_soft,2,True,,,8,0.004,0,0.0195,0.004,3,0.0275,-131593.84415223647,0.0
heterogeneous3_n2000_ch0.8_s20000,heterogeneous3,2000,3,deviance_peel_control_hard,1,True,3383.6035057326408,0.0,8,0.004,0,0.0065,0.0035,3,0.0275,,
heterogeneous3_n2000_ch0.8_s20000,heterogeneous3,2000,3,deviance_peel_control_soft,2,True,,,8,0.004,0,0.0065,0.0035,3,0.0275,-131593.8440613638,0.0
heterogeneous3_n2000_ch0.8_s20001,heterogeneous3,2000,3,raw_likelihood_peel_hard,0,True,3330.0789161201114,0.0,6,0.003,0,0.0095,0.003,3,0.022,,
heterogeneous3_n2000_ch0.8_s20001,heterogeneous3,2000,3,raw_likelihood_peel_soft,2,True,,,6,0.003,0,0.0095,0.003,3,0.022,-131226.44205818337,0.0
heterogeneous3_n2000_ch0.8_s20001,heterogeneous3,2000,3,deviance_peel_control_hard,0,True,3330.0789161201114,0.0,6,0.003,0,0.0065,0.003,3,0.022,,
heterogeneous3_n2000_ch0.8_s20001,heterogeneous3,2000,3,deviance_peel_control_soft,2,True,,,6,0.003,0,0.0065,0.003,3,0.022,-131226.44205818337,0.0
heterogeneous3_n2000_ch0.8_s20002,heterogeneous3,2000,3,raw_likelihood_peel_hard,1,True,3440.753331381977,0.0,4,0.002,0,0.0105,0.0015,3,0.0225,,
heterogeneous3_n2000_ch0.8_s20002,heterogeneous3,2000,3,raw_likelihood_peel_soft,3,True,,,4,0.002,0,0.0105,0.0015,3,0.0225,-129759.6461011494,0.0
heterogeneous3_n2000_ch0.8_s20002,heterogeneous3,2000,3,deviance_peel_control_hard,1,True,3440.753331381977,0.0,4,0.002,0,0.0045,0.0015,3,0.0225,,
heterogeneous3_n2000_ch0.8_s20002,heterogeneous3,2000,3,deviance_peel_control_soft,2,True,,,4,0.002,0,0.0045,0.0015,3,0.0225,-129759.64619518566,0.0
heterogeneous3_n2000_ch0.8_s20003,heterogeneous3,2000,3,raw_likelihood_peel_hard,1,True,3356.9632604823164,0.0,5,0.0025,0,0.0075,0.002,3,0.0175,,
heterogeneous3_n2000_ch0.8_s20003,heterogeneous3,2000,3,raw_likelihood_peel_soft,2,True,,,5,0.0025,0,0.0075,0.002,3,0.0175,-130705.26802534152,0.0
heterogeneous3_n2000_ch0.8_s20003,heterogeneous3,2000,3,deviance_peel_control_hard,1,True,3356.9632604823164,0.0,5,0.0025,0,0.0045,0.002,3,0.0175,,
heterogeneous3_n2000_ch0.8_s20003,heterogeneous3,2000,3,deviance_peel_control_soft,2,True,,,5,0.0025,0,0.0045,0.002,3,0.0175,-130705.2680253321,0.0
heterogeneous3_n2000_ch0.8_s20004,heterogeneous3,2000,3,raw_likelihood_peel_hard,1,True,3329.7764008803133,0.0,9,0.0045,0,0.0145,0.005,3,0.0235,,
heterogeneous3_n2000_ch0.8_s20004,heterogeneous3,2000,3,raw_likelihood_peel_soft,2,True,,,9,0.0045,0,0.0145,0.005,3,0.0235,-130478.90665814951,0.0
heterogeneous3_n2000_ch0.8_s20004,heterogeneous3,2000,3,deviance_peel_control_hard,1,True,3329.7764008803133,0.0,9,0.0045,0,0.0085,0.005,3,0.0235,,
heterogeneous3_n2000_ch0.8_s20004,heterogeneous3,2000,3,deviance_peel_control_soft,2,True,,,9,0.0045,0,0.0085,0.005,3,0.0235,-130478.9066581496,0.0
heterogeneous3_n2000_ch1.4_s20000,heterogeneous3,2000,3,raw_likelihood_peel_hard,0,True,3673.534765609171,0.0,0,0.0,1,0.0015,0.0,3,0.005,,
heterogeneous3_n2000_ch1.4_s20000,heterogeneous3,2000,3,raw_likelihood_peel_soft,2,True,,,0,0.0,1,0.0015,0.0,3,0.005,-199181.3270854561,0.0
heterogeneous3_n2000_ch1.4_s20000,heterogeneous3,2000,3,deviance_peel_control_hard,0,True,3673.534765609171,0.0,0,0.0,1,0.0015,0.0,3,0.005,,
heterogeneous3_n2000_ch1.4_s20000,heterogeneous3,2000,3,deviance_peel_control_soft,2,True,,,0,0.0,1,0.0015,0.0,3,0.005,-199181.3270854561,0.0
heterogeneous3_n2000_ch1.4_s20002,heterogeneous3,2000,3,raw_likelihood_peel_hard,0,True,3583.6350243125944,0.0,0,0.0,1,0.0015,0.0,3,0.005,,
heterogeneous3_n2000_ch1.4_s20002,heterogeneous3,2000,3,raw_likelihood_peel_soft,2,True,,,0,0.0,1,0.0015,0.0,3,0.005,-197251.52576879357,0.0
heterogeneous3_n2000_ch1.4_s20002,heterogeneous3,2000,3,deviance_peel_control_hard,0,True,3583.6350243125944,0.0,0,0.0,1,0.0015,0.0,3,0.005,,
heterogeneous3_n2000_ch1.4_s20002,heterogeneous3,2000,3,deviance_peel_control_soft,2,True,,,0,0.0,1,0.0015,0.0,3,0.005,-197251.52576879357,0.0
heterogeneous3_n2000_ch1.4_s20001,heterogeneous3,2000,3,raw_likelihood_peel_hard,0,True,3679.757920326905,0.0,0,0.0,1,0.0015,0.0,3,0.003,,
heterogeneous3_n2000_ch1.4_s20001,heterogeneous3,2000,3,raw_likelihood_peel_soft,2,True,,,0,0.0,1,0.0015,0.0,3,0.003,-198048.7747394803,0.0
heterogeneous3_n2000_ch1.4_s20001,heterogeneous3,2000,3,deviance_peel_control_hard,0,True,3679.757920326905,0.0,0,0.0,1,0.0015,0.0,3,0.003,,
heterogeneous3_n2000_ch1.4_s20001,heterogeneous3,2000,3,deviance_peel_control_soft,2,True,,,0,0.0,1,0.0015,0.0,3,0.003,-198048.7747394803,0.0
hierarchical4_n1000_ch0.8_s20000,hierarchical4,1000,4,raw_likelihood_peel_hard,2,True,1980.774154595706,0.0,3,0.003,0,0.438,0.224,3,0.003,,
hierarchical4_n1000_ch0.8_s20000,hierarchical4,1000,4,raw_likelihood_peel_soft,5,True,,,3,0.003,0,0.438,0.224,3,0.003,-74922.91816307002,0.0
hierarchical4_n1000_ch0.8_s20000,hierarchical4,1000,4,deviance_peel_control_hard,1,True,1980.774154595706,0.0,3,0.003,0,0.01,0.004,4,0.003,,
hierarchical4_n1000_ch0.8_s20000,hierarchical4,1000,4,deviance_peel_control_soft,3,True,,,3,0.003,0,0.01,0.004,4,0.003,-74922.918162815,0.0
hierarchical4_n1000_ch0.8_s20001,hierarchical4,1000,4,raw_likelihood_peel_hard,1,True,1856.7131799151548,0.0,1,0.001,0,0.412,0.004,4,0.001,,
hierarchical4_n1000_ch0.8_s20001,hierarchical4,1000,4,raw_likelihood_peel_soft,3,True,,,1,0.001,0,0.412,0.004,4,0.001,-73605.16329196442,0.0
hierarchical4_n1000_ch0.8_s20001,hierarchical4,1000,4,deviance_peel_control_hard,0,True,1856.7131799151548,0.0,1,0.001,0,0.004,0.001,4,0.001,,
hierarchical4_n1000_ch0.8_s20001,hierarchical4,1000,4,deviance_peel_control_soft,2,True,,,1,0.001,0,0.004,0.001,4,0.001,-73605.16330396578,0.0
hierarchical4_n1000_ch0.8_s20002,hierarchical4,1000,4,raw_likelihood_peel_hard,1,True,1898.386878300019,0.0,0,0.0,1,0.45,0.003,4,0.0,,
hierarchical4_n1000_ch0.8_s20002,hierarchical4,1000,4,raw_likelihood_peel_soft,3,True,,,0,0.0,1,0.45,0.003,4,0.0,-74608.84593361136,0.0
hierarchical4_n1000_ch0.8_s20002,hierarchical4,1000,4,deviance_peel_control_hard,1,True,1898.386878300019,0.0,0,0.0,1,0.004,0.001,4,0.0,,
hierarchical4_n1000_ch0.8_s20002,hierarchical4,1000,4,deviance_peel_control_soft,3,True,,,0,0.0,1,0.004,0.001,4,0.0,-74608.8459336113,0.0
hierarchical4_n1000_ch0.8_s20003,hierarchical4,1000,4,raw_likelihood_peel_hard,2,True,1839.0525860060084,0.0,0,0.0,1,0.473,0.084,3,0.0,,
hierarchical4_n1000_ch0.8_s20003,hierarchical4,1000,4,raw_likelihood_peel_soft,4,True,,,0,0.0,1,0.473,0.084,3,0.0,-74915.93159182768,0.0
hierarchical4_n1000_ch0.8_s20003,hierarchical4,1000,4,deviance_peel_control_hard,1,True,1839.0525860060084,0.0,0,0.0,1,0.006,0.001,4,0.0,,
hierarchical4_n1000_ch0.8_s20003,hierarchical4,1000,4,deviance_peel_control_soft,2,True,,,0,0.0,1,0.006,0.001,4,0.0,-74915.931605775,0.0
hierarchical4_n1000_ch0.8_s20004,hierarchical4,1000,4,raw_likelihood_peel_hard,1,True,1959.155519934768,0.0,1,0.001,0,0.456,0.026,4,0.001,,
hierarchical4_n1000_ch0.8_s20004,hierarchical4,1000,4,raw_likelihood_peel_soft,3,True,,,1,0.001,0,0.456,0.026,4,0.001,-75251.5774384503,0.0
hierarchical4_n1000_ch0.8_s20004,hierarchical4,1000,4,deviance_peel_control_hard,0,True,1959.155519934768,0.0,1,0.001,0,0.004,0.001,4,0.001,,
hierarchical4_n1000_ch0.8_s20004,hierarchical4,1000,4,deviance_peel_control_soft,2,True,,,1,0.001,0,0.004,0.001,4,0.001,-75251.577393238,0.0
hierarchical4_n1000_ch1.4_s20000,hierarchical4,1000,4,raw_likelihood_peel_hard,0,True,2090.27479864332,0.0,0,0.0,1,0.243,0.0,4,0.0,,
hierarchical4_n1000_ch1.4_s20000,hierarchical4,1000,4,raw_likelihood_peel_soft,2,True,,,0,0.0,1,0.243,0.0,4,0.0,-109745.10095694211,0.0
hierarchical4_n1000_ch1.4_s20000,hierarchical4,1000,4,deviance_peel_control_hard,0,True,2090.27479864332,0.0,0,0.0,1,0.002,0.0,4,0.0,,
hierarchical4_n1000_ch1.4_s20000,hierarchical4,1000,4,deviance_peel_control_soft,2,True,,,0,0.0,1,0.002,0.0,4,0.0,-109745.10095694211,0.0
heterogeneous3_n2000_ch1.4_s20003,heterogeneous3,2000,3,raw_likelihood_peel_hard,0,True,3669.580256241241,0.0,0,0.0,1,0.0015,0.0,3,0.005,,
heterogeneous3_n2000_ch1.4_s20003,heterogeneous3,2000,3,raw_likelihood_peel_soft,2,True,,,0,0.0,1,0.0015,0.0,3,0.005,-198382.8880296965,0.0
heterogeneous3_n2000_ch1.4_s20003,heterogeneous3,2000,3,deviance_peel_control_hard,0,True,3669.580256241241,0.0,0,0.0,1,0.0015,0.0,3,0.005,,
heterogeneous3_n2000_ch1.4_s20003,heterogeneous3,2000,3,deviance_peel_control_soft,2,True,,,0,0.0,1,0.0015,0.0,3,0.005,-198382.8880296965,0.0
heterogeneous3_n2000_ch1.4_s20004,heterogeneous3,2000,3,raw_likelihood_peel_hard,0,True,3649.462739135305,0.0,1,0.0005,0,0.0015,0.0005,3,0.004,,
heterogeneous3_n2000_ch1.4_s20004,heterogeneous3,2000,3,raw_likelihood_peel_soft,2,True,,,1,0.0005,0,0.0015,0.0005,3,0.004,-198821.21698915056,0.0
heterogeneous3_n2000_ch1.4_s20004,heterogeneous3,2000,3,deviance_peel_control_hard,0,True,3649.462739135305,0.0,1,0.0005,0,0.0015,0.0005,3,0.004,,
heterogeneous3_n2000_ch1.4_s20004,heterogeneous3,2000,3,deviance_peel_control_soft,2,True,,,1,0.0005,0,0.0015,0.0005,3,0.004,-198821.21698915056,0.0
hierarchical4_n1000_ch1.4_s20001,hierarchical4,1000,4,raw_likelihood_peel_hard,0,True,1974.60094757173,0.0,0,0.0,1,0.266,0.0,4,0.0,,
hierarchical4_n1000_ch1.4_s20001,hierarchical4,1000,4,raw_likelihood_peel_soft,2,True,,,0,0.0,1,0.266,0.0,4,0.0,-109094.23460819792,0.0
hierarchical4_n1000_ch1.4_s20001,hierarchical4,1000,4,deviance_peel_control_hard,0,True,1974.60094757173,0.0,0,0.0,1,0.001,0.0,4,0.0,,
hierarchical4_n1000_ch1.4_s20001,hierarchical4,1000,4,deviance_peel_control_soft,2,True,,,0,0.0,1,0.001,0.0,4,0.0,-109094.23460819792,0.0
hierarchical4_n1000_ch1.4_s20002,hierarchical4,1000,4,raw_likelihood_peel_hard,0,True,2038.6038966522285,0.0,0,0.0,1,0.245,0.0,4,0.0,,
hierarchical4_n1000_ch1.4_s20002,hierarchical4,1000,4,raw_likelihood_peel_soft,2,True,,,0,0.0,1,0.245,0.0,4,0.0,-110093.4157795909,0.0
hierarchical4_n1000_ch1.4_s20002,hierarchical4,1000,4,deviance_peel_control_hard,0,True,2038.6038966522285,0.0,0,0.0,1,0.001,0.0,4,0.0,,
hierarchical4_n1000_ch1.4_s20002,hierarchical4,1000,4,deviance_peel_control_soft,2,True,,,0,0.0,1,0.001,0.0,4,0.0,-110093.4157795909,0.0
hierarchical4_n1000_ch1.4_s20003,hierarchical4,1000,4,raw_likelihood_peel_hard,0,True,1955.922700961582,0.0,0,0.0,1,0.21,0.0,4,0.0,,
hierarchical4_n1000_ch1.4_s20003,hierarchical4,1000,4,raw_likelihood_peel_soft,2,True,,,0,0.0,1,0.21,0.0,4,0.0,-110591.56099151338,0.0
hierarchical4_n1000_ch1.4_s20003,hierarchical4,1000,4,deviance_peel_control_hard,0,True,1955.922700961582,0.0,0,0.0,1,0.001,0.0,4,0.0,,
hierarchical4_n1000_ch1.4_s20003,hierarchical4,1000,4,deviance_peel_control_soft,2,True,,,0,0.0,1,0.001,0.0,4,0.0,-110591.5609915134,0.0
hierarchical4_n1000_ch1.4_s20004,hierarchical4,1000,4,raw_likelihood_peel_hard,1,True,1955.757563052342,0.0,0,0.0,1,0.249,0.001,4,0.0,,
hierarchical4_n1000_ch1.4_s20004,hierarchical4,1000,4,raw_likelihood_peel_soft,2,True,,,0,0.0,1,0.249,0.001,4,0.0,-110722.45347034556,0.0
hierarchical4_n1000_ch1.4_s20004,hierarchical4,1000,4,deviance_peel_control_hard,0,True,1955.757563052342,0.0,0,0.0,1,0.001,0.0,4,0.0,,
hierarchical4_n1000_ch1.4_s20004,hierarchical4,1000,4,deviance_peel_control_soft,2,True,,,0,0.0,1,0.001,0.0,4,0.0,-110722.45347034556,0.0
hierarchical4_n2000_ch0.8_s20001,hierarchical4,2000,4,raw_likelihood_peel_hard,1,True,3968.88504516056,0.0,1,0.0005,0,0.4045,0.006,4,0.0005,,
hierarchical4_n2000_ch0.8_s20001,hierarchical4,2000,4,raw_likelihood_peel_soft,3,True,,,1,0.0005,0,0.4045,0.006,4,0.0005,-189434.78558176276,0.0
hierarchical4_n2000_ch0.8_s20001,hierarchical4,2000,4,deviance_peel_control_hard,1,True,3968.88504516056,0.0,1,0.0005,0,0.006,0.001,4,0.0005,,
hierarchical4_n2000_ch0.8_s20001,hierarchical4,2000,4,deviance_peel_control_soft,2,True,,,1,0.0005,0,0.006,0.001,4,0.0005,-189434.7855930258,0.0
hierarchical4_n2000_ch0.8_s20000,hierarchical4,2000,4,raw_likelihood_peel_hard,1,True,3862.857290513257,0.0,0,0.0,1,0.4085,0.003,4,0.0,,
hierarchical4_n2000_ch0.8_s20000,hierarchical4,2000,4,raw_likelihood_peel_soft,3,True,,,0,0.0,1,0.4085,0.003,4,0.0,-191054.02988392927,0.0
hierarchical4_n2000_ch0.8_s20000,hierarchical4,2000,4,deviance_peel_control_hard,0,True,3862.857290513257,0.0,0,0.0,1,0.0015,0.0,4,0.0,,
hierarchical4_n2000_ch0.8_s20000,hierarchical4,2000,4,deviance_peel_control_soft,2,True,,,0,0.0,1,0.0015,0.0,4,0.0,-191054.02988395287,0.0
hierarchical4_n2000_ch0.8_s20002,hierarchical4,2000,4,raw_likelihood_peel_hard,2,True,3882.721947164516,0.0,1,0.0005,0,0.4485,0.019,4,0.0005,,
hierarchical4_n2000_ch0.8_s20002,hierarchical4,2000,4,raw_likelihood_peel_soft,3,True,,,1,0.0005,0,0.4485,0.019,4,0.0005,-188520.008691426,0.0
hierarchical4_n2000_ch0.8_s20002,hierarchical4,2000,4,deviance_peel_control_hard,1,True,3882.721947164516,0.0,1,0.0005,0,0.002,0.001,4,0.0005,,
hierarchical4_n2000_ch0.8_s20002,hierarchical4,2000,4,deviance_peel_control_soft,2,True,,,1,0.0005,0,0.002,0.001,4,0.0005,-188520.00869098183,0.0
hierarchical4_n2000_ch0.8_s20003,hierarchical4,2000,4,raw_likelihood_peel_hard,1,True,3893.939283687469,0.0,0,0.0,1,0.387,0.0015,4,0.0,,
hierarchical4_n2000_ch0.8_s20003,hierarchical4,2000,4,raw_likelihood_peel_soft,3,True,,,0,0.0,1,0.387,0.0015,4,0.0,-190985.8184976551,0.0
hierarchical4_n2000_ch0.8_s20003,hierarchical4,2000,4,deviance_peel_control_hard,0,True,3893.939283687469,0.0,0,0.0,1,0.001,0.0,4,0.0,,
hierarchical4_n2000_ch0.8_s20003,hierarchical4,2000,4,deviance_peel_control_soft,2,True,,,0,0.0,1,0.001,0.0,4,0.0,-190985.81849769,0.0
hierarchical4_n2000_ch0.8_s20004,hierarchical4,2000,4,raw_likelihood_peel_hard,2,True,4001.53501605123,0.0,0,0.0,1,0.4565,0.2265,3,0.0,,
hierarchical4_n2000_ch0.8_s20004,hierarchical4,2000,4,raw_likelihood_peel_soft,4,True,,,0,0.0,1,0.4565,0.2265,3,0.0,-189569.2979945568,0.0
hierarchical4_n2000_ch0.8_s20004,hierarchical4,2000,4,deviance_peel_control_hard,1,True,4001.53501605123,0.0,0,0.0,1,0.001,0.0005,4,0.0,,
hierarchical4_n2000_ch0.8_s20004,hierarchical4,2000,4,deviance_peel_control_soft,2,True,,,0,0.0,1,0.001,0.0005,4,0.0,-189569.29799496013,0.0
hierarchical4_n2000_ch1.4_s20000,hierarchical4,2000,4,raw_likelihood_peel_hard,0,True,4130.068800996464,0.0,0,0.0,1,0.305,0.0,4,0.0,,
hierarchical4_n2000_ch1.4_s20000,hierarchical4,2000,4,raw_likelihood_peel_soft,2,True,,,0,0.0,1,0.305,0.0,4,0.0,-286379.28663645394,0.0
hierarchical4_n2000_ch1.4_s20000,hierarchical4,2000,4,deviance_peel_control_hard,0,True,4130.068800996464,0.0,0,0.0,1,0.001,0.0,4,0.0,,
hierarchical4_n2000_ch1.4_s20000,hierarchical4,2000,4,deviance_peel_control_soft,2,True,,,0,0.0,1,0.001,0.0,4,0.0,-286379.2866364539,0.0
hierarchical4_n2000_ch1.4_s20001,hierarchical4,2000,4,raw_likelihood_peel_hard,1,True,4211.79061446063,0.0,0,0.0,1,0.354,0.0035,4,0.0,,
hierarchical4_n2000_ch1.4_s20001,hierarchical4,2000,4,raw_likelihood_peel_soft,3,True,,,0,0.0,1,0.354,0.0035,4,0.0,-285186.0968422996,0.0
hierarchical4_n2000_ch1.4_s20001,hierarchical4,2000,4,deviance_peel_control_hard,0,True,4211.79061446063,0.0,0,0.0,1,0.0005,0.0,4,0.0,,
hierarchical4_n2000_ch1.4_s20001,hierarchical4,2000,4,deviance_peel_control_soft,2,True,,,0,0.0,1,0.0005,0.0,4,0.0,-285186.0968422996,0.0
hierarchical4_n2000_ch1.4_s20002,hierarchical4,2000,4,raw_likelihood_peel_hard,0,True,4084.036178571677,0.0,0,0.0,1,0.324,0.0,4,0.0,,
hierarchical4_n2000_ch1.4_s20002,hierarchical4,2000,4,raw_likelihood_peel_soft,2,True,,,0,0.0,1,0.324,0.0,4,0.0,-284798.9139848391,0.0
hierarchical4_n2000_ch1.4_s20002,hierarchical4,2000,4,deviance_peel_control_hard,0,True,4084.036178571677,0.0,0,0.0,1,0.001,0.0,4,0.0,,
hierarchical4_n2000_ch1.4_s20002,hierarchical4,2000,4,deviance_peel_control_soft,2,True,,,0,0.0,1,0.001,0.0,4,0.0,-284798.91398483905,0.0
symmetric2_n1000_ch0.8_s20000,symmetric2,1000,2,raw_likelihood_peel_hard,2,True,1232.7671259581216,0.0,0,0.0,1,0.487,0.014,2,0.0,,
symmetric2_n1000_ch0.8_s20000,symmetric2,1000,2,raw_likelihood_peel_soft,3,True,,,0,0.0,1,0.487,0.014,2,0.0,-106837.50552416178,0.0
symmetric2_n1000_ch0.8_s20000,symmetric2,1000,2,deviance_peel_control_hard,0,True,1232.7671259581216,0.0,0,0.0,1,0.001,0.0,2,0.0,,
symmetric2_n1000_ch0.8_s20000,symmetric2,1000,2,deviance_peel_control_soft,2,True,,,0,0.0,1,0.001,0.0,2,0.0,-106837.50551553968,0.0
symmetric2_n1000_ch0.8_s20001,symmetric2,1000,2,raw_likelihood_peel_hard,1,True,1242.1849567399,0.0,0,0.0,1,0.453,0.053,2,0.0,,
symmetric2_n1000_ch0.8_s20001,symmetric2,1000,2,raw_likelihood_peel_soft,4,True,,,1,0.001,0,0.453,0.053,2,0.0,-104948.7546179925,0.0
symmetric2_n1000_ch0.8_s20001,symmetric2,1000,2,deviance_peel_control_hard,0,True,1242.195320635465,0.0,1,0.001,0,0.001,0.001,2,0.0,,
symmetric2_n1000_ch0.8_s20001,symmetric2,1000,2,deviance_peel_control_soft,2,True,,,1,0.001,0,0.001,0.001,2,0.0,-104948.75461852738,0.0
symmetric2_n1000_ch0.8_s20002,symmetric2,1000,2,raw_likelihood_peel_hard,2,True,1229.67337284802,0.0,2,0.002,0,0.469,0.036,2,0.002,,
symmetric2_n1000_ch0.8_s20002,symmetric2,1000,2,raw_likelihood_peel_soft,4,True,,,2,0.002,0,0.469,0.036,2,0.002,-105627.70079438828,0.0
symmetric2_n1000_ch0.8_s20002,symmetric2,1000,2,deviance_peel_control_hard,0,True,1229.67337284802,0.0,2,0.002,0,0.001,0.002,2,0.002,,
symmetric2_n1000_ch0.8_s20002,symmetric2,1000,2,deviance_peel_control_soft,2,True,,,2,0.002,0,0.001,0.002,2,0.002,-105627.70079439969,0.0
symmetric2_n1000_ch0.8_s20003,symmetric2,1000,2,raw_likelihood_peel_hard,2,True,1225.837895521666,0.0,0,0.0,1,0.491,0.157,2,0.0,,
symmetric2_n1000_ch0.8_s20003,symmetric2,1000,2,raw_likelihood_peel_soft,4,True,,,0,0.0,1,0.491,0.157,2,0.0,-106943.92297843398,0.0
symmetric2_n1000_ch0.8_s20003,symmetric2,1000,2,deviance_peel_control_hard,0,True,1225.837895521666,0.0,0,0.0,1,0.001,0.0,2,0.0,,
symmetric2_n1000_ch0.8_s20003,symmetric2,1000,2,deviance_peel_control_soft,2,True,,,0,0.0,1,0.001,0.0,2,0.0,-106943.92298047636,0.0
symmetric2_n1000_ch0.8_s20004,symmetric2,1000,2,raw_likelihood_peel_hard,1,True,1240.5555659773445,0.0,0,0.0,1,0.493,0.085,1,0.0,,
symmetric2_n1000_ch0.8_s20004,symmetric2,1000,2,raw_likelihood_peel_soft,3,True,,,0,0.0,1,0.493,0.085,1,0.0,-105601.6554716664,0.0
symmetric2_n1000_ch0.8_s20004,symmetric2,1000,2,deviance_peel_control_hard,0,True,1240.5555659773445,0.0,0,0.0,1,0.001,0.0,2,0.0,,
symmetric2_n1000_ch0.8_s20004,symmetric2,1000,2,deviance_peel_control_soft,2,True,,,0,0.0,1,0.001,0.0,2,0.0,-105601.65545698084,0.0
hierarchical4_n2000_ch1.4_s20003,hierarchical4,2000,4,raw_likelihood_peel_hard,0,True,4183.443297116549,0.0,0,0.0,1,0.332,0.0,4,0.0,,
hierarchical4_n2000_ch1.4_s20003,hierarchical4,2000,4,raw_likelihood_peel_soft,2,True,,,0,0.0,1,0.332,0.0,4,0.0,-286399.6530133313,0.0
hierarchical4_n2000_ch1.4_s20003,hierarchical4,2000,4,deviance_peel_control_hard,0,True,4183.443297116549,0.0,0,0.0,1,0.001,0.0,4,0.0,,
hierarchical4_n2000_ch1.4_s20003,hierarchical4,2000,4,deviance_peel_control_soft,2,True,,,0,0.0,1,0.001,0.0,4,0.0,-286399.6530133313,0.0
symmetric2_n1000_ch1.4_s20000,symmetric2,1000,2,raw_likelihood_peel_hard,0,True,1069.1905189721838,0.0,0,0.0,1,0.391,0.0,2,0.0,,
symmetric2_n1000_ch1.4_s20000,symmetric2,1000,2,raw_likelihood_peel_soft,3,True,,,0,0.0,1,0.391,0.0,2,0.0,-159309.8834988076,0.0
symmetric2_n1000_ch1.4_s20000,symmetric2,1000,2,deviance_peel_control_hard,0,True,1069.1905189721838,0.0,0,0.0,1,0.001,0.0,2,0.0,,
symmetric2_n1000_ch1.4_s20000,symmetric2,1000,2,deviance_peel_control_soft,2,True,,,0,0.0,1,0.001,0.0,2,0.0,-159309.88349880767,0.0
hierarchical4_n2000_ch1.4_s20004,hierarchical4,2000,4,raw_likelihood_peel_hard,0,True,4232.492073492989,0.0,0,0.0,1,0.3,0.0,4,0.0,,
hierarchical4_n2000_ch1.4_s20004,hierarchical4,2000,4,raw_likelihood_peel_soft,2,True,,,0,0.0,1,0.3,0.0,4,0.0,-285561.2016561581,0.0
hierarchical4_n2000_ch1.4_s20004,hierarchical4,2000,4,deviance_peel_control_hard,0,True,4232.492073492989,0.0,0,0.0,1,0.0005,0.0,4,0.0,,
hierarchical4_n2000_ch1.4_s20004,hierarchical4,2000,4,deviance_peel_control_soft,2,True,,,0,0.0,1,0.0005,0.0,4,0.0,-285561.2016561581,0.0
symmetric2_n1000_ch1.4_s20001,symmetric2,1000,2,raw_likelihood_peel_hard,0,True,1072.5293704092649,0.0,0,0.0,1,0.313,0.0,2,0.0,,
symmetric2_n1000_ch1.4_s20001,symmetric2,1000,2,raw_likelihood_peel_soft,2,True,,,0,0.0,1,0.313,0.0,2,0.0,-157935.53335025796,0.0
symmetric2_n1000_ch1.4_s20001,symmetric2,1000,2,deviance_peel_control_hard,0,True,1072.5293704092649,0.0,0,0.0,1,0.001,0.0,2,0.0,,
symmetric2_n1000_ch1.4_s20001,symmetric2,1000,2,deviance_peel_control_soft,2,True,,,0,0.0,1,0.001,0.0,2,0.0,-157935.53335025796,0.0
symmetric2_n1000_ch1.4_s20002,symmetric2,1000,2,raw_likelihood_peel_hard,0,True,1100.0985478686573,0.0,0,0.0,1,0.261,0.0,2,0.0,,
symmetric2_n1000_ch1.4_s20002,symmetric2,1000,2,raw_likelihood_peel_soft,2,True,,,0,0.0,1,0.261,0.0,2,0.0,-159916.4704189525,0.0
symmetric2_n1000_ch1.4_s20002,symmetric2,1000,2,deviance_peel_control_hard,0,True,1100.0985478686573,0.0,0,0.0,1,0.001,0.0,2,0.0,,
symmetric2_n1000_ch1.4_s20002,symmetric2,1000,2,deviance_peel_control_soft,2,True,,,0,0.0,1,0.001,0.0,2,0.0,-159916.4704189525,0.0
symmetric2_n1000_ch1.4_s20003,symmetric2,1000,2,raw_likelihood_peel_hard,0,True,1139.653852049123,0.0,0,0.0,1,0.319,0.0,2,0.0,,
symmetric2_n1000_ch1.4_s20003,symmetric2,1000,2,raw_likelihood_peel_soft,2,True,,,0,0.0,1,0.319,0.0,2,0.0,-160306.2309604503,0.0
symmetric2_n1000_ch1.4_s20003,symmetric2,1000,2,deviance_peel_control_hard,0,True,1139.653852049123,0.0,0,0.0,1,0.001,0.0,2,0.0,,
symmetric2_n1000_ch1.4_s20003,symmetric2,1000,2,deviance_peel_control_soft,2,True,,,0,0.0,1,0.001,0.0,2,0.0,-160306.2309604503,0.0
symmetric2_n1000_ch1.4_s20004,symmetric2,1000,2,raw_likelihood_peel_hard,0,True,1088.7054559454486,0.0,0,0.0,1,0.341,0.0,2,0.0,,
symmetric2_n1000_ch1.4_s20004,symmetric2,1000,2,raw_likelihood_peel_soft,2,True,,,0,0.0,1,0.341,0.0,2,0.0,-160162.11794598558,0.0
symmetric2_n1000_ch1.4_s20004,symmetric2,1000,2,deviance_peel_control_hard,0,True,1088.7054559454486,0.0,0,0.0,1,0.001,0.0,2,0.0,,
symmetric2_n1000_ch1.4_s20004,symmetric2,1000,2,deviance_peel_control_soft,2,True,,,0,0.0,1,0.001,0.0,2,0.0,-160162.11794598555,0.0
symmetric2_n2000_ch0.8_s20001,symmetric2,2000,2,raw_likelihood_peel_hard,2,True,2549.268684901198,0.0,0,0.0,1,0.4575,0.0455,2,0.0,,
symmetric2_n2000_ch0.8_s20001,symmetric2,2000,2,raw_likelihood_peel_soft,3,True,,,0,0.0,1,0.4575,0.0455,2,0.0,-266884.74375160574,0.0
symmetric2_n2000_ch0.8_s20001,symmetric2,2000,2,deviance_peel_control_hard,0,True,2549.268684901198,0.0,0,0.0,1,0.0005,0.0,2,0.0,,
symmetric2_n2000_ch0.8_s20001,symmetric2,2000,2,deviance_peel_control_soft,2,True,,,0,0.0,1,0.0005,0.0,2,0.0,-266884.74374684744,0.0
symmetric2_n2000_ch0.8_s20002,symmetric2,2000,2,raw_likelihood_peel_hard,1,True,2433.411085460163,0.0,1,0.0005,0,0.4715,0.014,2,0.0005,,
symmetric2_n2000_ch0.8_s20002,symmetric2,2000,2,raw_likelihood_peel_soft,3,True,,,1,0.0005,0,0.4715,0.014,2,0.0005,-267385.45173198055,0.0
symmetric2_n2000_ch0.8_s20002,symmetric2,2000,2,deviance_peel_control_hard,0,True,2433.411085460163,0.0,1,0.0005,0,0.0005,0.0005,2,0.0005,,
symmetric2_n2000_ch0.8_s20002,symmetric2,2000,2,deviance_peel_control_soft,2,True,,,1,0.0005,0,0.0005,0.0005,2,0.0005,-267385.4517319588,0.0
symmetric2_n2000_ch0.8_s20000,symmetric2,2000,2,raw_likelihood_peel_hard,2,True,2471.714939844925,0.0,0,0.0,1,0.4925,0.1815,1,0.0,,
symmetric2_n2000_ch0.8_s20000,symmetric2,2000,2,raw_likelihood_peel_soft,4,True,,,0,0.0,1,0.4925,0.1815,1,0.0,-272298.3576146567,0.0
symmetric2_n2000_ch0.8_s20000,symmetric2,2000,2,deviance_peel_control_hard,0,True,2471.714939844925,0.0,0,0.0,1,0.0015,0.0,2,0.0,,
symmetric2_n2000_ch0.8_s20000,symmetric2,2000,2,deviance_peel_control_soft,2,True,,,0,0.0,1,0.0015,0.0,2,0.0,-272298.35761465644,0.0
symmetric2_n2000_ch0.8_s20003,symmetric2,2000,2,raw_likelihood_peel_hard,1,True,2502.478232872972,0.0,0,0.0,1,0.4225,0.004,2,0.0,,
symmetric2_n2000_ch0.8_s20003,symmetric2,2000,2,raw_likelihood_peel_soft,3,True,,,0,0.0,1,0.4225,0.004,2,0.0,-270214.49829309224,0.0
symmetric2_n2000_ch0.8_s20003,symmetric2,2000,2,deviance_peel_control_hard,0,True,2502.478232872972,0.0,0,0.0,1,0.0005,0.0,2,0.0,,
symmetric2_n2000_ch0.8_s20003,symmetric2,2000,2,deviance_peel_control_soft,2,True,,,0,0.0,1,0.0005,0.0,2,0.0,-270214.4982931933,0.0
symmetric2_n2000_ch0.8_s20004,symmetric2,2000,2,raw_likelihood_peel_hard,1,True,2477.661207388677,0.0,0,0.0,1,0.4405,0.005,2,0.0,,
symmetric2_n2000_ch0.8_s20004,symmetric2,2000,2,raw_likelihood_peel_soft,3,True,,,0,0.0,1,0.4405,0.005,2,0.0,-269113.6054821507,0.0
symmetric2_n2000_ch0.8_s20004,symmetric2,2000,2,deviance_peel_control_hard,0,True,2477.661207388677,0.0,0,0.0,1,0.0015,0.0,2,0.0,,
symmetric2_n2000_ch0.8_s20004,symmetric2,2000,2,deviance_peel_control_soft,2,True,,,0,0.0,1,0.0015,0.0,2,0.0,-269113.6054820891,0.0
symmetric2_n2000_ch1.4_s20000,symmetric2,2000,2,raw_likelihood_peel_hard,1,True,2296.5892971502262,0.0,0,0.0,1,0.3995,0.0015,2,0.0,,
symmetric2_n2000_ch1.4_s20000,symmetric2,2000,2,raw_likelihood_peel_soft,3,True,,,0,0.0,1,0.3995,0.0015,2,0.0,-416311.7901412053,0.0
symmetric2_n2000_ch1.4_s20000,symmetric2,2000,2,deviance_peel_control_hard,0,True,2296.5892971502262,0.0,0,0.0,1,0.0005,0.0,2,0.0,,
symmetric2_n2000_ch1.4_s20000,symmetric2,2000,2,deviance_peel_control_soft,2,True,,,0,0.0,1,0.0005,0.0,2,0.0,-416311.7901412053,0.0
symmetric2_n2000_ch1.4_s20001,symmetric2,2000,2,raw_likelihood_peel_hard,0,True,2291.8660832944392,0.0,0,0.0,1,0.3855,0.0,2,0.0,,
symmetric2_n2000_ch1.4_s20001,symmetric2,2000,2,raw_likelihood_peel_soft,2,True,,,0,0.0,1,0.3855,0.0,2,0.0,-411176.3285008885,0.0
symmetric2_n2000_ch1.4_s20001,symmetric2,2000,2,deviance_peel_control_hard,0,True,2291.8660832944392,0.0,0,0.0,1,0.0005,0.0,2,0.0,,
symmetric2_n2000_ch1.4_s20001,symmetric2,2000,2,deviance_peel_control_soft,2,True,,,0,0.0,1,0.0005,0.0,2,0.0,-411176.3285008885,0.0
symmetric2_n2000_ch1.4_s20002,symmetric2,2000,2,raw_likelihood_peel_hard,0,True,2221.542631165117,0.0,0,0.0,1,0.3205,0.0,2,0.0,,
symmetric2_n2000_ch1.4_s20002,symmetric2,2000,2,raw_likelihood_peel_soft,2,True,,,0,0.0,1,0.3205,0.0,2,0.0,-412053.8774094038,0.0
symmetric2_n2000_ch1.4_s20002,symmetric2,2000,2,deviance_peel_control_hard,0,True,2221.542631165117,0.0,0,0.0,1,0.0005,0.0,2,0.0,,
symmetric2_n2000_ch1.4_s20002,symmetric2,2000,2,deviance_peel_control_soft,2,True,,,0,0.0,1,0.0005,0.0,2,0.0,-412053.8774094038,0.0
unequal3_n1000_ch0.8_s20000,unequal3,1000,3,raw_likelihood_peel_hard,10,True,3871.6801690717793,0.0,410,0.41,0,0.439,0.348,2,0.001,,
unequal3_n1000_ch0.8_s20000,unequal3,1000,3,raw_likelihood_peel_soft,40,True,,,354,0.354,0,0.439,0.348,2,0.001,-84656.82325326985,0.0
unequal3_n1000_ch0.8_s20000,unequal3,1000,3,deviance_peel_control_hard,2,True,1850.6214474589583,0.0,3,0.003,0,0.2,0.08,2,0.001,,
unequal3_n1000_ch0.8_s20000,unequal3,1000,3,deviance_peel_control_soft,4,True,,,3,0.003,0,0.2,0.08,2,0.001,-82723.60066057008,0.0
unequal3_n1000_ch0.8_s20001,unequal3,1000,3,raw_likelihood_peel_hard,6,True,2713.725296048713,0.0,423,0.423,0,0.445,0.355,2,0.031,,
unequal3_n1000_ch0.8_s20001,unequal3,1000,3,raw_likelihood_peel_soft,18,True,,,425,0.425,0,0.445,0.355,2,0.031,-78530.51621983346,0.0
unequal3_n1000_ch0.8_s20001,unequal3,1000,3,deviance_peel_control_hard,7,True,2713.725296048713,0.0,423,0.423,0,0.212,0.228,2,0.031,,
unequal3_n1000_ch0.8_s20001,unequal3,1000,3,deviance_peel_control_soft,22,True,,,425,0.425,0,0.212,0.228,2,0.031,-78530.51934476045,0.0
unequal3_n1000_ch0.8_s20002,unequal3,1000,3,raw_likelihood_peel_hard,11,True,4123.166858264369,0.0,407,0.407,0,0.486,0.347,2,0.0,,
unequal3_n1000_ch0.8_s20002,unequal3,1000,3,raw_likelihood_peel_soft,59,True,,,288,0.288,0,0.486,0.347,2,0.0,-83355.11553853643,0.0
unequal3_n1000_ch0.8_s20002,unequal3,1000,3,deviance_peel_control_hard,1,True,1720.8812722998105,0.0,0,0.0,1,0.2,0.061,2,0.0,,
unequal3_n1000_ch0.8_s20002,unequal3,1000,3,deviance_peel_control_soft,4,True,,,0,0.0,1,0.2,0.061,2,0.0,-81075.26834177594,0.0
unequal3_n1000_ch0.8_s20003,unequal3,1000,3,raw_likelihood_peel_hard,14,True,4069.946762241463,0.0,413,0.413,0,0.429,0.246,2,0.001,,
unequal3_n1000_ch0.8_s20003,unequal3,1000,3,raw_likelihood_peel_soft,11,True,,,228,0.228,0,0.429,0.246,2,0.001,-83679.03238348907,0.0
unequal3_n1000_ch0.8_s20003,unequal3,1000,3,deviance_peel_control_hard,2,True,1671.9124988305684,0.0,0,0.0,1,0.2,0.059,2,0.001,,
unequal3_n1000_ch0.8_s20003,unequal3,1000,3,deviance_peel_control_soft,4,True,,,0,0.0,1,0.2,0.059,2,0.001,-81411.43053966941,0.0
symmetric2_n2000_ch1.4_s20003,symmetric2,2000,2,raw_likelihood_peel_hard,0,True,2324.0545392657946,0.0,0,0.0,1,0.3795,0.0,2,0.0,,
symmetric2_n2000_ch1.4_s20003,symmetric2,2000,2,raw_likelihood_peel_soft,2,True,,,0,0.0,1,0.3795,0.0,2,0.0,-414022.3678232719,0.0
symmetric2_n2000_ch1.4_s20003,symmetric2,2000,2,deviance_peel_control_hard,0,True,2324.0545392657946,0.0,0,0.0,1,0.0005,0.0,2,0.0,,
symmetric2_n2000_ch1.4_s20003,symmetric2,2000,2,deviance_peel_control_soft,2,True,,,0,0.0,1,0.0005,0.0,2,0.0,-414022.3678232719,-5.820766091346741e-11
symmetric2_n2000_ch1.4_s20004,symmetric2,2000,2,raw_likelihood_peel_hard,1,True,2215.204691175336,0.0,0,0.0,1,0.3655,0.0005,2,0.0,,
symmetric2_n2000_ch1.4_s20004,symmetric2,2000,2,raw_likelihood_peel_soft,2,True,,,0,0.0,1,0.3655,0.0005,2,0.0,-412507.9863940858,0.0
symmetric2_n2000_ch1.4_s20004,symmetric2,2000,2,deviance_peel_control_hard,0,True,2215.204691175336,0.0,0,0.0,1,0.0005,0.0,2,0.0,,
symmetric2_n2000_ch1.4_s20004,symmetric2,2000,2,deviance_peel_control_soft,2,True,,,0,0.0,1,0.0005,0.0,2,0.0,-412507.9863940858,0.0
unequal3_n1000_ch0.8_s20004,unequal3,1000,3,raw_likelihood_peel_hard,7,True,3804.124490090917,0.0,447,0.447,0,0.454,0.293,2,0.003,,
unequal3_n1000_ch0.8_s20004,unequal3,1000,3,raw_likelihood_peel_soft,29,True,,,417,0.417,0,0.454,0.293,2,0.003,-84471.21679494329,0.0
unequal3_n1000_ch0.8_s20004,unequal3,1000,3,deviance_peel_control_hard,2,True,1827.6465972898663,0.0,0,0.0,1,0.2,0.078,2,0.003,,
unequal3_n1000_ch0.8_s20004,unequal3,1000,3,deviance_peel_control_soft,4,True,,,0,0.0,1,0.2,0.078,2,0.003,-82562.752633835,0.0
unequal3_n1000_ch1.4_s20000,unequal3,1000,3,raw_likelihood_peel_hard,10,True,5650.309321054645,0.0,448,0.448,0,0.31,0.237,2,0.0,,
unequal3_n1000_ch1.4_s20000,unequal3,1000,3,raw_likelihood_peel_soft,9,True,,,203,0.203,0,0.31,0.237,2,0.0,-125039.16205112796,0.0
unequal3_n1000_ch1.4_s20000,unequal3,1000,3,deviance_peel_control_hard,1,True,1746.6940057180163,0.0,0,0.0,1,0.2,0.068,2,0.0,,
unequal3_n1000_ch1.4_s20000,unequal3,1000,3,deviance_peel_control_soft,3,True,,,0,0.0,1,0.2,0.068,2,0.0,-121266.528031321,0.0
unequal3_n1000_ch1.4_s20001,unequal3,1000,3,raw_likelihood_peel_hard,9,True,5766.990915698461,0.0,420,0.42,0,0.412,0.227,2,0.0,,
unequal3_n1000_ch1.4_s20001,unequal3,1000,3,raw_likelihood_peel_soft,4,True,,,220,0.22,0,0.412,0.227,2,0.0,-123590.24703004373,0.0
unequal3_n1000_ch1.4_s20001,unequal3,1000,3,deviance_peel_control_hard,1,True,1678.6236097722265,0.0,0,0.0,1,0.2,0.05,2,0.0,,
unequal3_n1000_ch1.4_s20001,unequal3,1000,3,deviance_peel_control_soft,3,True,,,0,0.0,1,0.2,0.05,2,0.0,-119625.6587668858,0.0
unequal3_n1000_ch1.4_s20002,unequal3,1000,3,raw_likelihood_peel_hard,14,True,6218.254729746491,0.0,430,0.43,0,0.304,0.271,2,0.0,,
unequal3_n1000_ch1.4_s20002,unequal3,1000,3,raw_likelihood_peel_soft,23,True,,,254,0.254,0,0.304,0.271,2,0.0,-125376.20122541432,0.0
unequal3_n1000_ch1.4_s20002,unequal3,1000,3,deviance_peel_control_hard,1,True,1743.929300384229,0.0,0,0.0,1,0.2,0.062,2,0.0,,
unequal3_n1000_ch1.4_s20002,unequal3,1000,3,deviance_peel_control_soft,3,True,,,0,0.0,1,0.2,0.062,2,0.0,-121052.28744665223,0.0
unequal3_n1000_ch1.4_s20004,unequal3,1000,3,raw_likelihood_peel_hard,8,True,5904.9298692387165,0.0,434,0.434,0,0.416,0.247,2,0.0,,
unequal3_n1000_ch1.4_s20004,unequal3,1000,3,raw_likelihood_peel_soft,43,True,,,271,0.271,0,0.416,0.247,2,0.0,-125367.70583840462,0.0
unequal3_n1000_ch1.4_s20004,unequal3,1000,3,deviance_peel_control_hard,1,True,1757.5866352659584,0.0,0,0.0,1,0.2,0.05,2,0.0,,
unequal3_n1000_ch1.4_s20004,unequal3,1000,3,deviance_peel_control_soft,3,True,,,0,0.0,1,0.2,0.05,2,0.0,-121380.31470423569,0.0
unequal3_n1000_ch1.4_s20003,unequal3,1000,3,raw_likelihood_peel_hard,19,True,6056.057189793337,0.0,440,0.44,0,0.473,0.381,2,0.0,,
unequal3_n1000_ch1.4_s20003,unequal3,1000,3,raw_likelihood_peel_soft,89,True,,,258,0.258,0,0.473,0.381,2,0.0,-125392.5452115223,0.0
unequal3_n1000_ch1.4_s20003,unequal3,1000,3,deviance_peel_control_hard,2,True,1691.6944273490378,0.0,0,0.0,1,0.2,0.188,2,0.0,,
unequal3_n1000_ch1.4_s20003,unequal3,1000,3,deviance_peel_control_soft,4,True,,,0,0.0,1,0.2,0.188,2,0.0,-121169.10707413836,0.0
unequal3_n2000_ch0.8_s20000,unequal3,2000,3,raw_likelihood_peel_hard,12,True,8539.870887227045,0.0,875,0.4375,0,0.5005,0.4035,2,0.0,,
unequal3_n2000_ch0.8_s20000,unequal3,2000,3,raw_likelihood_peel_soft,15,True,,,791,0.3955,0,0.5005,0.4035,2,0.0,-213922.564982137,0.0
unequal3_n2000_ch0.8_s20000,unequal3,2000,3,deviance_peel_control_hard,2,True,3501.822850376018,0.0,0,0.0,1,0.2,0.07,2,0.0,,
unequal3_n2000_ch0.8_s20000,unequal3,2000,3,deviance_peel_control_soft,4,True,,,0,0.0,1,0.2,0.07,2,0.0,-209064.9760290045,0.0
unequal3_n2000_ch0.8_s20003,unequal3,2000,3,raw_likelihood_peel_hard,4,True,3476.024568864539,0.0,0,0.0,1,0.4435,0.214,2,0.0,,
unequal3_n2000_ch0.8_s20003,unequal3,2000,3,raw_likelihood_peel_soft,7,True,,,0,0.0,1,0.4435,0.214,2,0.0,-207287.03092411,0.0
unequal3_n2000_ch0.8_s20003,unequal3,2000,3,deviance_peel_control_hard,2,True,3476.024568864539,0.0,0,0.0,1,0.2,0.099,2,0.0,,
unequal3_n2000_ch0.8_s20003,unequal3,2000,3,deviance_peel_control_soft,4,True,,,0,0.0,1,0.2,0.099,2,0.0,-207287.03092388035,0.0
unequal3_n2000_ch0.8_s20001,unequal3,2000,3,raw_likelihood_peel_hard,15,True,8500.725949596479,0.0,859,0.4295,0,0.491,0.402,2,0.0005,,
unequal3_n2000_ch0.8_s20001,unequal3,2000,3,raw_likelihood_peel_soft,56,True,,,609,0.3045,0,0.491,0.402,2,0.0005,-212008.9428586131,0.0
unequal3_n2000_ch0.8_s20001,unequal3,2000,3,deviance_peel_control_hard,2,True,3580.72215567381,0.0,0,0.0,1,0.2,0.065,2,0.0005,,
unequal3_n2000_ch0.8_s20001,unequal3,2000,3,deviance_peel_control_soft,4,True,,,0,0.0,1,0.2,0.065,2,0.0005,-207300.8137158985,0.0
unequal3_n2000_ch0.8_s20002,unequal3,2000,3,raw_likelihood_peel_hard,12,True,8533.252876838656,0.0,864,0.432,0,0.529,0.418,2,0.001,,
unequal3_n2000_ch0.8_s20002,unequal3,2000,3,raw_likelihood_peel_soft,30,True,,,777,0.3885,0,0.529,0.418,2,0.001,-211550.4323247568,0.0
unequal3_n2000_ch0.8_s20002,unequal3,2000,3,deviance_peel_control_hard,2,True,3532.1744077455314,0.0,0,0.0,1,0.199,0.074,2,0.001,,
unequal3_n2000_ch0.8_s20002,unequal3,2000,3,deviance_peel_control_soft,4,True,,,0,0.0,1,0.199,0.074,2,0.001,-206736.6985832121,0.0
unequal3_n2000_ch0.8_s20004,unequal3,2000,3,raw_likelihood_peel_hard,3,True,3425.875719627587,0.0,0,0.0,1,0.3995,0.2805,2,0.001,,
unequal3_n2000_ch0.8_s20004,unequal3,2000,3,raw_likelihood_peel_soft,5,True,,,0,0.0,1,0.3995,0.2805,2,0.001,-206268.5932230596,0.0
unequal3_n2000_ch0.8_s20004,unequal3,2000,3,deviance_peel_control_hard,2,True,3425.875719627587,0.0,0,0.0,1,0.1995,0.0305,2,0.001,,
unequal3_n2000_ch0.8_s20004,unequal3,2000,3,deviance_peel_control_soft,4,True,,,0,0.0,1,0.1995,0.0305,2,0.001,-206268.59322305556,0.0
unequal3_n2000_ch1.4_s20002,unequal3,2000,3,raw_likelihood_peel_hard,9,True,12833.36485504908,0.0,859,0.4295,0,0.4535,0.239,2,0.0,,
unequal3_n2000_ch1.4_s20002,unequal3,2000,3,raw_likelihood_peel_soft,12,True,,,631,0.3155,0,0.4535,0.239,2,0.0,-319943.2265932604,0.0
unequal3_n2000_ch1.4_s20002,unequal3,2000,3,deviance_peel_control_hard,1,True,3521.124103628588,0.0,0,0.0,1,0.2,0.0675,2,0.0,,
unequal3_n2000_ch1.4_s20002,unequal3,2000,3,deviance_peel_control_soft,3,True,,,0,0.0,1,0.2,0.0675,2,0.0,-310873.4632714698,0.0
unequal3_n2000_ch1.4_s20000,unequal3,2000,3,raw_likelihood_peel_hard,19,True,12798.110716865644,0.0,900,0.45,0,0.466,0.389,2,0.0,,
unequal3_n2000_ch1.4_s20000,unequal3,2000,3,raw_likelihood_peel_soft,35,True,,,751,0.3755,0,0.466,0.389,2,0.0,-323778.7403330585,0.0
unequal3_n2000_ch1.4_s20000,unequal3,2000,3,deviance_peel_control_hard,1,True,3409.491261713757,0.0,0,0.0,1,0.2,0.0995,2,0.0,,
unequal3_n2000_ch1.4_s20000,unequal3,2000,3,deviance_peel_control_soft,3,True,,,0,0.0,1,0.2,0.0995,2,0.0,-314632.01980379707,0.0
unequal3_n2000_ch1.4_s20001,unequal3,2000,3,raw_likelihood_peel_hard,11,True,12989.330850651597,0.0,872,0.436,0,0.446,0.4395,2,0.0,,
unequal3_n2000_ch1.4_s20001,unequal3,2000,3,raw_likelihood_peel_soft,94,True,,,519,0.2595,0,0.446,0.4395,2,0.0,-319234.40761789784,0.0
unequal3_n2000_ch1.4_s20001,unequal3,2000,3,deviance_peel_control_hard,1,True,3534.534229701034,0.0,0,0.0,1,0.2,0.1065,2,0.0,,
unequal3_n2000_ch1.4_s20001,unequal3,2000,3,deviance_peel_control_soft,3,True,,,0,0.0,1,0.2,0.1065,2,0.0,-310039.14748838067,0.0
unequal3_n2000_ch1.4_s20003,unequal3,2000,3,raw_likelihood_peel_hard,23,True,13003.126902698194,0.0,897,0.4485,0,0.431,0.2825,2,0.0,,
unequal3_n2000_ch1.4_s20003,unequal3,2000,3,raw_likelihood_peel_soft,59,True,,,664,0.332,0,0.431,0.2825,2,0.0,-322216.5015372519,0.0
unequal3_n2000_ch1.4_s20003,unequal3,2000,3,deviance_peel_control_hard,1,True,3616.5715816543234,0.0,0,0.0,1,0.2,0.042,2,0.0,,
unequal3_n2000_ch1.4_s20003,unequal3,2000,3,deviance_peel_control_soft,3,True,,,0,0.0,1,0.2,0.042,2,0.0,-313055.56041199743,0.0
unequal3_n2000_ch1.4_s20004,unequal3,2000,3,raw_likelihood_peel_hard,29,True,12850.690961089573,0.0,891,0.4455,0,0.4185,0.244,2,0.0,,
unequal3_n2000_ch1.4_s20004,unequal3,2000,3,raw_likelihood_peel_soft,9,True,,,402,0.201,0,0.4185,0.244,2,0.0,-320589.87175990664,0.0
unequal3_n2000_ch1.4_s20004,unequal3,2000,3,deviance_peel_control_hard,1,True,3408.3820431477748,0.0,0,0.0,1,0.2,0.0605,2,0.0,,
unequal3_n2000_ch1.4_s20004,unequal3,2000,3,deviance_peel_control_soft,3,True,,,0,0.0,1,0.2,0.0605,2,0.0,-311399.36273815285,0.0
