model,n,signal_target,method,selection,runs,graphs,exact_runs,near_1pct_runs,exact_fraction,near_1pct_fraction,error_rate_mean,error_rate_median,error_rate_q10,error_rate_q90,error_rate_min,error_rate_max,signal_achieved_min,signal_achieved_max,elapsed_mean,empty_group_runs,first_recorded_near_hit_mean,first_recorded_near_hit_median,first_recorded_near_hit_runs_observed,last20_near_fraction_mean,last20_near_fraction_median,last20_near_fraction_runs_observed,last20_error_mean_mean,last20_error_mean_median,last20_error_mean_runs_observed,last20_error_q90_mean,last20_error_q90_median,last20_error_q90_runs_observed,last20_exact_fraction_mean,last20_exact_fraction_median,last20_exact_fraction_runs_observed
balanced2,1024,1.35,em,final,4,2,0,0,0.0,0.0,0.4921875,0.4921875,0.486328125,0.498046875,0.486328125,0.498046875,1.35,1.35,1.7544592249323614,0,,,0,0.0,0.0,4,0.4921875,0.4921875,4,0.4921875,0.4921875,4,0.0,0.0,4
balanced2,1024,1.35,gibbs,final,4,2,0,0,0.0,0.0,0.48828125,0.48876953125,0.47890625,0.497265625,0.4765625,0.4990234375,1.35,1.35,8.126516050018836,0,,,0,0.0,0.0,4,0.48757595486111116,0.4876603491512346,4,0.498291015625,0.498046875,4,0.0,0.0,4
balanced2,1024,1.35,gibbs6,final,4,2,0,0,0.0,0.0,0.4912109375,0.490234375,0.48662109375,0.49658203125,0.486328125,0.498046875,1.35,1.35,51.12199250044068,0,,,0,0.0,0.0,4,0.4877115885416667,0.4878231095679012,4,0.498046875,0.498046875,4,0.0,0.0,4
balanced2,1024,1.35,icm,final,4,2,0,0,0.0,0.0,0.4921875,0.4921875,0.4873046875,0.4970703125,0.4873046875,0.4970703125,1.35,1.35,7.574242324975785,0,,,0,0.0,0.0,4,0.4921875,0.4921875,4,0.4921875,0.4921875,4,0.0,0.0,4
balanced2,1024,1.35,pt,final,4,2,0,0,0.0,0.0,0.483154296875,0.490234375,0.4658203125,0.49482421875,0.45703125,0.4951171875,1.35,1.35,45.65120822499739,0,,,0,0.0,0.0,4,0.4877658420138889,0.4878291377314815,4,0.498046875,0.498046875,4,0.0,0.0,4
balanced2,1024,1.35,spectral_kmeans,final,2,2,2,2,1.0,1.0,0.0,0.0,0.0,0.0,0.0,0.0,1.35,1.35,0.054897599969990496,0,,,0,,,0,,,0,,,0,,,0
balanced6,512,1.35,em,final,4,2,0,0,0.0,0.0,0.8037109375,0.8037109375,0.791015625,0.81640625,0.791015625,0.81640625,1.3500000000000016,1.3500000000000016,0.14336185011779887,4,,,0,0.0,0.0,4,0.80322265625,0.8031529017857143,4,0.8037109375,0.8037109375,4,0.0,0.0,4
balanced6,512,1.35,gibbs,final,4,2,4,4,1.0,1.0,0.0,0.0,0.0,0.0,0.0,0.0,1.3500000000000016,1.3500000000000016,7.955531674961094,0,132.5,132.5,4,1.0,1.0,4,1.2056327160493826e-05,0.0,4,0.0,0.0,4,0.9938271604938271,1.0,4
balanced6,512,1.35,gibbs6,final,4,2,4,4,1.0,1.0,0.0,0.0,0.0,0.0,0.0,0.0,1.3500000000000016,1.3500000000000016,46.7450576001429,0,128.75,95.0,4,1.0,1.0,4,2.4112654320987653e-05,1.2056327160493826e-05,4,0.0,0.0,4,0.9876543209876543,0.9938271604938271,4
balanced6,512,1.35,icm,final,4,2,1,1,0.25,0.25,0.2861328125,0.3271484375,0.09199218750000002,0.44746093750000004,0.0,0.490234375,1.3500000000000016,1.3500000000000016,8.05483144999016,1,5.0,5.0,1,0.25,0.0,4,0.2861328125,0.3271484375,4,0.2861328125,0.3271484375,4,0.25,0.0,4
balanced6,512,1.35,pt,final,4,2,4,4,1.0,1.0,0.0,0.0,0.0,0.0,0.0,0.0,1.3500000000000016,1.3500000000000016,36.38870919996407,0,106.25,115.0,4,1.0,1.0,4,1.2056327160493826e-05,1.2056327160493826e-05,4,0.0,0.0,4,0.9938271604938271,0.9938271604938271,4
balanced6,512,1.35,spectral_kmeans,final,2,2,2,2,1.0,1.0,0.0,0.0,0.0,0.0,0.0,0.0,1.3500000000000016,1.3500000000000016,0.07895464997272936,0,,,0,,,0,,,0,,,0,,,0
hierarchy4,1024,1.35,em,final,4,2,0,0,0.0,0.0,0.72802734375,0.72802734375,0.7265625,0.7294921875,0.7265625,0.7294921875,1.350000000000002,1.350000000000002,0.40929629997117445,4,,,0,0.0,0.0,4,0.72802734375,0.72802734375,4,0.72802734375,0.72802734375,4,0.0,0.0,4
hierarchy4,1024,1.35,gibbs,final,4,2,2,2,0.5,0.5,0.148681640625,0.115234375,0.0,0.32412109375000003,0.0,0.3642578125,1.350000000000002,1.350000000000002,7.665100775077008,0,1397.5,1397.5,2,0.40740740740740744,0.3148148148148148,4,0.17455150462962965,0.16441816165123457,4,0.216796875,0.24658203125,4,0.404320987654321,0.30864197530864196,4
hierarchy4,1024,1.35,gibbs6,final,4,2,2,2,0.5,0.5,0.12109375,0.12109375,0.0,0.2421875,0.0,0.2421875,1.350000000000002,1.350000000000002,40.90647569968132,0,1037.5,1037.5,2,0.5,0.5,4,0.12011417341820987,0.11980372299382716,4,0.124267578125,0.1240234375,4,0.49691358024691357,0.49382716049382713,4
hierarchy4,1024,1.35,icm,final,4,2,0,0,0.0,0.0,0.44140625,0.427734375,0.35791015625,0.53583984375,0.353515625,0.556640625,1.350000000000002,1.350000000000002,6.508067499962635,1,,,0,0.0,0.0,4,0.44140625,0.427734375,4,0.44140625,0.427734375,4,0.0,0.0,4
hierarchy4,1024,1.35,pt,final,4,2,2,2,0.5,0.5,0.1240234375,0.12353515625,0.0,0.2484375,0.0,0.2490234375,1.350000000000002,1.350000000000002,33.36133217503084,0,1360.0,1360.0,2,0.5,0.5,4,0.12009307484567902,0.11979166666666667,4,0.124267578125,0.1240234375,4,0.49691358024691357,0.49382716049382713,4
hierarchy4,1024,1.35,spectral_kmeans,final,2,2,2,2,1.0,1.0,0.0,0.0,0.0,0.0,0.0,0.0,1.350000000000002,1.350000000000002,0.0147542998893186,0,,,0,,,0,,,0,,,0,,,0
