model,n,signal_target,method,selection,runs,graphs,exact_runs,near_1pct_runs,exact_fraction,near_1pct_fraction,error_rate_mean,error_rate_median,error_rate_q10,error_rate_q90,error_rate_min,error_rate_max,signal_achieved_min,signal_achieved_max,elapsed_mean,empty_group_runs
balanced2,512,0.65,em,best_posterior,10,5,0,0,0.0,0.0,0.4828125,0.486328125,0.466796875,0.5,0.466796875,0.5,0.6500000000000015,0.6500000000000015,0.10526183003094043,0
balanced2,512,0.65,gibbs,best_posterior,10,5,0,0,0.0,0.0,0.474609375,0.4755859375,0.446875,0.4912109375,0.443359375,0.5,0.6500000000000015,0.6500000000000015,1.080644719977863,0
balanced2,512,0.65,gibbs6,best_posterior,10,5,0,0,0.0,0.0,0.484375,0.4853515625,0.4724609375,0.4943359375,0.470703125,0.49609375,0.6500000000000015,0.6500000000000015,6.608983320067637,0
balanced2,512,0.65,icm,best_posterior,10,5,0,0,0.0,0.0,0.480078125,0.48046875,0.466796875,0.5,0.466796875,0.5,0.6500000000000015,0.6500000000000015,0.9533365199808032,0
balanced2,512,0.65,pt,best_posterior,10,5,0,0,0.0,0.0,0.478515625,0.486328125,0.4533203125,0.4947265625,0.4375,0.5,0.6500000000000015,0.6500000000000015,6.592852159985341,0
balanced2,512,0.65,spectral_kmeans,best_posterior,5,5,0,5,0.0,1.0,0.003515625,0.001953125,0.001953125,0.005859375,0.001953125,0.005859375,0.6500000000000015,0.6500000000000015,0.04427531999535854,0
balanced2,512,1.35,em,best_posterior,10,5,0,0,0.0,0.0,0.4689453125,0.474609375,0.431640625,0.5,0.431640625,0.5,1.350000000000001,1.350000000000001,0.16970826999749983,0
balanced2,512,1.35,gibbs,best_posterior,10,5,3,3,0.3,0.3,0.3384765625,0.47265625,0.0,0.4962890625,0.0,0.498046875,1.350000000000001,1.350000000000001,1.064848249987699,0
balanced2,512,1.35,gibbs6,best_posterior,10,5,8,8,0.8,0.8,0.0978515625,0.0,0.0,0.4822265625,0.0,0.498046875,1.350000000000001,1.350000000000001,6.50966879001353,0
balanced2,512,1.35,icm,best_posterior,10,5,3,3,0.3,0.3,0.334765625,0.47265625,0.0,0.49609375,0.0,0.49609375,1.350000000000001,1.350000000000001,1.0537819399498403,0
balanced2,512,1.35,pt,best_posterior,10,5,1,1,0.1,0.1,0.426953125,0.478515625,0.376171875,0.4962890625,0.0,0.498046875,1.350000000000001,1.350000000000001,6.699017810006626,0
balanced2,512,1.35,spectral_kmeans,best_posterior,5,5,5,5,1.0,1.0,0.0,0.0,0.0,0.0,0.0,0.0,1.350000000000001,1.350000000000001,0.02428191998042162,0
disassort3,512,0.65,em,best_posterior,10,5,0,0,0.0,0.0,0.359765625,0.326171875,0.314453125,0.48007812499999997,0.314453125,0.529296875,0.6500000000000004,0.6500000000000004,0.4037615199806169,0
disassort3,512,0.65,gibbs,best_posterior,10,5,0,0,0.0,0.0,0.2876953125,0.3193359375,0.26328125,0.328125,0.013671875,0.328125,0.6500000000000004,0.6500000000000004,1.7266662599518896,0
disassort3,512,0.65,gibbs6,best_posterior,10,5,0,1,0.0,0.1,0.2908203125,0.32421875,0.2767578125,0.3265625,0.0078125,0.330078125,0.6500000000000004,0.6500000000000004,10.793301250040532,0
disassort3,512,0.65,icm,best_posterior,10,5,0,0,0.0,0.0,0.319140625,0.3193359375,0.3125,0.326171875,0.3125,0.326171875,0.6500000000000004,0.6500000000000004,1.7221531000453978,0
disassort3,512,0.65,pt,best_posterior,10,5,0,0,0.0,0.0,0.2869140625,0.318359375,0.273828125,0.326171875,0.013671875,0.326171875,0.6500000000000004,0.6500000000000004,10.971716180001385,0
disassort3,512,0.65,spectral_kmeans,best_posterior,5,5,0,3,0.0,0.6,0.009765625,0.009765625,0.00546875,0.013671875,0.00390625,0.013671875,0.6500000000000004,0.6500000000000004,0.01010765996761612,0
disassort3,512,1.35,em,best_posterior,10,5,0,0,0.0,0.0,0.326953125,0.306640625,0.30078125,0.34492187499999993,0.30078125,0.49609375,1.3499999999999996,1.3499999999999996,0.24604192997794594,0
disassort3,512,1.35,gibbs,best_posterior,10,5,8,8,0.8,0.8,0.0626953125,0.0,0.0,0.3111328125,0.0,0.31640625,1.3499999999999996,1.3499999999999996,1.8739725000225007,0
disassort3,512,1.35,gibbs6,best_posterior,10,5,10,10,1.0,1.0,0.0,0.0,0.0,0.0,0.0,0.0,1.3499999999999996,1.3499999999999996,11.333718580077402,0
disassort3,512,1.35,icm,best_posterior,10,5,3,3,0.3,0.3,0.2326171875,0.30078125,0.0,0.34277343749999994,0.0,0.474609375,1.3499999999999996,1.3499999999999996,1.6462377599906177,0
disassort3,512,1.35,pt,best_posterior,10,5,10,10,1.0,1.0,0.0,0.0,0.0,0.0,0.0,0.0,1.3499999999999996,1.3499999999999996,10.51212659003213,0
disassort3,512,1.35,spectral_kmeans,best_posterior,5,5,5,5,1.0,1.0,0.0,0.0,0.0,0.0,0.0,0.0,1.3499999999999996,1.3499999999999996,0.014902120037004299,0
hierarchy4,512,0.65,em,best_posterior,10,5,0,0,0.0,0.0,0.6529296875,0.6728515625,0.5505859375,0.7314453125,0.548828125,0.740234375,0.6499999999999991,0.6499999999999991,0.11260994994081552,4
hierarchy4,512,0.65,gibbs,best_posterior,10,5,0,0,0.0,0.0,0.3845703125,0.3740234375,0.253125,0.4796875,0.24609375,0.490234375,0.6499999999999991,0.6499999999999991,1.7210739699890838,0
hierarchy4,512,0.65,gibbs6,best_posterior,10,5,0,0,0.0,0.0,0.301953125,0.2509765625,0.22734375,0.38632812499999997,0.19921875,0.48828125,0.6499999999999991,0.6499999999999991,10.202564109978265,0
hierarchy4,512,0.65,icm,best_posterior,10,5,0,2,0.0,0.2,0.3537109375,0.4853515625,0.0056640625,0.49609375,0.00390625,0.49609375,0.6499999999999991,0.6499999999999991,1.6847254799446092,1
hierarchy4,512,0.65,pt,best_posterior,10,5,0,0,0.0,0.0,0.401171875,0.4599609375,0.2419921875,0.4720703125,0.240234375,0.484375,0.6499999999999991,0.6499999999999991,11.025677530025131,0
hierarchy4,512,0.65,spectral_kmeans,best_posterior,5,5,0,5,0.0,1.0,0.005859375,0.0078125,0.002734375,0.0078125,0.001953125,0.0078125,0.6499999999999991,0.6499999999999991,0.00976904006674882,0
hierarchy4,512,1.35,em,best_posterior,10,5,0,0,0.0,0.0,0.556640625,0.5556640625,0.4931640625,0.6357421875,0.431640625,0.64453125,1.3499999999999972,1.3499999999999972,0.08970111000817263,0
hierarchy4,512,1.35,gibbs,best_posterior,10,5,6,6,0.6,0.6,0.1431640625,0.0,0.0,0.365234375,0.0,0.365234375,1.3499999999999972,1.3499999999999972,1.840693699941039,0
hierarchy4,512,1.35,gibbs6,best_posterior,10,5,10,10,1.0,1.0,0.0,0.0,0.0,0.0,0.0,0.0,1.3499999999999972,1.3499999999999972,11.166903469967655,0
hierarchy4,512,1.35,icm,best_posterior,10,5,0,0,0.0,0.0,0.355859375,0.30078125,0.245703125,0.49609375,0.2421875,0.49609375,1.3499999999999972,1.3499999999999972,2.2249557999894023,5
hierarchy4,512,1.35,pt,best_posterior,10,5,8,8,0.8,0.8,0.073046875,0.0,0.0,0.363671875,0.0,0.3671875,1.3499999999999972,1.3499999999999972,12.900954830017872,0
hierarchy4,512,1.35,spectral_kmeans,best_posterior,5,5,5,5,1.0,1.0,0.0,0.0,0.0,0.0,0.0,0.0,1.3499999999999972,1.3499999999999972,0.00952752009034152,0
unequal3,512,0.65,em,best_posterior,10,5,0,0,0.0,0.0,0.34765625,0.4296875,0.0380859375,0.4376953125,0.01171875,0.439453125,0.649999999999999,0.649999999999999,0.0816617199918255,0
unequal3,512,0.65,gibbs,best_posterior,10,5,0,2,0.0,0.2,0.2271484375,0.2431640625,0.0078125,0.4248046875,0.0078125,0.43359375,0.649999999999999,0.649999999999999,1.4697461899835615,0
unequal3,512,0.65,gibbs6,best_posterior,10,5,0,2,0.0,0.2,0.0447265625,0.0478515625,0.005859375,0.06875,0.005859375,0.072265625,0.649999999999999,0.649999999999999,8.428468009922653,0
unequal3,512,0.65,icm,best_posterior,10,5,0,1,0.0,0.1,0.08125,0.0498046875,0.0287109375,0.09550781249999987,0.005859375,0.427734375,0.649999999999999,0.649999999999999,1.3493237900314852,0
unequal3,512,0.65,pt,best_posterior,10,5,0,1,0.0,0.1,0.165625,0.0732421875,0.033984375,0.4396484375,0.005859375,0.44140625,0.649999999999999,0.649999999999999,7.803509779972956,0
unequal3,512,0.65,spectral_kmeans,best_posterior,5,5,0,0,0.0,0.0,0.34453125,0.42578125,0.17500000000000002,0.4328125,0.01171875,0.43359375,0.649999999999999,0.649999999999999,0.017075600009411517,0
unequal3,512,1.35,em,best_posterior,10,5,6,6,0.6,0.6,0.1767578125,0.0,0.0,0.4455078125,0.0,0.447265625,1.35,1.35,0.04804691993631417,0
unequal3,512,1.35,gibbs,best_posterior,10,5,5,5,0.5,0.5,0.217578125,0.2099609375,0.0,0.4439453125,0.0,0.44921875,1.35,1.35,1.281271449988708,0
unequal3,512,1.35,gibbs6,best_posterior,10,5,10,10,1.0,1.0,0.0,0.0,0.0,0.0,0.0,0.0,1.35,1.35,7.661577799962833,0
unequal3,512,1.35,icm,best_posterior,10,5,3,3,0.3,0.3,0.3,0.4169921875,0.0,0.4453125,0.0,0.4453125,1.35,1.35,1.2188922499772161,0
unequal3,512,1.35,pt,best_posterior,10,5,9,9,0.9,0.9,0.044140625,0.0,0.0,0.04414062499999984,0.0,0.44140625,1.35,1.35,7.660111439996399,0
unequal3,512,1.35,spectral_kmeans,best_posterior,5,5,5,5,1.0,1.0,0.0,0.0,0.0,0.0,0.0,0.0,1.35,1.35,0.00998294004239136,0
