model,n,ch,method,graphs,mean_error,exact,converged,mean_iterations,max_iterations
disassortative3,1000,0.8,converged_EM,5,0.0062,0,5,2.0,2.0
disassortative3,1000,0.8,direct_Gaussian,5,0.0072,0,5,3.6,4.0
disassortative3,1000,0.8,initial_E,5,0.0062,0,0,0.0,0.0
disassortative3,1000,0.8,km_U,5,0.0064,0,0,4.8,6.0
disassortative3,1000,0.8,km_X,5,0.0062,0,0,4.4,6.0
disassortative3,1000,0.8,one_EM_iteration,5,0.0062,0,0,1.0,1.0
disassortative3,1000,1.4,converged_EM,5,0.0,5,5,16.6,29.0
disassortative3,1000,1.4,direct_Gaussian,5,0.0,5,5,1.2,2.0
disassortative3,1000,1.4,initial_E,5,0.0,5,0,0.0,0.0
disassortative3,1000,1.4,km_U,5,0.0,5,0,2.6,3.0
disassortative3,1000,1.4,km_X,5,0.0,5,0,2.8,3.0
disassortative3,1000,1.4,one_EM_iteration,5,0.0,5,2,1.0,1.0
disassortative3,2000,0.8,converged_EM,5,0.0056,0,5,2.0,2.0
disassortative3,2000,0.8,direct_Gaussian,5,0.006,0,5,3.0,3.0
disassortative3,2000,0.8,initial_E,5,0.0056,0,0,0.0,0.0
disassortative3,2000,0.8,km_U,5,0.005699999999999999,0,0,5.8,12.0
disassortative3,2000,0.8,km_X,5,0.0058,0,0,4.4,5.0
disassortative3,2000,0.8,one_EM_iteration,5,0.0056,0,0,1.0,1.0
disassortative3,2000,1.4,converged_EM,5,0.0,5,5,18.6,25.0
disassortative3,2000,1.4,direct_Gaussian,5,0.0,5,5,1.0,1.0
disassortative3,2000,1.4,initial_E,5,0.0,5,0,0.0,0.0
disassortative3,2000,1.4,km_U,5,0.0,5,0,3.0,3.0
disassortative3,2000,1.4,km_X,5,0.0,5,0,3.0,3.0
disassortative3,2000,1.4,one_EM_iteration,5,0.0,5,0,1.0,1.0
equal3,1000,0.8,converged_EM,5,0.0004,3,5,4.2,5.0
equal3,1000,0.8,direct_Gaussian,5,0.0006000000000000001,2,5,2.0,2.0
equal3,1000,0.8,initial_E,5,0.0004,3,0,0.0,0.0
equal3,1000,0.8,km_U,5,0.0002,4,0,3.2,4.0
equal3,1000,0.8,km_X,5,0.0004,3,0,3.4,4.0
equal3,1000,0.8,one_EM_iteration,5,0.0004,3,0,1.0,1.0
equal3,1000,1.4,converged_EM,5,0.0,5,5,3.0,3.0
equal3,1000,1.4,direct_Gaussian,5,0.0,5,5,1.0,1.0
equal3,1000,1.4,initial_E,5,0.0,5,0,0.0,0.0
equal3,1000,1.4,km_U,5,0.0,5,0,2.0,2.0
equal3,1000,1.4,km_X,5,0.0,5,0,2.4,3.0
equal3,1000,1.4,one_EM_iteration,5,0.0,5,0,1.0,1.0
equal3,2000,0.8,converged_EM,5,0.0,5,5,3.8,4.0
equal3,2000,0.8,direct_Gaussian,5,0.0001,4,5,1.8,2.0
equal3,2000,0.8,initial_E,5,0.0,5,0,0.0,0.0
equal3,2000,0.8,km_U,5,0.0,5,0,2.8,3.0
equal3,2000,0.8,km_X,5,0.0001,4,0,3.0,4.0
equal3,2000,0.8,one_EM_iteration,5,0.0,5,0,1.0,1.0
equal3,2000,1.4,converged_EM,5,0.0,5,5,2.4,3.0
equal3,2000,1.4,direct_Gaussian,5,0.0,5,5,1.0,1.0
equal3,2000,1.4,initial_E,5,0.0,5,0,0.0,0.0
equal3,2000,1.4,km_U,5,0.0,5,0,2.0,2.0
equal3,2000,1.4,km_X,5,0.0,5,0,2.4,3.0
equal3,2000,1.4,one_EM_iteration,5,0.0,5,0,1.0,1.0
heterogeneous3,1000,0.8,converged_EM,5,0.004200000000000001,0,5,28.8,40.0
heterogeneous3,1000,0.8,direct_Gaussian,5,0.0422,0,5,29.2,60.0
heterogeneous3,1000,0.8,initial_E,5,0.0062,0,0,0.0,0.0
heterogeneous3,1000,0.8,km_U,5,0.489,0,0,8.4,11.0
heterogeneous3,1000,0.8,km_X,5,0.0288,0,0,4.4,5.0
heterogeneous3,1000,0.8,one_EM_iteration,5,0.005200000000000001,0,0,1.0,1.0
heterogeneous3,1000,1.4,converged_EM,5,0.0,5,5,13.6,17.0
heterogeneous3,1000,1.4,direct_Gaussian,5,0.0012000000000000001,2,5,5.0,8.0
heterogeneous3,1000,1.4,initial_E,5,0.0,5,0,0.0,0.0
heterogeneous3,1000,1.4,km_U,5,0.42400000000000004,0,0,7.2,8.0
heterogeneous3,1000,1.4,km_X,5,0.005200000000000001,0,0,3.0,4.0
heterogeneous3,1000,1.4,one_EM_iteration,5,0.0,5,0,1.0,1.0
heterogeneous3,2000,0.8,converged_EM,5,0.0035000000000000005,0,5,31.6,34.0
heterogeneous3,2000,0.8,direct_Gaussian,5,0.065,0,5,25.2,42.0
heterogeneous3,2000,0.8,initial_E,5,0.005,0,0,0.0,0.0
heterogeneous3,2000,0.8,km_U,5,0.48729999999999996,0,0,7.6,9.0
heterogeneous3,2000,0.8,km_X,5,0.022600000000000002,0,0,3.4,5.0
heterogeneous3,2000,0.8,one_EM_iteration,5,0.0036999999999999997,0,0,1.0,1.0
heterogeneous3,2000,1.4,converged_EM,5,0.0002,3,5,11.4,14.0
heterogeneous3,2000,1.4,direct_Gaussian,5,0.0012000000000000001,1,5,6.0,7.0
heterogeneous3,2000,1.4,initial_E,5,0.0002,3,0,0.0,0.0
heterogeneous3,2000,1.4,km_U,5,0.4918,0,0,8.4,14.0
heterogeneous3,2000,1.4,km_X,5,0.004399999999999999,0,0,2.8,3.0
heterogeneous3,2000,1.4,one_EM_iteration,5,0.0002,3,0,1.0,1.0
hierarchical4,1000,0.8,converged_EM,5,0.001,2,5,10.0,11.0
hierarchical4,1000,0.8,direct_Gaussian,5,0.0012000000000000001,2,5,2.4,3.0
hierarchical4,1000,0.8,initial_E,5,0.001,2,0,0.0,0.0
hierarchical4,1000,0.8,km_U,5,0.001,2,0,2.8,3.0
hierarchical4,1000,0.8,km_X,5,0.001,2,0,3.0,3.0
hierarchical4,1000,0.8,one_EM_iteration,5,0.001,2,0,1.0,1.0
hierarchical4,1000,1.4,converged_EM,5,0.0,5,5,6.2,7.0
hierarchical4,1000,1.4,direct_Gaussian,5,0.0,5,5,1.0,1.0
hierarchical4,1000,1.4,initial_E,5,0.0,5,0,0.0,0.0
hierarchical4,1000,1.4,km_U,5,0.0,5,0,2.0,2.0
hierarchical4,1000,1.4,km_X,5,0.0,5,0,2.0,2.0
hierarchical4,1000,1.4,one_EM_iteration,5,0.0,5,0,1.0,1.0
hierarchical4,2000,0.8,converged_EM,5,0.0002,3,5,9.2,10.0
hierarchical4,2000,0.8,direct_Gaussian,5,0.0002,3,5,1.8,2.0
hierarchical4,2000,0.8,initial_E,5,0.0002,3,0,0.0,0.0
hierarchical4,2000,0.8,km_U,5,0.0002,3,0,2.8,3.0
hierarchical4,2000,0.8,km_X,5,0.0002,3,0,2.8,3.0
hierarchical4,2000,0.8,one_EM_iteration,5,0.0002,3,0,1.0,1.0
hierarchical4,2000,1.4,converged_EM,5,0.0,5,5,6.0,6.0
hierarchical4,2000,1.4,direct_Gaussian,5,0.0,5,5,1.0,1.0
hierarchical4,2000,1.4,initial_E,5,0.0,5,0,0.0,0.0
hierarchical4,2000,1.4,km_U,5,0.0,5,0,2.4,3.0
hierarchical4,2000,1.4,km_X,5,0.0,5,0,2.0,2.0
hierarchical4,2000,1.4,one_EM_iteration,5,0.0,5,0,1.0,1.0
symmetric2,1000,0.8,converged_EM,5,0.0006000000000000001,3,5,1.8,2.0
symmetric2,1000,0.8,direct_Gaussian,5,0.0004,3,5,2.2,3.0
symmetric2,1000,0.8,initial_E,5,0.0006000000000000001,3,0,0.0,0.0
symmetric2,1000,0.8,km_U,5,0.0004,4,0,2.8,3.0
symmetric2,1000,0.8,km_X,5,0.0004,4,0,3.0,4.0
symmetric2,1000,0.8,one_EM_iteration,5,0.0006000000000000001,3,1,1.0,1.0
symmetric2,1000,1.4,converged_EM,5,0.0,5,5,1.0,1.0
symmetric2,1000,1.4,direct_Gaussian,5,0.0,5,5,1.0,1.0
symmetric2,1000,1.4,initial_E,5,0.0,5,0,0.0,0.0
symmetric2,1000,1.4,km_U,5,0.0,5,0,2.2,3.0
symmetric2,1000,1.4,km_X,5,0.0,5,0,2.2,3.0
symmetric2,1000,1.4,one_EM_iteration,5,0.0,5,5,1.0,1.0
symmetric2,2000,0.8,converged_EM,5,0.0001,4,5,1.8,2.0
symmetric2,2000,0.8,direct_Gaussian,5,0.0001,4,5,1.8,2.0
symmetric2,2000,0.8,initial_E,5,0.0001,4,0,0.0,0.0
symmetric2,2000,0.8,km_U,5,0.0001,4,0,2.4,3.0
symmetric2,2000,0.8,km_X,5,0.0001,4,0,2.6,3.0
symmetric2,2000,0.8,one_EM_iteration,5,0.0001,4,1,1.0,1.0
symmetric2,2000,1.4,converged_EM,5,0.0,5,5,1.0,1.0
symmetric2,2000,1.4,direct_Gaussian,5,0.0,5,5,1.0,1.0
symmetric2,2000,1.4,initial_E,5,0.0,5,0,0.0,0.0
symmetric2,2000,1.4,km_U,5,0.0,5,0,2.0,2.0
symmetric2,2000,1.4,km_X,5,0.0,5,0,2.0,2.0
symmetric2,2000,1.4,one_EM_iteration,5,0.0,5,5,1.0,1.0
unequal3,1000,0.8,converged_EM,5,0.0018000000000000002,3,5,6.4,8.0
unequal3,1000,0.8,direct_Gaussian,5,0.003,2,5,4.4,10.0
unequal3,1000,0.8,initial_E,5,0.0025999999999999994,2,0,0.0,0.0
unequal3,1000,0.8,km_U,5,0.09040000000000001,0,0,5.0,7.0
unequal3,1000,0.8,km_X,5,0.007200000000000001,1,0,3.4,6.0
unequal3,1000,0.8,one_EM_iteration,5,0.0021999999999999997,2,0,1.0,1.0
unequal3,1000,1.4,converged_EM,5,0.0,5,5,3.6,4.0
unequal3,1000,1.4,direct_Gaussian,5,0.0,5,5,1.0,1.0
unequal3,1000,1.4,initial_E,5,0.0,5,0,0.0,0.0
unequal3,1000,1.4,km_U,5,0.0004,4,0,2.2,3.0
unequal3,1000,1.4,km_X,5,0.0,5,0,2.0,2.0
unequal3,1000,1.4,one_EM_iteration,5,0.0,5,0,1.0,1.0
unequal3,2000,0.8,converged_EM,5,0.0,5,5,6.2,7.0
unequal3,2000,0.8,direct_Gaussian,5,0.0002,3,5,2.2,3.0
unequal3,2000,0.8,initial_E,5,0.0,5,0,0.0,0.0
unequal3,2000,0.8,km_U,5,0.003,0,0,4.4,5.0
unequal3,2000,0.8,km_X,5,0.0005,2,0,3.4,4.0
unequal3,2000,0.8,one_EM_iteration,5,0.0,5,0,1.0,1.0
unequal3,2000,1.4,converged_EM,5,0.0,5,5,3.8,4.0
unequal3,2000,1.4,direct_Gaussian,5,0.0,5,5,1.0,1.0
unequal3,2000,1.4,initial_E,5,0.0,5,0,0.0,0.0
unequal3,2000,1.4,km_U,5,0.0001,4,0,2.8,3.0
unequal3,2000,1.4,km_X,5,0.0,5,0,2.2,3.0
unequal3,2000,1.4,one_EM_iteration,5,0.0,5,0,1.0,1.0
