ari,density,family,final_soft_loss,graph_id,inertia,k,method,misclassification,n,n_output_classes,seed
1.0,log_degree,assortative,601.5536241239865,k2_log_degree_assortative_s202612100,,2,full_growing,0.0,320,2,202612100
1.0,log_degree,assortative,601.5536241239865,k2_log_degree_assortative_s202612100,,2,full_replacement,0.0,320,2,202612100
1.0,log_degree,assortative,579.9668065302342,k2_log_degree_assortative_s202612100,,2,sparse_growing,0.0,320,2,202612100
1.0,log_degree,assortative,579.9668065302342,k2_log_degree_assortative_s202612100,,2,sparse_replacement,0.0,320,2,202612100
1.0,log_degree,assortative,,k2_log_degree_assortative_s202612100,52.463806128141606,2,u_kmeans_10,0.0,320,2,202612100
1.0,log_degree,assortative,,k2_log_degree_assortative_s202612100,12743.440177617767,2,u_lambda_kmeans_10,0.0,320,2,202612100
1.0,log_degree,assortative,592.6317654348034,k2_log_degree_assortative_s202612101,,2,full_growing,0.0,320,2,202612101
1.0,log_degree,assortative,592.6317654348034,k2_log_degree_assortative_s202612101,,2,full_replacement,0.0,320,2,202612101
1.0,log_degree,assortative,571.2797856881721,k2_log_degree_assortative_s202612101,,2,sparse_growing,0.0,320,2,202612101
1.0,log_degree,assortative,571.2797856881721,k2_log_degree_assortative_s202612101,,2,sparse_replacement,0.0,320,2,202612101
1.0,log_degree,assortative,,k2_log_degree_assortative_s202612101,50.322494491000015,2,u_kmeans_10,0.0,320,2,202612101
1.0,log_degree,assortative,,k2_log_degree_assortative_s202612101,12556.634062405847,2,u_lambda_kmeans_10,0.0,320,2,202612101
1.0,log_degree,disassortative_unequal,567.3796862364732,k2_log_degree_disassortative_unequal_s202612110,,2,full_growing,0.0,320,2,202612110
1.0,log_degree,disassortative_unequal,567.3796862364732,k2_log_degree_disassortative_unequal_s202612110,,2,full_replacement,0.0,320,2,202612110
1.0,log_degree,disassortative_unequal,545.2523493363719,k2_log_degree_disassortative_unequal_s202612110,,2,sparse_growing,0.0,320,2,202612110
1.0,log_degree,disassortative_unequal,545.2523493363719,k2_log_degree_disassortative_unequal_s202612110,,2,sparse_replacement,0.0,320,2,202612110
1.0,log_degree,disassortative_unequal,,k2_log_degree_disassortative_unequal_s202612110,52.65134977488195,2,u_kmeans_10,0.0,320,2,202612110
1.0,log_degree,disassortative_unequal,,k2_log_degree_disassortative_unequal_s202612110,12910.268623168084,2,u_lambda_kmeans_10,0.0,320,2,202612110
0.974595041322314,log_degree,disassortative_unequal,620.0196019773837,k2_log_degree_disassortative_unequal_s202612111,,2,full_growing,0.006249999999999978,320,2,202612111
0.974595041322314,log_degree,disassortative_unequal,620.0196019773837,k2_log_degree_disassortative_unequal_s202612111,,2,full_replacement,0.006249999999999978,320,2,202612111
0.974595041322314,log_degree,disassortative_unequal,593.1557643687111,k2_log_degree_disassortative_unequal_s202612111,,2,sparse_growing,0.006249999999999978,320,2,202612111
0.974595041322314,log_degree,disassortative_unequal,593.1557643687111,k2_log_degree_disassortative_unequal_s202612111,,2,sparse_replacement,0.006249999999999978,320,2,202612111
0.974595041322314,log_degree,disassortative_unequal,,k2_log_degree_disassortative_unequal_s202612111,63.15890034336207,2,u_kmeans_10,0.006249999999999978,320,2,202612111
0.9872490751410031,log_degree,disassortative_unequal,,k2_log_degree_disassortative_unequal_s202612111,15613.143546596395,2,u_lambda_kmeans_10,0.0031250000000000444,320,2,202612111
0.0006859683023229749,log_degree,weak_general_unequal,618.605335624213,k2_log_degree_weak_general_unequal_s202612120,,2,full_growing,0.47187500000000004,320,2,202612120
0.0006859683023229749,log_degree,weak_general_unequal,618.605335624213,k2_log_degree_weak_general_unequal_s202612120,,2,full_replacement,0.47187500000000004,320,2,202612120
0.0006859683023229749,log_degree,weak_general_unequal,592.6455188149351,k2_log_degree_weak_general_unequal_s202612120,,2,sparse_growing,0.47187500000000004,320,2,202612120
0.0006859683023229749,log_degree,weak_general_unequal,592.6455188149351,k2_log_degree_weak_general_unequal_s202612120,,2,sparse_replacement,0.47187500000000004,320,2,202612120
-0.0012243803672949654,log_degree,weak_general_unequal,,k2_log_degree_weak_general_unequal_s202612120,147.69665916831767,2,u_kmeans_10,0.484375,320,2,202612120
-0.0008290459854449608,log_degree,weak_general_unequal,,k2_log_degree_weak_general_unequal_s202612120,15370.290789641262,2,u_lambda_kmeans_10,0.48124999999999996,320,2,202612120
-0.01536450425385098,log_degree,weak_general_unequal,598.5919443858891,k2_log_degree_weak_general_unequal_s202612121,,2,full_growing,0.48750000000000004,320,2,202612121
-0.01536450425385098,log_degree,weak_general_unequal,598.5919443858891,k2_log_degree_weak_general_unequal_s202612121,,2,full_replacement,0.48750000000000004,320,2,202612121
-0.01536450425385098,log_degree,weak_general_unequal,570.3818565722806,k2_log_degree_weak_general_unequal_s202612121,,2,sparse_growing,0.48750000000000004,320,2,202612121
-0.01536450425385098,log_degree,weak_general_unequal,570.3818565722806,k2_log_degree_weak_general_unequal_s202612121,,2,sparse_replacement,0.48750000000000004,320,2,202612121
-0.009867818184442365,log_degree,weak_general_unequal,,k2_log_degree_weak_general_unequal_s202612121,152.47023761167992,2,u_kmeans_10,0.484375,320,2,202612121
-0.010499602547724909,log_degree,weak_general_unequal,,k2_log_degree_weak_general_unequal_s202612121,16533.7963342616,2,u_lambda_kmeans_10,0.490625,320,2,202612121
1.0,dense,assortative,521.203198136938,k2_dense_assortative_s202612200,,2,full_growing,0.0,320,2,202612200
1.0,dense,assortative,521.203198136938,k2_dense_assortative_s202612200,,2,full_replacement,0.0,320,2,202612200
1.0,dense,assortative,469.5297192394461,k2_dense_assortative_s202612200,,2,sparse_growing,0.0,320,2,202612200
1.0,dense,assortative,469.5297192394461,k2_dense_assortative_s202612200,,2,sparse_replacement,0.0,320,2,202612200
1.0,dense,assortative,,k2_dense_assortative_s202612200,10.290772023715574,2,u_kmeans_10,0.0,320,2,202612200
1.0,dense,assortative,,k2_dense_assortative_s202612200,23770.745458006473,2,u_lambda_kmeans_10,0.0,320,2,202612200
1.0,dense,assortative,599.6284986023719,k2_dense_assortative_s202612201,,2,full_growing,0.0,320,2,202612201
1.0,dense,assortative,599.6284986023719,k2_dense_assortative_s202612201,,2,full_replacement,0.0,320,2,202612201
1.0,dense,assortative,531.4966960119598,k2_dense_assortative_s202612201,,2,sparse_growing,0.0,320,2,202612201
1.0,dense,assortative,531.4966960119598,k2_dense_assortative_s202612201,,2,sparse_replacement,0.0,320,2,202612201
1.0,dense,assortative,,k2_dense_assortative_s202612201,13.48888724440666,2,u_kmeans_10,0.0,320,2,202612201
1.0,dense,assortative,,k2_dense_assortative_s202612201,31040.39640390581,2,u_lambda_kmeans_10,0.0,320,2,202612201
1.0,dense,disassortative_unequal,527.3272132167223,k2_dense_disassortative_unequal_s202612210,,2,full_growing,0.0,320,2,202612210
1.0,dense,disassortative_unequal,527.3272132167223,k2_dense_disassortative_unequal_s202612210,,2,full_replacement,0.0,320,2,202612210
1.0,dense,disassortative_unequal,462.1131195247973,k2_dense_disassortative_unequal_s202612210,,2,sparse_growing,0.0,320,2,202612210
1.0,dense,disassortative_unequal,462.1131195247973,k2_dense_disassortative_unequal_s202612210,,2,sparse_replacement,0.0,320,2,202612210
1.0,dense,disassortative_unequal,,k2_dense_disassortative_unequal_s202612210,12.738205613142407,2,u_kmeans_10,0.0,320,2,202612210
1.0,dense,disassortative_unequal,,k2_dense_disassortative_unequal_s202612210,28884.743296353547,2,u_lambda_kmeans_10,0.0,320,2,202612210
1.0,dense,disassortative_unequal,511.34170814258175,k2_dense_disassortative_unequal_s202612211,,2,full_growing,0.0,320,2,202612211
1.0,dense,disassortative_unequal,511.34170814258175,k2_dense_disassortative_unequal_s202612211,,2,full_replacement,0.0,320,2,202612211
1.0,dense,disassortative_unequal,451.01799849488054,k2_dense_disassortative_unequal_s202612211,,2,sparse_growing,0.0,320,2,202612211
1.0,dense,disassortative_unequal,451.01799849488054,k2_dense_disassortative_unequal_s202612211,,2,sparse_replacement,0.0,320,2,202612211
1.0,dense,disassortative_unequal,,k2_dense_disassortative_unequal_s202612211,11.16424308802142,2,u_kmeans_10,0.0,320,2,202612211
1.0,dense,disassortative_unequal,,k2_dense_disassortative_unequal_s202612211,26746.08699891367,2,u_lambda_kmeans_10,0.0,320,2,202612211
-0.0038031421688417477,dense,weak_general_unequal,743.0450400092243,k2_dense_weak_general_unequal_s202612220,,2,full_growing,0.48124999999999996,320,2,202612220
-0.0038031421688417477,dense,weak_general_unequal,743.0450400092243,k2_dense_weak_general_unequal_s202612220,,2,full_replacement,0.48124999999999996,320,2,202612220
-0.0038031421688417477,dense,weak_general_unequal,637.1355354117526,k2_dense_weak_general_unequal_s202612220,,2,sparse_growing,0.48124999999999996,320,2,202612220
-0.0038031421688417477,dense,weak_general_unequal,637.1355354117526,k2_dense_weak_general_unequal_s202612220,,2,sparse_replacement,0.48124999999999996,320,2,202612220
-0.003266186078861321,dense,weak_general_unequal,,k2_dense_weak_general_unequal_s202612220,124.80450826534269,2,u_kmeans_10,0.490625,320,2,202612220
-0.003266186078861321,dense,weak_general_unequal,,k2_dense_weak_general_unequal_s202612220,50896.73665540929,2,u_lambda_kmeans_10,0.490625,320,2,202612220
0.0017560222634041263,dense,weak_general_unequal,721.7985018108002,k2_dense_weak_general_unequal_s202612221,,2,full_growing,0.4625,320,2,202612221
0.0017560222634041263,dense,weak_general_unequal,721.7985018108002,k2_dense_weak_general_unequal_s202612221,,2,full_replacement,0.4625,320,2,202612221
0.001124647137536337,dense,weak_general_unequal,616.8465732987661,k2_dense_weak_general_unequal_s202612221,,2,sparse_growing,0.46562499999999996,320,2,202612221
0.001124647137536337,dense,weak_general_unequal,616.8465732987661,k2_dense_weak_general_unequal_s202612221,,2,sparse_replacement,0.46562499999999996,320,2,202612221
-0.0012901003483595903,dense,weak_general_unequal,,k2_dense_weak_general_unequal_s202612221,137.21912973785143,2,u_kmeans_10,0.46875,320,2,202612221
-0.0012901003483595903,dense,weak_general_unequal,,k2_dense_weak_general_unequal_s202612221,50376.56499479389,2,u_lambda_kmeans_10,0.46875,320,2,202612221
1.0,log_degree,assortative,862.61849570188,k3_log_degree_assortative_s202613100,,3,full_growing,0.0,320,3,202613100
1.0,log_degree,assortative,862.61849570188,k3_log_degree_assortative_s202613100,,3,full_replacement,0.0,320,3,202613100
1.0,log_degree,assortative,834.5104404341282,k3_log_degree_assortative_s202613100,,3,sparse_growing,0.0,320,3,202613100
1.0,log_degree,assortative,834.5104404341282,k3_log_degree_assortative_s202613100,,3,sparse_replacement,0.0,320,3,202613100
1.0,log_degree,assortative,,k3_log_degree_assortative_s202613100,97.07200053698308,3,u_kmeans_10,0.0,320,3,202613100
1.0,log_degree,assortative,,k3_log_degree_assortative_s202613100,16767.93231597959,3,u_lambda_kmeans_10,0.0,320,3,202613100
0.9906251882839175,log_degree,assortative,911.5881388375626,k3_log_degree_assortative_s202613101,,3,full_growing,0.0031250000000000444,320,3,202613101
0.9906251882839175,log_degree,assortative,911.5881388375626,k3_log_degree_assortative_s202613101,,3,full_replacement,0.0031250000000000444,320,3,202613101
0.9906251882839175,log_degree,assortative,877.9072924281245,k3_log_degree_assortative_s202613101,,3,sparse_growing,0.0031250000000000444,320,3,202613101
0.9906251882839175,log_degree,assortative,877.9072924281245,k3_log_degree_assortative_s202613101,,3,sparse_replacement,0.0031250000000000444,320,3,202613101
0.9906251882839175,log_degree,assortative,,k3_log_degree_assortative_s202613101,104.82767383976365,3,u_kmeans_10,0.0031250000000000444,320,3,202613101
0.9906251882839175,log_degree,assortative,,k3_log_degree_assortative_s202613101,19953.99510590266,3,u_lambda_kmeans_10,0.0031250000000000444,320,3,202613101
0.7926624727935153,log_degree,disassortative_unequal,1012.0523324085661,k3_log_degree_disassortative_unequal_s202613110,,3,full_growing,0.09062499999999996,320,3,202613110
0.7926624727935153,log_degree,disassortative_unequal,1012.0523324085661,k3_log_degree_disassortative_unequal_s202613110,,3,full_replacement,0.09062499999999996,320,3,202613110
0.7926624727935153,log_degree,disassortative_unequal,973.6119289433054,k3_log_degree_disassortative_unequal_s202613110,,3,sparse_growing,0.09062499999999996,320,3,202613110
0.7926624727935153,log_degree,disassortative_unequal,973.6119289433054,k3_log_degree_disassortative_unequal_s202613110,,3,sparse_replacement,0.09062499999999996,320,3,202613110
0.6712355824967772,log_degree,disassortative_unequal,,k3_log_degree_disassortative_unequal_s202613110,265.5944963040055,3,u_kmeans_10,0.140625,320,3,202613110
0.7861421948549516,log_degree,disassortative_unequal,,k3_log_degree_disassortative_unequal_s202613110,24532.83320976613,3,u_lambda_kmeans_10,0.09375,320,3,202613110
0.6994355686866102,log_degree,disassortative_unequal,1035.3125300525892,k3_log_degree_disassortative_unequal_s202613111,,3,full_growing,0.14687499999999998,320,3,202613111
0.6994355686866102,log_degree,disassortative_unequal,1035.3125300525892,k3_log_degree_disassortative_unequal_s202613111,,3,full_replacement,0.14687499999999998,320,3,202613111
0.6994355686866102,log_degree,disassortative_unequal,992.441115780405,k3_log_degree_disassortative_unequal_s202613111,,3,sparse_growing,0.14687499999999998,320,3,202613111
0.6994355686866102,log_degree,disassortative_unequal,992.441115780405,k3_log_degree_disassortative_unequal_s202613111,,3,sparse_replacement,0.14687499999999998,320,3,202613111
0.6396033070899825,log_degree,disassortative_unequal,,k3_log_degree_disassortative_unequal_s202613111,283.454741428467,3,u_kmeans_10,0.17812499999999998,320,3,202613111
0.6749854589529894,log_degree,disassortative_unequal,,k3_log_degree_disassortative_unequal_s202613111,26654.52313307294,3,u_lambda_kmeans_10,0.16562500000000002,320,3,202613111
-0.0013964284917101664,log_degree,weak_general_unequal,981.0490289559364,k3_log_degree_weak_general_unequal_s202613120,,3,full_growing,0.621875,320,3,202613120
-0.0013964284917101664,log_degree,weak_general_unequal,981.0490289559364,k3_log_degree_weak_general_unequal_s202613120,,3,full_replacement,0.621875,320,3,202613120
-0.0014088473749945935,log_degree,weak_general_unequal,936.4662396346255,k3_log_degree_weak_general_unequal_s202613120,,3,sparse_growing,0.61875,320,3,202613120
-0.0014088473749945935,log_degree,weak_general_unequal,936.4662396346255,k3_log_degree_weak_general_unequal_s202613120,,3,sparse_replacement,0.61875,320,3,202613120
0.0018498963596184782,log_degree,weak_general_unequal,,k3_log_degree_weak_general_unequal_s202613120,332.654724010157,3,u_kmeans_10,0.621875,320,3,202613120
0.0025563648561400107,log_degree,weak_general_unequal,,k3_log_degree_weak_general_unequal_s202613120,27316.247188548095,3,u_lambda_kmeans_10,0.603125,320,3,202613120
-0.0033666683251239696,log_degree,weak_general_unequal,989.0936157917627,k3_log_degree_weak_general_unequal_s202613121,,3,full_growing,0.64375,320,3,202613121
-0.0033666683251239696,log_degree,weak_general_unequal,989.0936157917627,k3_log_degree_weak_general_unequal_s202613121,,3,full_replacement,0.64375,320,3,202613121
-0.0033666683251239696,log_degree,weak_general_unequal,944.13214028525,k3_log_degree_weak_general_unequal_s202613121,,3,sparse_growing,0.64375,320,3,202613121
-0.0033666683251239696,log_degree,weak_general_unequal,944.13214028525,k3_log_degree_weak_general_unequal_s202613121,,3,sparse_replacement,0.64375,320,3,202613121
-0.004675316802598577,log_degree,weak_general_unequal,,k3_log_degree_weak_general_unequal_s202613121,320.2032441789848,3,u_kmeans_10,0.64375,320,3,202613121
-0.00490179225599335,log_degree,weak_general_unequal,,k3_log_degree_weak_general_unequal_s202613121,26997.437007031105,3,u_lambda_kmeans_10,0.653125,320,3,202613121
1.0,dense,assortative,859.3405311217269,k3_dense_assortative_s202613200,,3,full_growing,0.0,320,3,202613200
1.0,dense,assortative,859.3405311217269,k3_dense_assortative_s202613200,,3,full_replacement,0.0,320,3,202613200
1.0,dense,assortative,777.8550839658601,k3_dense_assortative_s202613200,,3,sparse_growing,0.0,320,3,202613200
1.0,dense,assortative,777.8550839658601,k3_dense_assortative_s202613200,,3,sparse_replacement,0.0,320,3,202613200
1.0,dense,assortative,,k3_dense_assortative_s202613200,20.80454765390988,3,u_kmeans_10,0.0,320,3,202613200
1.0,dense,assortative,,k3_dense_assortative_s202613200,35063.84992972537,3,u_lambda_kmeans_10,0.0,320,3,202613200
1.0,dense,assortative,898.1855794563858,k3_dense_assortative_s202613201,,3,full_growing,0.0,320,3,202613201
1.0,dense,assortative,898.1855794563858,k3_dense_assortative_s202613201,,3,full_replacement,0.0,320,3,202613201
1.0,dense,assortative,813.2060483956587,k3_dense_assortative_s202613201,,3,sparse_growing,0.0,320,3,202613201
1.0,dense,assortative,813.2060483956587,k3_dense_assortative_s202613201,,3,sparse_replacement,0.0,320,3,202613201
1.0,dense,assortative,,k3_dense_assortative_s202613201,22.106694932525524,3,u_kmeans_10,0.0,320,3,202613201
1.0,dense,assortative,,k3_dense_assortative_s202613201,36913.84910287901,3,u_lambda_kmeans_10,0.0,320,3,202613201
1.0,dense,disassortative_unequal,1022.8557464298743,k3_dense_disassortative_unequal_s202613210,,3,full_growing,0.0,320,3,202613210
1.0,dense,disassortative_unequal,1022.8557464298743,k3_dense_disassortative_unequal_s202613210,,3,full_replacement,0.0,320,3,202613210
1.0,dense,disassortative_unequal,913.4243046287418,k3_dense_disassortative_unequal_s202613210,,3,sparse_growing,0.0,320,3,202613210
1.0,dense,disassortative_unequal,913.4243046287418,k3_dense_disassortative_unequal_s202613210,,3,sparse_replacement,0.0,320,3,202613210
0.9926570375845527,dense,disassortative_unequal,,k3_dense_disassortative_unequal_s202613210,90.71341447044011,3,u_kmeans_10,0.0031250000000000444,320,3,202613210
1.0,dense,disassortative_unequal,,k3_dense_disassortative_unequal_s202613210,53811.836868613835,3,u_lambda_kmeans_10,0.0,320,3,202613210
1.0,dense,disassortative_unequal,963.2416898372969,k3_dense_disassortative_unequal_s202613211,,3,full_growing,0.0,320,3,202613211
1.0,dense,disassortative_unequal,963.2416898372969,k3_dense_disassortative_unequal_s202613211,,3,full_replacement,0.0,320,3,202613211
1.0,dense,disassortative_unequal,860.814610812122,k3_dense_disassortative_unequal_s202613211,,3,sparse_growing,0.0,320,3,202613211
1.0,dense,disassortative_unequal,860.814610812122,k3_dense_disassortative_unequal_s202613211,,3,sparse_replacement,0.0,320,3,202613211
1.0,dense,disassortative_unequal,,k3_dense_disassortative_unequal_s202613211,86.57864284044801,3,u_kmeans_10,0.0,320,3,202613211
1.0,dense,disassortative_unequal,,k3_dense_disassortative_unequal_s202613211,49995.104390330765,3,u_lambda_kmeans_10,0.0,320,3,202613211
0.001566925412911269,dense,weak_general_unequal,1079.5047107633868,k3_dense_weak_general_unequal_s202613220,,3,full_growing,0.60625,320,3,202613220
0.001566925412911269,dense,weak_general_unequal,1079.5047107633868,k3_dense_weak_general_unequal_s202613220,,3,full_replacement,0.60625,320,3,202613220
0.0032782660808078606,dense,weak_general_unequal,941.4168512508129,k3_dense_weak_general_unequal_s202613220,,3,sparse_growing,0.6,320,3,202613220
0.0032782660808078606,dense,weak_general_unequal,941.4168512508129,k3_dense_weak_general_unequal_s202613220,,3,sparse_replacement,0.6,320,3,202613220
-0.003682747228425469,dense,weak_general_unequal,,k3_dense_weak_general_unequal_s202613220,286.8091686102235,3,u_kmeans_10,0.634375,320,3,202613220
-0.0028125069010563916,dense,weak_general_unequal,,k3_dense_weak_general_unequal_s202613220,67298.68232869865,3,u_lambda_kmeans_10,0.625,320,3,202613220
-0.0025499546469219493,dense,weak_general_unequal,1125.658887323501,k3_dense_weak_general_unequal_s202613221,,3,full_growing,0.628125,320,3,202613221
-0.0025499546469219493,dense,weak_general_unequal,1125.658887323501,k3_dense_weak_general_unequal_s202613221,,3,full_replacement,0.628125,320,3,202613221
-0.002208694068350425,dense,weak_general_unequal,973.2525775178525,k3_dense_weak_general_unequal_s202613221,,3,sparse_growing,0.628125,320,3,202613221
-0.002208694068350425,dense,weak_general_unequal,973.2525775178525,k3_dense_weak_general_unequal_s202613221,,3,sparse_replacement,0.628125,320,3,202613221
-0.0023806085831788153,dense,weak_general_unequal,,k3_dense_weak_general_unequal_s202613221,295.63624801338574,3,u_kmeans_10,0.634375,320,3,202613221
-0.002400958952081169,dense,weak_general_unequal,,k3_dense_weak_general_unequal_s202613221,74108.7160275641,3,u_lambda_kmeans_10,0.63125,320,3,202613221
0.99164035237066,log_degree,assortative,1188.9175993248828,k4_log_degree_assortative_s202614100,,4,full_growing,0.0031250000000000444,320,4,202614100
0.99164035237066,log_degree,assortative,1188.9175993248828,k4_log_degree_assortative_s202614100,,4,full_replacement,0.0031250000000000444,320,4,202614100
0.99164035237066,log_degree,assortative,1143.8646948684373,k4_log_degree_assortative_s202614100,,4,sparse_growing,0.0031250000000000444,320,4,202614100
0.99164035237066,log_degree,assortative,1143.8646948684373,k4_log_degree_assortative_s202614100,,4,sparse_replacement,0.0031250000000000444,320,4,202614100
0.99164035237066,log_degree,assortative,,k4_log_degree_assortative_s202614100,179.79112796229805,4,u_kmeans_10,0.0031250000000000444,320,4,202614100
0.99164035237066,log_degree,assortative,,k4_log_degree_assortative_s202614100,26798.98573773084,4,u_lambda_kmeans_10,0.0031250000000000444,320,4,202614100
0.975026209912349,log_degree,assortative,1182.009136472323,k4_log_degree_assortative_s202614101,,4,full_growing,0.009375000000000022,320,4,202614101
0.975026209912349,log_degree,assortative,1182.009136472323,k4_log_degree_assortative_s202614101,,4,full_replacement,0.009375000000000022,320,4,202614101
0.975026209912349,log_degree,assortative,1137.4468819795834,k4_log_degree_assortative_s202614101,,4,sparse_growing,0.009375000000000022,320,4,202614101
0.975026209912349,log_degree,assortative,1137.4468819795834,k4_log_degree_assortative_s202614101,,4,sparse_replacement,0.009375000000000022,320,4,202614101
0.975026209912349,log_degree,assortative,,k4_log_degree_assortative_s202614101,180.3090657962932,4,u_kmeans_10,0.009375000000000022,320,4,202614101
0.9668260520531478,log_degree,assortative,,k4_log_degree_assortative_s202614101,26439.76752272501,4,u_lambda_kmeans_10,0.012499999999999956,320,4,202614101
0.4127308380936141,log_degree,disassortative_unequal,1396.1842693966173,k4_log_degree_disassortative_unequal_s202614110,,4,full_growing,0.359375,320,4,202614110
0.4127308380936141,log_degree,disassortative_unequal,1396.1842693966173,k4_log_degree_disassortative_unequal_s202614110,,4,full_replacement,0.359375,320,4,202614110
0.4127308380936141,log_degree,disassortative_unequal,1337.2490036375411,k4_log_degree_disassortative_unequal_s202614110,,4,sparse_growing,0.359375,320,4,202614110
0.4127308380936141,log_degree,disassortative_unequal,1337.2490036375411,k4_log_degree_disassortative_unequal_s202614110,,4,sparse_replacement,0.359375,320,4,202614110
0.3291401518538162,log_degree,disassortative_unequal,,k4_log_degree_disassortative_unequal_s202614110,470.9911756353912,4,u_kmeans_10,0.421875,320,4,202614110
0.3956774722717654,log_degree,disassortative_unequal,,k4_log_degree_disassortative_unequal_s202614110,38624.99201317344,4,u_lambda_kmeans_10,0.37187499999999996,320,4,202614110
0.29389869708604016,log_degree,disassortative_unequal,1385.887501828559,k4_log_degree_disassortative_unequal_s202614111,,4,full_growing,0.4375,320,4,202614111
0.29389869708604016,log_degree,disassortative_unequal,1385.887501828559,k4_log_degree_disassortative_unequal_s202614111,,4,full_replacement,0.4375,320,4,202614111
0.29765922989962823,log_degree,disassortative_unequal,1321.5866698058767,k4_log_degree_disassortative_unequal_s202614111,,4,sparse_growing,0.43437499999999996,320,4,202614111
0.29765922989962823,log_degree,disassortative_unequal,1321.5866698058767,k4_log_degree_disassortative_unequal_s202614111,,4,sparse_replacement,0.43437499999999996,320,4,202614111
0.22819853668182716,log_degree,disassortative_unequal,,k4_log_degree_disassortative_unequal_s202614111,489.5841612997067,4,u_kmeans_10,0.49687499999999996,320,4,202614111
0.2262725208840386,log_degree,disassortative_unequal,,k4_log_degree_disassortative_unequal_s202614111,41533.96129344278,4,u_lambda_kmeans_10,0.484375,320,4,202614111
-0.01029550457800133,log_degree,weak_general_unequal,1289.4667821119451,k4_log_degree_weak_general_unequal_s202614120,,4,full_growing,0.7,320,4,202614120
-0.01029550457800133,log_degree,weak_general_unequal,1289.4667821119451,k4_log_degree_weak_general_unequal_s202614120,,4,full_replacement,0.7,320,4,202614120
-0.009572557021318985,log_degree,weak_general_unequal,1230.9035452156177,k4_log_degree_weak_general_unequal_s202614120,,4,sparse_growing,0.703125,320,4,202614120
-0.009572557021318985,log_degree,weak_general_unequal,1230.9035452156177,k4_log_degree_weak_general_unequal_s202614120,,4,sparse_replacement,0.703125,320,4,202614120
-0.007693565101474433,log_degree,weak_general_unequal,,k4_log_degree_weak_general_unequal_s202614120,517.8397497038512,4,u_kmeans_10,0.7125,320,4,202614120
-0.009007069869310793,log_degree,weak_general_unequal,,k4_log_degree_weak_general_unequal_s202614120,37005.85364221368,4,u_lambda_kmeans_10,0.7,320,4,202614120
0.008276258782933752,log_degree,weak_general_unequal,1322.5426500589147,k4_log_degree_weak_general_unequal_s202614121,,4,full_growing,0.68125,320,4,202614121
0.008276258782933752,log_degree,weak_general_unequal,1322.5426500589147,k4_log_degree_weak_general_unequal_s202614121,,4,full_replacement,0.68125,320,4,202614121
0.008276258782933752,log_degree,weak_general_unequal,1262.8231771211827,k4_log_degree_weak_general_unequal_s202614121,,4,sparse_growing,0.68125,320,4,202614121
0.008276258782933752,log_degree,weak_general_unequal,1262.8231771211827,k4_log_degree_weak_general_unequal_s202614121,,4,sparse_replacement,0.68125,320,4,202614121
0.007624630233260833,log_degree,weak_general_unequal,,k4_log_degree_weak_general_unequal_s202614121,520.1622723804114,4,u_kmeans_10,0.66875,320,4,202614121
0.0091645949169549,log_degree,weak_general_unequal,,k4_log_degree_weak_general_unequal_s202614121,38100.65780665524,4,u_lambda_kmeans_10,0.675,320,4,202614121
1.0,dense,assortative,1178.682545798843,k4_dense_assortative_s202614200,,4,full_growing,0.0,320,4,202614200
1.0,dense,assortative,1178.682545798843,k4_dense_assortative_s202614200,,4,full_replacement,0.0,320,4,202614200
1.0,dense,assortative,1066.9207860560489,k4_dense_assortative_s202614200,,4,sparse_growing,0.0,320,4,202614200
1.0,dense,assortative,1066.9207860560489,k4_dense_assortative_s202614200,,4,sparse_replacement,0.0,320,4,202614200
1.0,dense,assortative,,k4_dense_assortative_s202614200,37.31372937770374,4,u_kmeans_10,0.0,320,4,202614200
1.0,dense,assortative,,k4_dense_assortative_s202614200,47434.771382271814,4,u_lambda_kmeans_10,0.0,320,4,202614200
1.0,dense,assortative,1137.909655950993,k4_dense_assortative_s202614201,,4,full_growing,0.0,320,4,202614201
1.0,dense,assortative,1137.909655950993,k4_dense_assortative_s202614201,,4,full_replacement,0.0,320,4,202614201
1.0,dense,assortative,1036.2321242449707,k4_dense_assortative_s202614201,,4,sparse_growing,0.0,320,4,202614201
1.0,dense,assortative,1036.2321242449707,k4_dense_assortative_s202614201,,4,sparse_replacement,0.0,320,4,202614201
1.0,dense,assortative,,k4_dense_assortative_s202614201,33.11260426229404,4,u_kmeans_10,0.0,320,4,202614201
1.0,dense,assortative,,k4_dense_assortative_s202614201,43147.66846983988,4,u_lambda_kmeans_10,0.0,320,4,202614201
0.9516947907006327,dense,disassortative_unequal,1542.2377222017722,k4_dense_disassortative_unequal_s202614210,,4,full_growing,0.025000000000000022,320,4,202614210
0.9516947907006327,dense,disassortative_unequal,1542.2377222017722,k4_dense_disassortative_unequal_s202614210,,4,full_replacement,0.025000000000000022,320,4,202614210
0.9582324189594843,dense,disassortative_unequal,1365.135633681683,k4_dense_disassortative_unequal_s202614210,,4,sparse_growing,0.021874999999999978,320,4,202614210
0.9582324189594843,dense,disassortative_unequal,1365.135633681683,k4_dense_disassortative_unequal_s202614210,,4,sparse_replacement,0.021874999999999978,320,4,202614210
0.8969959907270403,dense,disassortative_unequal,,k4_dense_disassortative_unequal_s202614210,294.4122920328506,4,u_kmeans_10,0.050000000000000044,320,4,202614210
0.9516947907006327,dense,disassortative_unequal,,k4_dense_disassortative_unequal_s202614210,90888.03455967321,4,u_lambda_kmeans_10,0.025000000000000022,320,4,202614210
0.9584152438808172,dense,disassortative_unequal,1517.3809249633441,k4_dense_disassortative_unequal_s202614211,,4,full_growing,0.021874999999999978,320,4,202614211
0.9584152438808172,dense,disassortative_unequal,1517.3809249633441,k4_dense_disassortative_unequal_s202614211,,4,full_replacement,0.021874999999999978,320,4,202614211
0.9529911018191664,dense,disassortative_unequal,1345.9776030957296,k4_dense_disassortative_unequal_s202614211,,4,sparse_growing,0.025000000000000022,320,4,202614211
0.9529911018191664,dense,disassortative_unequal,1345.9776030957296,k4_dense_disassortative_unequal_s202614211,,4,sparse_replacement,0.025000000000000022,320,4,202614211
0.9162212623272795,dense,disassortative_unequal,,k4_dense_disassortative_unequal_s202614211,283.3039476114085,4,u_kmeans_10,0.04062500000000002,320,4,202614211
0.9531067735333004,dense,disassortative_unequal,,k4_dense_disassortative_unequal_s202614211,89286.31042364349,4,u_lambda_kmeans_10,0.025000000000000022,320,4,202614211
-0.001352748144062684,dense,weak_general_unequal,1615.0068474206123,k4_dense_weak_general_unequal_s202614220,,4,full_growing,0.7,320,4,202614220
-0.001352748144062684,dense,weak_general_unequal,1615.0068474206123,k4_dense_weak_general_unequal_s202614220,,4,full_replacement,0.7,320,4,202614220
-0.002331364521804531,dense,weak_general_unequal,1399.671260722629,k4_dense_weak_general_unequal_s202614220,,4,sparse_growing,0.7,320,4,202614220
-0.002331364521804531,dense,weak_general_unequal,1399.671260722629,k4_dense_weak_general_unequal_s202614220,,4,sparse_replacement,0.7,320,4,202614220
0.005056060018828051,dense,weak_general_unequal,,k4_dense_weak_general_unequal_s202614220,488.31021278839717,4,u_kmeans_10,0.690625,320,4,202614220
0.00425532040683924,dense,weak_general_unequal,,k4_dense_weak_general_unequal_s202614220,105815.16730688138,4,u_lambda_kmeans_10,0.7,320,4,202614220
0.008472149927815609,dense,weak_general_unequal,1581.6513438310528,k4_dense_weak_general_unequal_s202614221,,4,full_growing,0.65625,320,4,202614221
0.008472149927815609,dense,weak_general_unequal,1581.6513438310528,k4_dense_weak_general_unequal_s202614221,,4,full_replacement,0.65625,320,4,202614221
0.004816480786104242,dense,weak_general_unequal,1364.9262486367597,k4_dense_weak_general_unequal_s202614221,,4,sparse_growing,0.675,320,4,202614221
0.004816480786104242,dense,weak_general_unequal,1364.9262486367597,k4_dense_weak_general_unequal_s202614221,,4,sparse_replacement,0.675,320,4,202614221
0.007721425723880625,dense,weak_general_unequal,,k4_dense_weak_general_unequal_s202614221,503.9961264761477,4,u_kmeans_10,0.675,320,4,202614221
0.012312872514831062,dense,weak_general_unequal,,k4_dense_weak_general_unequal_s202614221,107360.88502651671,4,u_lambda_kmeans_10,0.6625,320,4,202614221
0.9304433266305813,log_degree,assortative,1440.3442998637308,k5_log_degree_assortative_s202615100,,5,full_growing,0.028124999999999956,320,5,202615100
0.9304433266305813,log_degree,assortative,1440.3442998637308,k5_log_degree_assortative_s202615100,,5,full_replacement,0.028124999999999956,320,5,202615100
0.9304433266305813,log_degree,assortative,1384.5155478664142,k5_log_degree_assortative_s202615100,,5,sparse_growing,0.028124999999999956,320,5,202615100
0.9304433266305813,log_degree,assortative,1384.5155478664142,k5_log_degree_assortative_s202615100,,5,sparse_replacement,0.028124999999999956,320,5,202615100
0.9304433266305813,log_degree,assortative,,k5_log_degree_assortative_s202615100,284.1654263194063,5,u_kmeans_10,0.028124999999999956,320,5,202615100
0.9304433266305813,log_degree,assortative,,k5_log_degree_assortative_s202615100,34107.144507730874,5,u_lambda_kmeans_10,0.028124999999999956,320,5,202615100
0.9688569732827326,log_degree,assortative,1460.752245127433,k5_log_degree_assortative_s202615101,,5,full_growing,0.012499999999999956,320,5,202615101
0.9688569732827326,log_degree,assortative,1460.752245127433,k5_log_degree_assortative_s202615101,,5,full_replacement,0.012499999999999956,320,5,202615101
0.9688569732827326,log_degree,assortative,1404.4492744420033,k5_log_degree_assortative_s202615101,,5,sparse_growing,0.012499999999999956,320,5,202615101
0.9688569732827326,log_degree,assortative,1404.4492744420033,k5_log_degree_assortative_s202615101,,5,sparse_replacement,0.012499999999999956,320,5,202615101
0.968917602988274,log_degree,assortative,,k5_log_degree_assortative_s202615101,272.4973890346666,5,u_kmeans_10,0.012499999999999956,320,5,202615101
0.9767036507486666,log_degree,assortative,,k5_log_degree_assortative_s202615101,34311.91450636619,5,u_lambda_kmeans_10,0.009375000000000022,320,5,202615101
0.04296329457113475,log_degree,disassortative_unequal,1672.2949446657965,k5_log_degree_disassortative_unequal_s202615110,,5,full_growing,0.684375,320,5,202615110
0.04296329457113475,log_degree,disassortative_unequal,1672.2949446657965,k5_log_degree_disassortative_unequal_s202615110,,5,full_replacement,0.684375,320,5,202615110
0.043740005340055295,log_degree,disassortative_unequal,1594.0361475718528,k5_log_degree_disassortative_unequal_s202615110,,5,sparse_growing,0.678125,320,5,202615110
0.043740005340055295,log_degree,disassortative_unequal,1594.0361475718528,k5_log_degree_disassortative_unequal_s202615110,,5,sparse_replacement,0.678125,320,5,202615110
0.04416596329051109,log_degree,disassortative_unequal,,k5_log_degree_disassortative_unequal_s202615110,737.5205509275361,5,u_kmeans_10,0.709375,320,5,202615110
0.0664509656438087,log_degree,disassortative_unequal,,k5_log_degree_disassortative_unequal_s202615110,52377.85726556189,5,u_lambda_kmeans_10,0.671875,320,5,202615110
0.11014886406555632,log_degree,disassortative_unequal,1675.6655857803034,k5_log_degree_disassortative_unequal_s202615111,,5,full_growing,0.61875,320,5,202615111
0.11014886406555632,log_degree,disassortative_unequal,1675.6655857803034,k5_log_degree_disassortative_unequal_s202615111,,5,full_replacement,0.61875,320,5,202615111
0.11365734896038238,log_degree,disassortative_unequal,1597.675983561834,k5_log_degree_disassortative_unequal_s202615111,,5,sparse_growing,0.615625,320,5,202615111
0.11365734896038238,log_degree,disassortative_unequal,1597.675983561834,k5_log_degree_disassortative_unequal_s202615111,,5,sparse_replacement,0.615625,320,5,202615111
0.07085002133568899,log_degree,disassortative_unequal,,k5_log_degree_disassortative_unequal_s202615111,722.5888726638733,5,u_kmeans_10,0.671875,320,5,202615111
0.08760553785650936,log_degree,disassortative_unequal,,k5_log_degree_disassortative_unequal_s202615111,51831.45865322298,5,u_lambda_kmeans_10,0.678125,320,5,202615111
0.005023408443015998,log_degree,weak_general_unequal,1667.7294581103065,k5_log_degree_weak_general_unequal_s202615120,,5,full_growing,0.725,320,5,202615120
0.005023408443015998,log_degree,weak_general_unequal,1667.7294581103065,k5_log_degree_weak_general_unequal_s202615120,,5,full_replacement,0.725,320,5,202615120
0.005403547714065921,log_degree,weak_general_unequal,1584.692540936574,k5_log_degree_weak_general_unequal_s202615120,,5,sparse_growing,0.725,320,5,202615120
0.005403547714065921,log_degree,weak_general_unequal,1584.692540936574,k5_log_degree_weak_general_unequal_s202615120,,5,sparse_replacement,0.725,320,5,202615120
0.008147870566847227,log_degree,weak_general_unequal,,k5_log_degree_weak_general_unequal_s202615120,741.7800308673327,5,u_kmeans_10,0.71875,320,5,202615120
0.005716887881781002,log_degree,weak_general_unequal,,k5_log_degree_weak_general_unequal_s202615120,54794.65802401388,5,u_lambda_kmeans_10,0.71875,320,5,202615120
-0.0077030515066282956,log_degree,weak_general_unequal,1655.1257593562705,k5_log_degree_weak_general_unequal_s202615121,,5,full_growing,0.765625,320,5,202615121
-0.0077030515066282956,log_degree,weak_general_unequal,1655.1257593562705,k5_log_degree_weak_general_unequal_s202615121,,5,full_replacement,0.765625,320,5,202615121
-0.007673036475126374,log_degree,weak_general_unequal,1580.9850094764743,k5_log_degree_weak_general_unequal_s202615121,,5,sparse_growing,0.765625,320,5,202615121
-0.007673036475126374,log_degree,weak_general_unequal,1580.9850094764743,k5_log_degree_weak_general_unequal_s202615121,,5,sparse_replacement,0.765625,320,5,202615121
-0.005642549851310023,log_degree,weak_general_unequal,,k5_log_degree_weak_general_unequal_s202615121,709.759876798391,5,u_kmeans_10,0.7625,320,5,202615121
-0.0031416705010390857,log_degree,weak_general_unequal,,k5_log_degree_weak_general_unequal_s202615121,49953.67138806088,5,u_lambda_kmeans_10,0.746875,320,5,202615121
1.0,dense,assortative,1400.0888190753487,k5_dense_assortative_s202615200,,5,full_growing,0.0,320,5,202615200
1.0,dense,assortative,1400.0888190753487,k5_dense_assortative_s202615200,,5,full_replacement,0.0,320,5,202615200
1.0,dense,assortative,1254.3500166375627,k5_dense_assortative_s202615200,,5,sparse_growing,0.0,320,5,202615200
1.0,dense,assortative,1254.3500166375627,k5_dense_assortative_s202615200,,5,sparse_replacement,0.0,320,5,202615200
1.0,dense,assortative,,k5_dense_assortative_s202615200,57.131801876564744,5,u_kmeans_10,0.0,320,5,202615200
1.0,dense,assortative,,k5_dense_assortative_s202615200,58330.70946788894,5,u_lambda_kmeans_10,0.0,320,5,202615200
1.0,dense,assortative,1419.2916459059884,k5_dense_assortative_s202615201,,5,full_growing,0.0,320,5,202615201
1.0,dense,assortative,1419.2916459059884,k5_dense_assortative_s202615201,,5,full_replacement,0.0,320,5,202615201
1.0,dense,assortative,1273.5795602580076,k5_dense_assortative_s202615201,,5,sparse_growing,0.0,320,5,202615201
1.0,dense,assortative,1273.5795602580076,k5_dense_assortative_s202615201,,5,sparse_replacement,0.0,320,5,202615201
1.0,dense,assortative,,k5_dense_assortative_s202615201,55.74990800053409,5,u_kmeans_10,0.0,320,5,202615201
1.0,dense,assortative,,k5_dense_assortative_s202615201,59409.86141891451,5,u_lambda_kmeans_10,0.0,320,5,202615201
0.8108402694476704,dense,disassortative_unequal,2021.3756670236698,k5_dense_disassortative_unequal_s202615210,,5,full_growing,0.15000000000000002,320,5,202615210
0.8108402694476704,dense,disassortative_unequal,2021.3756670236698,k5_dense_disassortative_unequal_s202615210,,5,full_replacement,0.15000000000000002,320,5,202615210
0.8153021832419918,dense,disassortative_unequal,1769.9027847711143,k5_dense_disassortative_unequal_s202615210,,5,sparse_growing,0.14687499999999998,320,5,202615210
0.8153021832419918,dense,disassortative_unequal,1769.9027847711143,k5_dense_disassortative_unequal_s202615210,,5,sparse_replacement,0.14687499999999998,320,5,202615210
0.7796467205652117,dense,disassortative_unequal,,k5_dense_disassortative_unequal_s202615210,536.2606459131858,5,u_kmeans_10,0.15937500000000004,320,5,202615210
0.7862012359129251,dense,disassortative_unequal,,k5_dense_disassortative_unequal_s202615210,131913.65426437382,5,u_lambda_kmeans_10,0.15937500000000004,320,5,202615210
0.8230652590261764,dense,disassortative_unequal,1974.1480803846357,k5_dense_disassortative_unequal_s202615211,,5,full_growing,0.10312500000000002,320,5,202615211
0.8230652590261764,dense,disassortative_unequal,1974.1480803846357,k5_dense_disassortative_unequal_s202615211,,5,full_replacement,0.10312500000000002,320,5,202615211
0.8230652590261764,dense,disassortative_unequal,1736.8716063230493,k5_dense_disassortative_unequal_s202615211,,5,sparse_growing,0.10312500000000002,320,5,202615211
0.8230652590261764,dense,disassortative_unequal,1736.8716063230493,k5_dense_disassortative_unequal_s202615211,,5,sparse_replacement,0.10312500000000002,320,5,202615211
0.7506933190209364,dense,disassortative_unequal,,k5_dense_disassortative_unequal_s202615211,522.3326400087076,5,u_kmeans_10,0.13124999999999998,320,5,202615211
0.8247388696416568,dense,disassortative_unequal,,k5_dense_disassortative_unequal_s202615211,124883.99742825794,5,u_lambda_kmeans_10,0.09999999999999998,320,5,202615211
-0.0016703392309048656,dense,weak_general_unequal,2138.83526009243,k5_dense_weak_general_unequal_s202615220,,5,full_growing,0.7625,320,5,202615220
-0.0016703392309048656,dense,weak_general_unequal,2138.83526009243,k5_dense_weak_general_unequal_s202615220,,5,full_replacement,0.7625,320,5,202615220
-0.0037635155078355235,dense,weak_general_unequal,1831.329129653594,k5_dense_weak_general_unequal_s202615220,,5,sparse_growing,0.765625,320,5,202615220
-0.0037635155078355235,dense,weak_general_unequal,1831.329129653594,k5_dense_weak_general_unequal_s202615220,,5,sparse_replacement,0.765625,320,5,202615220
0.0018367869972751223,dense,weak_general_unequal,,k5_dense_weak_general_unequal_s202615220,675.9545090907003,5,u_kmeans_10,0.7375,320,5,202615220
0.001760266609925472,dense,weak_general_unequal,,k5_dense_weak_general_unequal_s202615220,146899.6517834502,5,u_lambda_kmeans_10,0.7375,320,5,202615220
-0.000833052826346063,dense,weak_general_unequal,2131.3277258513453,k5_dense_weak_general_unequal_s202615221,,5,full_growing,0.746875,320,5,202615221
-0.000833052826346063,dense,weak_general_unequal,2131.3277258513453,k5_dense_weak_general_unequal_s202615221,,5,full_replacement,0.746875,320,5,202615221
-0.0012088541870989794,dense,weak_general_unequal,1837.95757110241,k5_dense_weak_general_unequal_s202615221,,5,sparse_growing,0.75,320,5,202615221
-0.0012088541870989794,dense,weak_general_unequal,1837.95757110241,k5_dense_weak_general_unequal_s202615221,,5,sparse_replacement,0.75,320,5,202615221
-0.0006183384207593137,dense,weak_general_unequal,,k5_dense_weak_general_unequal_s202615221,702.0531211664581,5,u_kmeans_10,0.75625,320,5,202615221
0.0016266833861596115,dense,weak_general_unequal,,k5_dense_weak_general_unequal_s202615221,147523.0150234324,5,u_lambda_kmeans_10,0.746875,320,5,202615221
0.9552170721128721,log_degree,assortative,1651.6713104643604,k6_log_degree_assortative_s202616100,,6,full_growing,0.018750000000000044,320,6,202616100
0.9552170721128721,log_degree,assortative,1651.6713104643604,k6_log_degree_assortative_s202616100,,6,full_replacement,0.018750000000000044,320,6,202616100
0.9552170721128721,log_degree,assortative,1588.106488572655,k6_log_degree_assortative_s202616100,,6,sparse_growing,0.018750000000000044,320,6,202616100
0.9552170721128721,log_degree,assortative,1588.106488572655,k6_log_degree_assortative_s202616100,,6,sparse_replacement,0.018750000000000044,320,6,202616100
0.9552170721128721,log_degree,assortative,,k6_log_degree_assortative_s202616100,387.49801576444486,6,u_kmeans_10,0.018750000000000044,320,6,202616100
0.9552170721128721,log_degree,assortative,,k6_log_degree_assortative_s202616100,40377.2123597706,6,u_lambda_kmeans_10,0.018750000000000044,320,6,202616100
0.9849309553642547,log_degree,assortative,1664.02080444997,k6_log_degree_assortative_s202616101,,6,full_growing,0.006249999999999978,320,6,202616101
0.9849309553642547,log_degree,assortative,1664.02080444997,k6_log_degree_assortative_s202616101,,6,full_replacement,0.006249999999999978,320,6,202616101
0.9849309553642547,log_degree,assortative,1604.6459588353991,k6_log_degree_assortative_s202616101,,6,sparse_growing,0.006249999999999978,320,6,202616101
0.9849309553642547,log_degree,assortative,1604.6459588353991,k6_log_degree_assortative_s202616101,,6,sparse_replacement,0.006249999999999978,320,6,202616101
0.9849309553642547,log_degree,assortative,,k6_log_degree_assortative_s202616101,378.8852819120761,6,u_kmeans_10,0.006249999999999978,320,6,202616101
0.9849309553642547,log_degree,assortative,,k6_log_degree_assortative_s202616101,38496.781107894465,6,u_lambda_kmeans_10,0.006249999999999978,320,6,202616101
0.0204599553604898,log_degree,disassortative_unequal,1952.8634329436568,k6_log_degree_disassortative_unequal_s202616110,,6,full_growing,0.734375,320,6,202616110
0.0204599553604898,log_degree,disassortative_unequal,1952.8634329436568,k6_log_degree_disassortative_unequal_s202616110,,6,full_replacement,0.734375,320,6,202616110
0.020857269527430354,log_degree,disassortative_unequal,1856.5969202121926,k6_log_degree_disassortative_unequal_s202616110,,6,sparse_growing,0.734375,320,6,202616110
0.020857269527430354,log_degree,disassortative_unequal,1856.5969202121926,k6_log_degree_disassortative_unequal_s202616110,,6,sparse_replacement,0.734375,320,6,202616110
0.014992541156700335,log_degree,disassortative_unequal,,k6_log_degree_disassortative_unequal_s202616110,940.6598936279523,6,u_kmeans_10,0.740625,320,6,202616110
0.015619160093138813,log_degree,disassortative_unequal,,k6_log_degree_disassortative_unequal_s202616110,65311.6350924788,6,u_lambda_kmeans_10,0.740625,320,6,202616110
0.060992273162462626,log_degree,disassortative_unequal,1989.784419423277,k6_log_degree_disassortative_unequal_s202616111,,6,full_growing,0.709375,320,6,202616111
0.060992273162462626,log_degree,disassortative_unequal,1989.784419423277,k6_log_degree_disassortative_unequal_s202616111,,6,full_replacement,0.709375,320,6,202616111
0.06413627760980606,log_degree,disassortative_unequal,1890.8791974182777,k6_log_degree_disassortative_unequal_s202616111,,6,sparse_growing,0.709375,320,6,202616111
0.06413627760980606,log_degree,disassortative_unequal,1890.8791974182777,k6_log_degree_disassortative_unequal_s202616111,,6,sparse_replacement,0.709375,320,6,202616111
0.041528689169216204,log_degree,disassortative_unequal,,k6_log_degree_disassortative_unequal_s202616111,928.3078333075349,6,u_kmeans_10,0.7125,320,6,202616111
0.04681795485180424,log_degree,disassortative_unequal,,k6_log_degree_disassortative_unequal_s202616111,67037.85908835303,6,u_lambda_kmeans_10,0.709375,320,6,202616111
0.002286537939242209,log_degree,weak_general_unequal,1980.470629385045,k6_log_degree_weak_general_unequal_s202616120,,6,full_growing,0.75625,320,6,202616120
0.002286537939242209,log_degree,weak_general_unequal,1980.470629385045,k6_log_degree_weak_general_unequal_s202616120,,6,full_replacement,0.75625,320,6,202616120
0.0005773744048704315,log_degree,weak_general_unequal,1884.2885770720095,k6_log_degree_weak_general_unequal_s202616120,,6,sparse_growing,0.7625,320,6,202616120
0.0005773744048704315,log_degree,weak_general_unequal,1884.2885770720095,k6_log_degree_weak_general_unequal_s202616120,,6,sparse_replacement,0.7625,320,6,202616120
0.00013037633794931675,log_degree,weak_general_unequal,,k6_log_degree_weak_general_unequal_s202616120,985.9150961462935,6,u_kmeans_10,0.7625,320,6,202616120
-0.007544188508775132,log_degree,weak_general_unequal,,k6_log_degree_weak_general_unequal_s202616120,66741.45879557332,6,u_lambda_kmeans_10,0.784375,320,6,202616120
0.0007708076849887463,log_degree,weak_general_unequal,1965.9113403712126,k6_log_degree_weak_general_unequal_s202616121,,6,full_growing,0.778125,320,6,202616121
0.0007708076849887463,log_degree,weak_general_unequal,1965.9113403712126,k6_log_degree_weak_general_unequal_s202616121,,6,full_replacement,0.778125,320,6,202616121
-6.26346127050571e-05,log_degree,weak_general_unequal,1869.8145640109042,k6_log_degree_weak_general_unequal_s202616121,,6,sparse_growing,0.784375,320,6,202616121
-6.26346127050571e-05,log_degree,weak_general_unequal,1869.8145640109042,k6_log_degree_weak_general_unequal_s202616121,,6,sparse_replacement,0.784375,320,6,202616121
0.00482442074104514,log_degree,weak_general_unequal,,k6_log_degree_weak_general_unequal_s202616121,923.7639631189775,6,u_kmeans_10,0.765625,320,6,202616121
0.016535563990505067,log_degree,weak_general_unequal,,k6_log_degree_weak_general_unequal_s202616121,65235.57403570652,6,u_lambda_kmeans_10,0.73125,320,6,202616121
1.0,dense,assortative,1721.1476061925418,k6_dense_assortative_s202616200,,6,full_growing,0.0,320,6,202616200
1.0,dense,assortative,1721.1476061925418,k6_dense_assortative_s202616200,,6,full_replacement,0.0,320,6,202616200
1.0,dense,assortative,1538.992689791937,k6_dense_assortative_s202616200,,6,sparse_growing,0.0,320,6,202616200
1.0,dense,assortative,1538.992689791937,k6_dense_assortative_s202616200,,6,sparse_replacement,0.0,320,6,202616200
1.0,dense,assortative,,k6_dense_assortative_s202616200,86.4465371523028,6,u_kmeans_10,0.0,320,6,202616200
1.0,dense,assortative,,k6_dense_assortative_s202616200,72867.51856254907,6,u_lambda_kmeans_10,0.0,320,6,202616200
1.0,dense,assortative,1686.247038191908,k6_dense_assortative_s202616201,,6,full_growing,0.0,320,6,202616201
1.0,dense,assortative,1686.247038191908,k6_dense_assortative_s202616201,,6,full_replacement,0.0,320,6,202616201
1.0,dense,assortative,1496.4459240429699,k6_dense_assortative_s202616201,,6,sparse_growing,0.0,320,6,202616201
1.0,dense,assortative,1496.4459240429699,k6_dense_assortative_s202616201,,6,sparse_replacement,0.0,320,6,202616201
1.0,dense,assortative,,k6_dense_assortative_s202616201,88.78979765679486,6,u_kmeans_10,0.0,320,6,202616201
1.0,dense,assortative,,k6_dense_assortative_s202616201,73526.95568720973,6,u_lambda_kmeans_10,0.0,320,6,202616201
0.6354676164217201,dense,disassortative_unequal,2594.782657399839,k6_dense_disassortative_unequal_s202616210,,6,full_growing,0.26875000000000004,320,6,202616210
0.6354676164217201,dense,disassortative_unequal,2594.782657399839,k6_dense_disassortative_unequal_s202616210,,6,full_replacement,0.26875000000000004,320,6,202616210
0.640428722211881,dense,disassortative_unequal,2248.50333898479,k6_dense_disassortative_unequal_s202616210,,6,sparse_growing,0.265625,320,6,202616210
0.640428722211881,dense,disassortative_unequal,2248.50333898479,k6_dense_disassortative_unequal_s202616210,,6,sparse_replacement,0.265625,320,6,202616210
0.4760065903757788,dense,disassortative_unequal,,k6_dense_disassortative_unequal_s202616210,817.6371051225545,6,u_kmeans_10,0.365625,320,6,202616210
0.5678353189390609,dense,disassortative_unequal,,k6_dense_disassortative_unequal_s202616210,181491.2155802654,6,u_lambda_kmeans_10,0.34062499999999996,320,6,202616210
0.7384019931104061,dense,disassortative_unequal,2452.1313813402294,k6_dense_disassortative_unequal_s202616211,,6,full_growing,0.171875,320,6,202616211
0.7384019931104061,dense,disassortative_unequal,2452.1313813402294,k6_dense_disassortative_unequal_s202616211,,6,full_replacement,0.171875,320,6,202616211
0.7363028432362066,dense,disassortative_unequal,2136.6685156802123,k6_dense_disassortative_unequal_s202616211,,6,sparse_growing,0.171875,320,6,202616211
0.7363028432362066,dense,disassortative_unequal,2136.6685156802123,k6_dense_disassortative_unequal_s202616211,,6,sparse_replacement,0.171875,320,6,202616211
0.6612673299926743,dense,disassortative_unequal,,k6_dense_disassortative_unequal_s202616211,766.7236493392344,6,u_kmeans_10,0.203125,320,6,202616211
0.7061691119312062,dense,disassortative_unequal,,k6_dense_disassortative_unequal_s202616211,167788.7104788475,6,u_lambda_kmeans_10,0.19062500000000004,320,6,202616211
-0.0037027581022674237,dense,weak_general_unequal,2570.415290607168,k6_dense_weak_general_unequal_s202616220,,6,full_growing,0.78125,320,6,202616220
-0.0037027581022674237,dense,weak_general_unequal,2570.415290607168,k6_dense_weak_general_unequal_s202616220,,6,full_replacement,0.78125,320,6,202616220
-0.0022057004030667455,dense,weak_general_unequal,2223.695384982506,k6_dense_weak_general_unequal_s202616220,,6,sparse_growing,0.775,320,6,202616220
-0.0022057004030667455,dense,weak_general_unequal,2223.695384982506,k6_dense_weak_general_unequal_s202616220,,6,sparse_replacement,0.775,320,6,202616220
-0.006472223500507058,dense,weak_general_unequal,,k6_dense_weak_general_unequal_s202616220,909.9143818012853,6,u_kmeans_10,0.79375,320,6,202616220
-0.0013217943172431428,dense,weak_general_unequal,,k6_dense_weak_general_unequal_s202616220,181282.82072156362,6,u_lambda_kmeans_10,0.76875,320,6,202616220
0.006345948461457417,dense,weak_general_unequal,2597.2419446772874,k6_dense_weak_general_unequal_s202616221,,6,full_growing,0.75,320,6,202616221
0.006345948461457417,dense,weak_general_unequal,2597.2419446772874,k6_dense_weak_general_unequal_s202616221,,6,full_replacement,0.75,320,6,202616221
0.0070392130429437726,dense,weak_general_unequal,2239.6404332899974,k6_dense_weak_general_unequal_s202616221,,6,sparse_growing,0.75,320,6,202616221
0.0070392130429437726,dense,weak_general_unequal,2239.6404332899974,k6_dense_weak_general_unequal_s202616221,,6,sparse_replacement,0.75,320,6,202616221
0.002782032344011375,dense,weak_general_unequal,,k6_dense_weak_general_unequal_s202616221,927.3652455188047,6,u_kmeans_10,0.759375,320,6,202616221
-0.0002905866373153287,dense,weak_general_unequal,,k6_dense_weak_general_unequal_s202616221,185328.76773280266,6,u_lambda_kmeans_10,0.76875,320,6,202616221
