model,n,ch,family,fits,mean_error,exact,mean_iter
disassortative3,1000,0.8,euclidean_pp,50,0.01474,0,34.92
disassortative3,1000,0.8,euclidean_pp_best,5,0.0064,0,31.0
disassortative3,1000,0.8,greedy_euclidean_pp,50,0.01302,0,30.74
disassortative3,1000,0.8,greedy_euclidean_pp_best,5,0.0064,0,37.2
disassortative3,1000,0.8,greedy_likelihood_pp,50,0.01316,0,35.92
disassortative3,1000,0.8,greedy_likelihood_pp_best,5,0.0064,0,43.2
disassortative3,1000,0.8,km_X,5,0.0062,0,
disassortative3,1000,0.8,km_start_PG,5,0.0062,0,2.0
disassortative3,1000,0.8,likelihood_pp,50,0.01496,0,34.14
disassortative3,1000,0.8,likelihood_pp_best,5,0.0064,0,45.6
disassortative3,1000,0.8,random_PG_best,5,0.0064,0,20.8
disassortative3,1000,0.8,random_labels,50,0.0064,0,19.94
disassortative3,1000,0.8,raw_total_likelihood_peeling_PG,5,0.0064,0,29.0
disassortative3,1000,0.8,uniform_centers,50,0.032,0,42.5
disassortative3,1000,0.8,uniform_centers_best,5,0.0064,0,52.6
disassortative3,1000,1.4,euclidean_pp,50,0.00788,49,26.46
disassortative3,1000,1.4,euclidean_pp_best,5,0.0,5,23.6
disassortative3,1000,1.4,greedy_euclidean_pp,50,0.01548,48,27.58
disassortative3,1000,1.4,greedy_euclidean_pp_best,5,0.0,5,22.6
disassortative3,1000,1.4,greedy_likelihood_pp,50,0.0,50,27.0
disassortative3,1000,1.4,greedy_likelihood_pp_best,5,0.0,5,25.8
disassortative3,1000,1.4,km_X,5,0.0,5,
disassortative3,1000,1.4,km_start_PG,5,0.0,5,16.6
disassortative3,1000,1.4,likelihood_pp,50,0.0084,49,27.38
disassortative3,1000,1.4,likelihood_pp_best,5,0.0,5,25.8
disassortative3,1000,1.4,random_PG_best,5,0.0,5,15.6
disassortative3,1000,1.4,random_labels,50,0.0,50,15.12
disassortative3,1000,1.4,raw_total_likelihood_peeling_PG,5,0.0,5,10.2
disassortative3,1000,1.4,uniform_centers,50,0.0785,40,33.78
disassortative3,1000,1.4,uniform_centers_best,5,0.0,5,23.6
disassortative3,2000,0.8,euclidean_pp,50,0.005599999999999999,0,37.64
disassortative3,2000,0.8,euclidean_pp_best,5,0.0056,0,38.8
disassortative3,2000,0.8,greedy_euclidean_pp,50,0.0056099999999999995,0,29.76
disassortative3,2000,0.8,greedy_euclidean_pp_best,5,0.0056,0,32.4
disassortative3,2000,0.8,greedy_likelihood_pp,50,0.00565,0,32.38
disassortative3,2000,0.8,greedy_likelihood_pp_best,5,0.0056,0,32.4
disassortative3,2000,0.8,km_X,5,0.0058,0,
disassortative3,2000,0.8,km_start_PG,5,0.0056,0,2.0
disassortative3,2000,0.8,likelihood_pp,50,0.01363,0,32.8
disassortative3,2000,0.8,likelihood_pp_best,5,0.0056,0,33.8
disassortative3,2000,0.8,random_PG_best,5,0.0056,0,18.6
disassortative3,2000,0.8,random_labels,50,0.005599999999999999,0,18.04
disassortative3,2000,0.8,raw_total_likelihood_peeling_PG,5,0.0056,0,19.2
disassortative3,2000,0.8,uniform_centers,50,0.005599999999999999,0,41.22
disassortative3,2000,0.8,uniform_centers_best,5,0.0056,0,39.0
disassortative3,2000,1.4,euclidean_pp,50,0.02366,47,24.18
disassortative3,2000,1.4,euclidean_pp_best,5,0.0,5,22.2
disassortative3,2000,1.4,greedy_euclidean_pp,50,0.008239999999999999,49,23.34
disassortative3,2000,1.4,greedy_euclidean_pp_best,5,0.0,5,22.4
disassortative3,2000,1.4,greedy_likelihood_pp,50,0.0,50,21.84
disassortative3,2000,1.4,greedy_likelihood_pp_best,5,0.0,5,21.8
disassortative3,2000,1.4,km_X,5,0.0,5,
disassortative3,2000,1.4,km_start_PG,5,0.0,5,18.6
disassortative3,2000,1.4,likelihood_pp,50,0.02463,47,24.76
disassortative3,2000,1.4,likelihood_pp_best,5,0.0,5,22.4
disassortative3,2000,1.4,random_PG_best,5,0.0,5,14.4
disassortative3,2000,1.4,random_labels,50,0.0,50,13.84
disassortative3,2000,1.4,raw_total_likelihood_peeling_PG,5,0.0,5,8.2
disassortative3,2000,1.4,uniform_centers,50,0.12078,35,29.48
disassortative3,2000,1.4,uniform_centers_best,5,0.0,5,23.8
equal3,1000,0.8,euclidean_pp,50,0.02312,27,17.28
equal3,1000,0.8,euclidean_pp_best,5,0.0004,3,12.8
equal3,1000,0.8,greedy_euclidean_pp,50,0.0004,30,11.58
equal3,1000,0.8,greedy_euclidean_pp_best,5,0.0004,3,13.6
equal3,1000,0.8,greedy_likelihood_pp,50,0.0004,30,10.98
equal3,1000,0.8,greedy_likelihood_pp_best,5,0.0004,3,12.6
equal3,1000,0.8,km_X,5,0.0004,3,
equal3,1000,0.8,km_start_PG,5,0.0004,3,4.2
equal3,1000,0.8,likelihood_pp,50,0.02926,27,18.12
equal3,1000,0.8,likelihood_pp_best,5,0.0004,3,13.4
equal3,1000,0.8,random_PG_best,5,0.0004,3,12.0
equal3,1000,0.8,random_labels,50,0.0071600000000000006,30,10.5
equal3,1000,0.8,raw_total_likelihood_peeling_PG,5,0.0004,3,5.6
equal3,1000,0.8,uniform_centers,50,0.0539,26,29.58
equal3,1000,0.8,uniform_centers_best,5,0.0004,3,13.8
equal3,1000,1.4,euclidean_pp,50,0.020380000000000002,47,9.52
equal3,1000,1.4,euclidean_pp_best,5,0.0,5,7.2
equal3,1000,1.4,greedy_euclidean_pp,50,0.0,50,6.78
equal3,1000,1.4,greedy_euclidean_pp_best,5,0.0,5,7.8
equal3,1000,1.4,greedy_likelihood_pp,50,0.0,50,6.5
equal3,1000,1.4,greedy_likelihood_pp_best,5,0.0,5,7.6
equal3,1000,1.4,km_X,5,0.0,5,
equal3,1000,1.4,km_start_PG,5,0.0,5,3.0
equal3,1000,1.4,likelihood_pp,50,0.01372,48,11.66
equal3,1000,1.4,likelihood_pp_best,5,0.0,5,8.4
equal3,1000,1.4,random_PG_best,5,0.0,5,8.6
equal3,1000,1.4,random_labels,50,0.01432,48,9.22
equal3,1000,1.4,raw_total_likelihood_peeling_PG,5,0.0,5,4.2
equal3,1000,1.4,uniform_centers,50,0.07152,40,14.16
equal3,1000,1.4,uniform_centers_best,5,0.0,5,9.4
equal3,2000,0.8,euclidean_pp,50,0.00975,49,13.08
equal3,2000,0.8,euclidean_pp_best,5,0.0,5,11.8
equal3,2000,0.8,greedy_euclidean_pp,50,0.0,50,10.28
equal3,2000,0.8,greedy_euclidean_pp_best,5,0.0,5,12.2
equal3,2000,0.8,greedy_likelihood_pp,50,0.0,50,9.68
equal3,2000,0.8,greedy_likelihood_pp_best,5,0.0,5,11.8
equal3,2000,0.8,km_X,5,0.0001,4,
equal3,2000,0.8,km_start_PG,5,0.0,5,3.8
equal3,2000,0.8,likelihood_pp,50,0.00747,49,11.08
equal3,2000,0.8,likelihood_pp_best,5,0.0,5,11.8
equal3,2000,0.8,random_PG_best,5,0.0,5,12.0
equal3,2000,0.8,random_labels,50,0.0076300000000000005,49,9.74
equal3,2000,0.8,raw_total_likelihood_peeling_PG,5,0.0,5,5.2
equal3,2000,0.8,uniform_centers,50,0.04972000000000001,43,34.48
equal3,2000,0.8,uniform_centers_best,5,0.0,5,50.6
equal3,2000,1.4,euclidean_pp,50,0.01363,48,7.6
equal3,2000,1.4,euclidean_pp_best,5,0.0,5,6.0
equal3,2000,1.4,greedy_euclidean_pp,50,0.0,50,6.52
equal3,2000,1.4,greedy_euclidean_pp_best,5,0.0,5,8.2
equal3,2000,1.4,greedy_likelihood_pp,50,0.0,50,6.18
equal3,2000,1.4,greedy_likelihood_pp_best,5,0.0,5,6.8
equal3,2000,1.4,km_X,5,0.0,5,
equal3,2000,1.4,km_start_PG,5,0.0,5,2.4
equal3,2000,1.4,likelihood_pp,50,0.0,50,7.22
equal3,2000,1.4,likelihood_pp_best,5,0.0,5,7.6
equal3,2000,1.4,random_PG_best,5,0.0,5,8.2
equal3,2000,1.4,random_labels,50,0.014790000000000001,48,10.6
equal3,2000,1.4,raw_total_likelihood_peeling_PG,5,0.0,5,4.0
equal3,2000,1.4,uniform_centers,50,0.11746000000000001,34,20.76
equal3,2000,1.4,uniform_centers_best,5,0.0,5,7.0
heterogeneous3,1000,0.8,euclidean_pp,50,0.032479999999999995,0,34.02
heterogeneous3,1000,0.8,euclidean_pp_best,5,0.004200000000000001,0,39.8
heterogeneous3,1000,0.8,greedy_euclidean_pp,50,0.00424,0,33.2
heterogeneous3,1000,0.8,greedy_euclidean_pp_best,5,0.004200000000000001,0,45.4
heterogeneous3,1000,0.8,greedy_likelihood_pp,50,0.02318,0,32.4
heterogeneous3,1000,0.8,greedy_likelihood_pp_best,5,0.004200000000000001,0,36.6
heterogeneous3,1000,0.8,km_X,5,0.0288,0,
heterogeneous3,1000,0.8,km_start_PG,5,0.004200000000000001,0,28.8
heterogeneous3,1000,0.8,likelihood_pp,50,0.04234,0,32.58
heterogeneous3,1000,0.8,likelihood_pp_best,5,0.004200000000000001,0,46.0
heterogeneous3,1000,0.8,random_PG_best,5,0.004200000000000001,0,40.0
heterogeneous3,1000,0.8,random_labels,50,0.0229,0,39.82
heterogeneous3,1000,0.8,raw_total_likelihood_peeling_PG,5,0.004200000000000001,0,51.0
heterogeneous3,1000,0.8,uniform_centers,50,0.13638,0,33.76
heterogeneous3,1000,0.8,uniform_centers_best,5,0.004200000000000001,0,48.6
heterogeneous3,1000,1.4,euclidean_pp,50,0.12268000000000001,37,49.86
heterogeneous3,1000,1.4,euclidean_pp_best,5,0.0,5,47.6
heterogeneous3,1000,1.4,greedy_euclidean_pp,50,0.038979999999999994,46,48.54
heterogeneous3,1000,1.4,greedy_euclidean_pp_best,5,0.0,5,47.4
heterogeneous3,1000,1.4,greedy_likelihood_pp,50,0.02856,47,49.98
heterogeneous3,1000,1.4,greedy_likelihood_pp_best,5,0.0,5,40.8
heterogeneous3,1000,1.4,km_X,5,0.005200000000000001,0,
heterogeneous3,1000,1.4,km_start_PG,5,0.0,5,13.6
heterogeneous3,1000,1.4,likelihood_pp,50,0.09466,40,47.44
heterogeneous3,1000,1.4,likelihood_pp_best,5,0.0,5,43.6
heterogeneous3,1000,1.4,random_PG_best,5,0.0,5,23.2
heterogeneous3,1000,1.4,random_labels,50,0.03884,46,22.24
heterogeneous3,1000,1.4,raw_total_likelihood_peeling_PG,5,0.0,5,23.0
heterogeneous3,1000,1.4,uniform_centers,50,0.14198,35,42.1
heterogeneous3,1000,1.4,uniform_centers_best,5,0.0,5,44.4
heterogeneous3,2000,0.8,euclidean_pp,50,0.05061,0,37.36
heterogeneous3,2000,0.8,euclidean_pp_best,5,0.0035000000000000005,0,56.4
heterogeneous3,2000,0.8,greedy_euclidean_pp,50,0.00361,0,35.22
heterogeneous3,2000,0.8,greedy_euclidean_pp_best,5,0.0034000000000000002,0,50.8
heterogeneous3,2000,0.8,greedy_likelihood_pp,50,0.030940000000000002,0,31.26
heterogeneous3,2000,0.8,greedy_likelihood_pp_best,5,0.0035000000000000005,0,53.0
heterogeneous3,2000,0.8,km_X,5,0.022600000000000002,0,
heterogeneous3,2000,0.8,km_start_PG,5,0.0035000000000000005,0,31.6
heterogeneous3,2000,0.8,likelihood_pp,50,0.08843,0,29.62
heterogeneous3,2000,0.8,likelihood_pp_best,5,0.0035000000000000005,0,48.0
heterogeneous3,2000,0.8,random_PG_best,5,0.0035000000000000005,0,40.8
heterogeneous3,2000,0.8,random_labels,50,0.04069,0,39.88
heterogeneous3,2000,0.8,raw_total_likelihood_peeling_PG,5,0.0036000000000000003,0,33.2
heterogeneous3,2000,0.8,uniform_centers,50,0.10993,0,35.96
heterogeneous3,2000,0.8,uniform_centers_best,5,0.0034000000000000002,0,52.8
heterogeneous3,2000,1.4,euclidean_pp,50,0.05825,26,47.18
heterogeneous3,2000,1.4,euclidean_pp_best,5,0.0002,3,35.4
heterogeneous3,2000,1.4,greedy_euclidean_pp,50,0.0002,30,48.02
heterogeneous3,2000,1.4,greedy_euclidean_pp_best,5,0.0002,3,35.6
heterogeneous3,2000,1.4,greedy_likelihood_pp,50,0.0002,30,48.38
heterogeneous3,2000,1.4,greedy_likelihood_pp_best,5,0.0002,3,36.8
heterogeneous3,2000,1.4,km_X,5,0.004399999999999999,0,
heterogeneous3,2000,1.4,km_start_PG,5,0.0002,3,11.4
heterogeneous3,2000,1.4,likelihood_pp,50,0.07734,25,42.76
heterogeneous3,2000,1.4,likelihood_pp_best,5,0.0002,3,38.2
heterogeneous3,2000,1.4,random_PG_best,5,0.0002,3,20.4
heterogeneous3,2000,1.4,random_labels,50,0.02915,29,19.96
heterogeneous3,2000,1.4,raw_total_likelihood_peeling_PG,5,0.0002,3,14.4
heterogeneous3,2000,1.4,uniform_centers,50,0.115,23,44.42
heterogeneous3,2000,1.4,uniform_centers_best,5,0.0002,3,36.4
hierarchical4,1000,0.8,euclidean_pp,50,0.05312,16,57.96
hierarchical4,1000,0.8,euclidean_pp_best,5,0.001,2,33.6
hierarchical4,1000,0.8,greedy_euclidean_pp,50,0.006659999999999999,20,37.12
hierarchical4,1000,0.8,greedy_euclidean_pp_best,5,0.001,2,33.0
hierarchical4,1000,0.8,greedy_likelihood_pp,50,0.006520000000000001,20,35.8
hierarchical4,1000,0.8,greedy_likelihood_pp_best,5,0.001,2,33.2
hierarchical4,1000,0.8,km_X,5,0.001,2,
hierarchical4,1000,0.8,km_start_PG,5,0.001,2,10.0
hierarchical4,1000,0.8,likelihood_pp,50,0.03964,19,45.84
hierarchical4,1000,0.8,likelihood_pp_best,5,0.001,2,34.0
hierarchical4,1000,0.8,random_PG_best,5,0.001,2,40.0
hierarchical4,1000,0.8,random_labels,50,0.03724,19,30.36
hierarchical4,1000,0.8,raw_total_likelihood_peeling_PG,5,0.001,2,29.0
hierarchical4,1000,0.8,uniform_centers,50,0.10996,13,60.36
hierarchical4,1000,0.8,uniform_centers_best,5,0.001,2,33.4
hierarchical4,1000,1.4,euclidean_pp,50,0.02766,45,25.5
hierarchical4,1000,1.4,euclidean_pp_best,5,0.0,5,19.6
hierarchical4,1000,1.4,greedy_euclidean_pp,50,0.0,50,19.76
hierarchical4,1000,1.4,greedy_euclidean_pp_best,5,0.0,5,20.0
hierarchical4,1000,1.4,greedy_likelihood_pp,50,0.005699999999999999,49,21.58
hierarchical4,1000,1.4,greedy_likelihood_pp_best,5,0.0,5,18.4
hierarchical4,1000,1.4,km_X,5,0.0,5,
hierarchical4,1000,1.4,km_start_PG,5,0.0,5,6.2
hierarchical4,1000,1.4,likelihood_pp,50,0.05278000000000001,40,31.9
hierarchical4,1000,1.4,likelihood_pp_best,5,0.0,5,19.6
hierarchical4,1000,1.4,random_PG_best,5,0.0,5,12.2
hierarchical4,1000,1.4,random_labels,50,0.0519,40,17.46
hierarchical4,1000,1.4,raw_total_likelihood_peeling_PG,5,0.0,5,9.2
hierarchical4,1000,1.4,uniform_centers,50,0.1093,29,42.74
hierarchical4,1000,1.4,uniform_centers_best,5,0.0,5,20.0
hierarchical4,2000,0.8,euclidean_pp,50,0.05176,25,41.24
hierarchical4,2000,0.8,euclidean_pp_best,5,0.0002,3,29.8
hierarchical4,2000,0.8,greedy_euclidean_pp,50,0.0002,30,30.36
hierarchical4,2000,0.8,greedy_euclidean_pp_best,5,0.0002,3,28.8
hierarchical4,2000,0.8,greedy_likelihood_pp,50,0.0002,30,29.9
hierarchical4,2000,0.8,greedy_likelihood_pp_best,5,0.0002,3,27.8
hierarchical4,2000,0.8,km_X,5,0.0002,3,
hierarchical4,2000,0.8,km_start_PG,5,0.0002,3,9.2
hierarchical4,2000,0.8,likelihood_pp,50,0.06045,23,53.42
hierarchical4,2000,0.8,likelihood_pp_best,5,0.0002,3,29.2
hierarchical4,2000,0.8,random_PG_best,5,0.0002,3,16.2
hierarchical4,2000,0.8,random_labels,50,0.05112,22,26.02
hierarchical4,2000,0.8,raw_total_likelihood_peeling_PG,5,0.0002,3,12.0
hierarchical4,2000,0.8,uniform_centers,50,0.11918000000000001,19,67.18
hierarchical4,2000,0.8,uniform_centers_best,5,0.0002,3,31.2
hierarchical4,2000,1.4,euclidean_pp,50,0.03248,44,26.26
hierarchical4,2000,1.4,euclidean_pp_best,5,0.0,5,17.8
hierarchical4,2000,1.4,greedy_euclidean_pp,50,0.0,50,17.44
hierarchical4,2000,1.4,greedy_euclidean_pp_best,5,0.0,5,17.6
hierarchical4,2000,1.4,greedy_likelihood_pp,50,0.0,50,17.24
hierarchical4,2000,1.4,greedy_likelihood_pp_best,5,0.0,5,17.0
hierarchical4,2000,1.4,km_X,5,0.0,5,
hierarchical4,2000,1.4,km_start_PG,5,0.0,5,6.0
hierarchical4,2000,1.4,likelihood_pp,50,0.04226,42,25.04
hierarchical4,2000,1.4,likelihood_pp_best,5,0.0,5,18.0
hierarchical4,2000,1.4,random_PG_best,5,0.0,5,11.4
hierarchical4,2000,1.4,random_labels,50,0.052059999999999995,40,18.58
hierarchical4,2000,1.4,raw_total_likelihood_peeling_PG,5,0.0,5,7.6
hierarchical4,2000,1.4,uniform_centers,50,0.15447,21,65.2
hierarchical4,2000,1.4,uniform_centers_best,5,0.0,5,18.0
symmetric2,1000,0.8,euclidean_pp,50,0.0006,30,5.38
symmetric2,1000,0.8,euclidean_pp_best,5,0.0006000000000000001,3,5.0
symmetric2,1000,0.8,greedy_euclidean_pp,50,0.0006,30,5.12
symmetric2,1000,0.8,greedy_euclidean_pp_best,5,0.0006000000000000001,3,5.2
symmetric2,1000,0.8,greedy_likelihood_pp,50,0.0006,30,4.86
symmetric2,1000,0.8,greedy_likelihood_pp_best,5,0.0006000000000000001,3,5.0
symmetric2,1000,0.8,km_X,5,0.0004,4,
symmetric2,1000,0.8,km_start_PG,5,0.0006000000000000001,3,1.8
symmetric2,1000,0.8,likelihood_pp,50,0.0006,30,5.32
symmetric2,1000,0.8,likelihood_pp_best,5,0.0006000000000000001,3,5.0
symmetric2,1000,0.8,random_PG_best,5,0.0006000000000000001,3,6.8
symmetric2,1000,0.8,random_labels,50,0.0006,30,6.22
symmetric2,1000,0.8,raw_total_likelihood_peeling_PG,5,0.0006000000000000001,3,3.0
symmetric2,1000,0.8,uniform_centers,50,0.0006,30,5.9
symmetric2,1000,0.8,uniform_centers_best,5,0.0006000000000000001,3,6.0
symmetric2,1000,1.4,euclidean_pp,50,0.0,50,4.02
symmetric2,1000,1.4,euclidean_pp_best,5,0.0,5,4.0
symmetric2,1000,1.4,greedy_euclidean_pp,50,0.0,50,3.92
symmetric2,1000,1.4,greedy_euclidean_pp_best,5,0.0,5,4.0
symmetric2,1000,1.4,greedy_likelihood_pp,50,0.0,50,3.92
symmetric2,1000,1.4,greedy_likelihood_pp_best,5,0.0,5,4.0
symmetric2,1000,1.4,km_X,5,0.0,5,
symmetric2,1000,1.4,km_start_PG,5,0.0,5,1.0
symmetric2,1000,1.4,likelihood_pp,50,0.0,50,3.98
symmetric2,1000,1.4,likelihood_pp_best,5,0.0,5,4.0
symmetric2,1000,1.4,random_PG_best,5,0.0,5,5.6
symmetric2,1000,1.4,random_labels,50,0.0,50,5.18
symmetric2,1000,1.4,raw_total_likelihood_peeling_PG,5,0.0,5,2.6
symmetric2,1000,1.4,uniform_centers,50,0.0,50,4.68
symmetric2,1000,1.4,uniform_centers_best,5,0.0,5,5.6
symmetric2,2000,0.8,euclidean_pp,50,0.0001,40,5.22
symmetric2,2000,0.8,euclidean_pp_best,5,0.0001,4,5.0
symmetric2,2000,0.8,greedy_euclidean_pp,50,0.0001,40,4.94
symmetric2,2000,0.8,greedy_euclidean_pp_best,5,0.0001,4,5.0
symmetric2,2000,0.8,greedy_likelihood_pp,50,0.0001,40,4.64
symmetric2,2000,0.8,greedy_likelihood_pp_best,5,0.0001,4,4.8
symmetric2,2000,0.8,km_X,5,0.0001,4,
symmetric2,2000,0.8,km_start_PG,5,0.0001,4,1.8
symmetric2,2000,0.8,likelihood_pp,50,0.0001,40,5.0
symmetric2,2000,0.8,likelihood_pp_best,5,0.0001,4,5.2
symmetric2,2000,0.8,random_PG_best,5,0.0001,4,6.8
symmetric2,2000,0.8,random_labels,50,0.0001,40,6.24
symmetric2,2000,0.8,raw_total_likelihood_peeling_PG,5,0.0001,4,2.8
symmetric2,2000,0.8,uniform_centers,50,0.0001,40,5.66
symmetric2,2000,0.8,uniform_centers_best,5,0.0001,4,5.2
symmetric2,2000,1.4,euclidean_pp,50,0.0,50,3.94
symmetric2,2000,1.4,euclidean_pp_best,5,0.0,5,4.4
symmetric2,2000,1.4,greedy_euclidean_pp,50,0.0,50,3.96
symmetric2,2000,1.4,greedy_euclidean_pp_best,5,0.0,5,4.0
symmetric2,2000,1.4,greedy_likelihood_pp,50,0.0,50,3.84
symmetric2,2000,1.4,greedy_likelihood_pp_best,5,0.0,5,4.0
symmetric2,2000,1.4,km_X,5,0.0,5,
symmetric2,2000,1.4,km_start_PG,5,0.0,5,1.0
symmetric2,2000,1.4,likelihood_pp,50,0.0,50,3.9
symmetric2,2000,1.4,likelihood_pp_best,5,0.0,5,4.0
symmetric2,2000,1.4,random_PG_best,5,0.0,5,6.2
symmetric2,2000,1.4,random_labels,50,0.0,50,5.2
symmetric2,2000,1.4,raw_total_likelihood_peeling_PG,5,0.0,5,2.6
symmetric2,2000,1.4,uniform_centers,50,0.0,50,4.56
symmetric2,2000,1.4,uniform_centers_best,5,0.0,5,5.2
unequal3,1000,0.8,euclidean_pp,50,0.09630000000000001,23,22.26
unequal3,1000,0.8,euclidean_pp_best,5,0.0018000000000000002,3,16.2
unequal3,1000,0.8,greedy_euclidean_pp,50,0.0326,27,20.64
unequal3,1000,0.8,greedy_euclidean_pp_best,5,0.0018000000000000002,3,17.2
unequal3,1000,0.8,greedy_likelihood_pp,50,0.04162,30,16.24
unequal3,1000,0.8,greedy_likelihood_pp_best,5,0.0018000000000000002,3,14.0
unequal3,1000,0.8,km_X,5,0.0072,1,
unequal3,1000,0.8,km_start_PG,5,0.0018000000000000002,3,6.4
unequal3,1000,0.8,likelihood_pp,50,0.08052,26,23.62
unequal3,1000,0.8,likelihood_pp_best,5,0.0018000000000000002,3,16.8
unequal3,1000,0.8,random_PG_best,5,0.0018000000000000002,3,11.8
unequal3,1000,0.8,random_labels,50,0.1003,23,23.3
unequal3,1000,0.8,raw_total_likelihood_peeling_PG,5,0.0018000000000000002,3,12.4
unequal3,1000,0.8,uniform_centers,50,0.11192,24,24.2
unequal3,1000,0.8,uniform_centers_best,5,0.0018000000000000002,3,16.8
unequal3,1000,1.4,euclidean_pp,50,0.02926,44,17.48
unequal3,1000,1.4,euclidean_pp_best,5,0.0,5,12.0
unequal3,1000,1.4,greedy_euclidean_pp,50,0.00454,49,12.86
unequal3,1000,1.4,greedy_euclidean_pp_best,5,0.0,5,10.0
unequal3,1000,1.4,greedy_likelihood_pp,50,0.0,50,9.96
unequal3,1000,1.4,greedy_likelihood_pp_best,5,0.0,5,8.6
unequal3,1000,1.4,km_X,5,0.0,5,
unequal3,1000,1.4,km_start_PG,5,0.0,5,3.6
unequal3,1000,1.4,likelihood_pp,50,0.014220000000000002,48,17.2
unequal3,1000,1.4,likelihood_pp_best,5,0.0,5,10.4
unequal3,1000,1.4,random_PG_best,5,0.0,5,9.8
unequal3,1000,1.4,random_labels,50,0.05888,39,25.72
unequal3,1000,1.4,raw_total_likelihood_peeling_PG,5,0.0,5,7.8
unequal3,1000,1.4,uniform_centers,50,0.07792,36,32.92
unequal3,1000,1.4,uniform_centers_best,5,0.0,5,12.2
unequal3,2000,0.8,euclidean_pp,50,0.02524,47,17.8
unequal3,2000,0.8,euclidean_pp_best,5,0.0,5,16.2
unequal3,2000,0.8,greedy_euclidean_pp,50,0.00796,49,15.86
unequal3,2000,0.8,greedy_euclidean_pp_best,5,0.0,5,14.8
unequal3,2000,0.8,greedy_likelihood_pp,50,0.0,50,14.74
unequal3,2000,0.8,greedy_likelihood_pp_best,5,0.0,5,14.6
unequal3,2000,0.8,km_X,5,0.0005,2,
unequal3,2000,0.8,km_start_PG,5,0.0,5,6.2
unequal3,2000,0.8,likelihood_pp,50,0.024540000000000003,47,16.88
unequal3,2000,0.8,likelihood_pp_best,5,0.0,5,14.4
unequal3,2000,0.8,random_PG_best,5,0.0,5,11.6
unequal3,2000,0.8,random_labels,50,0.12115000000000001,35,30.98
unequal3,2000,0.8,raw_total_likelihood_peeling_PG,5,0.0,5,9.0
unequal3,2000,0.8,uniform_centers,50,0.09513999999999999,38,26.92
unequal3,2000,0.8,uniform_centers_best,5,0.0,5,17.0
unequal3,2000,1.4,euclidean_pp,50,0.021789999999999997,46,25.28
unequal3,2000,1.4,euclidean_pp_best,5,0.0,5,11.8
unequal3,2000,1.4,greedy_euclidean_pp,50,0.00423,49,13.84
unequal3,2000,1.4,greedy_euclidean_pp_best,5,0.0,5,11.6
unequal3,2000,1.4,greedy_likelihood_pp,50,0.01373,48,15.38
unequal3,2000,1.4,greedy_likelihood_pp_best,5,0.0,5,11.6
unequal3,2000,1.4,km_X,5,0.0,5,
unequal3,2000,1.4,km_start_PG,5,0.0,5,3.8
unequal3,2000,1.4,likelihood_pp,50,0.0,50,10.28
unequal3,2000,1.4,likelihood_pp_best,5,0.0,5,11.2
unequal3,2000,1.4,random_PG_best,5,0.0,5,9.6
unequal3,2000,1.4,random_labels,50,0.07347,36,32.84
unequal3,2000,1.4,raw_total_likelihood_peeling_PG,5,0.0,5,8.0
unequal3,2000,1.4,uniform_centers,50,0.058129999999999994,37,35.26
unequal3,2000,1.4,uniform_centers_best,5,0.0,5,12.8
