family,fits,graphs,mean_error,exact,converged,mean_iter,max_iter,mean_em_elapsed,mean_seed_elapsed
euclidean_pp,1200,120,0.030045416666666665,790,1198,24.643333333333334,300.0,3.698180313334063,0.12407626858369132
euclidean_pp_best,120,120,0.001,86,120,21.166666666666668,83.0,2.677415365826649,0.1245245225106676
greedy_euclidean_pp,1200,120,0.0061112499999999995,847,1200,20.724166666666665,173.0,3.094889660746946,0.13642224183441912
greedy_euclidean_pp_best,120,120,0.0009958333333333334,86,120,21.116666666666667,71.0,3.2527007875032723,0.15275971000664865
greedy_likelihood_pp,1200,120,0.007106666666666667,854,1199,20.441666666666666,300.0,2.7555719409172887,0.4159278758289292
greedy_likelihood_pp_best,120,120,0.001,86,120,20.508333333333333,71.0,2.607505164167378,0.39716835831447195
km_X,120,120,0.0034541666666666666,73,0,,,,
km_start_PG,120,120,0.0009916666666666665,86,120,8.125,40.0,0.5864345475002968,
likelihood_pp,1200,120,0.030414583333333335,800,1200,23.414166666666667,290.0,4.248556162499784,0.271441192413913
likelihood_pp_best,120,120,0.001,86,120,21.516666666666666,71.0,3.2277331233393247,0.2651869558282972
random_PG_best,120,120,0.001,86,120,15.941666666666666,130.0,1.0857058633409906,
random_labels,1200,120,0.030595833333333336,774,1199,19.041666666666668,300.0,1.3626809269995042,
raw_total_likelihood_peeling_PG,120,120,0.0010041666666666667,86,120,13.05,99.0,1.1774768608214798,49.42528059917968
uniform_centers,1200,120,0.07789541666666668,663,1197,32.4075,300.0,4.624705488251056,0.22791871566829888
uniform_centers_best,120,120,0.0009958333333333334,86,120,24.391666666666666,203.0,2.9659883058435903,0.23572358415694905
