graph,model,n,ch,seed,converged,reason,elapsed,n_iter,objective,worst_objective_delta,objective_kind,errors,error_rate,exact,ari,method,pairwise_elapsed,peeling_elapsed,precompute_elapsed,seed_elapsed,total_elapsed,peeled_error_rate,initial_hard_error_rate,initial_objective
disassortative3_n1000_ch0.8_s20000,disassortative3,1000,0.8,20000,True,objective_and_parameter_tolerance,0.2999162001069635,13,-9373.724897711065,0.0,mixture_log_likelihood,4,0.004,0,0.9880150904169896,raw_total_likelihood_peeling_PG,6.132715299958363,0.0208988999947905,0.2091266000643372,6.362740800017491,6.719940199982375,0.049,0.003,-9605.405982292688
disassortative3_n1000_ch0.8_s20003,disassortative3,1000,0.8,20003,True,objective_and_parameter_tolerance,0.3072201998438686,14,-9419.775475455452,0.0,mixture_log_likelihood,7,0.007,0,0.9790604152830064,raw_total_likelihood_peeling_PG,6.166377399815247,0.0185731998644769,0.1984362001530826,6.383386799832806,6.751709099858999,0.049,0.008,-9755.037739002408
disassortative3_n1000_ch0.8_s20001,disassortative3,1000,0.8,20001,True,objective_and_parameter_tolerance,0.4253907999955117,18,-9776.65374959722,0.0,mixture_log_likelihood,7,0.007,0,0.979079271903114,raw_total_likelihood_peeling_PG,6.181627900106832,0.0194161999970674,0.1986963001545518,6.399740400258452,6.892799700144678,0.096,0.011,-10277.409122601604
disassortative3_n1000_ch0.8_s20002,disassortative3,1000,0.8,20002,True,objective_and_parameter_tolerance,0.4590534998569637,19,-9492.82314627252,0.0,mixture_log_likelihood,8,0.008,0,0.9761382526913588,raw_total_likelihood_peeling_PG,6.164858100004494,0.0213827998377382,0.2029438000172376,6.38918469985947,6.918929900042713,0.051,0.011,-9823.489666141342
disassortative3_n1000_ch1.4_s20000,disassortative3,1000,1.4,20000,True,objective_and_parameter_tolerance,0.2364662999752909,10,-9317.86940012925,0.0,mixture_log_likelihood,0,0.0,1,1.0,raw_total_likelihood_peeling_PG,7.129548999946564,0.0221581000369042,0.2693290999159217,7.42103619989939,7.703349100193009,0.001,0.0,-9359.244165491116
disassortative3_n1000_ch1.4_s20001,disassortative3,1000,1.4,20001,True,objective_and_parameter_tolerance,0.2544756999704987,10,-9381.795875791016,0.0,mixture_log_likelihood,0,0.0,1,1.0,raw_total_likelihood_peeling_PG,7.051844100002199,0.0230273001361638,0.3207103000022471,7.39558170014061,7.697984799975529,0.001,0.0,-9435.822374105252
disassortative3_n1000_ch1.4_s20002,disassortative3,1000,1.4,20002,True,objective_and_parameter_tolerance,0.2942530999425798,11,-9117.716067652462,0.0,mixture_log_likelihood,0,0.0,1,1.0,raw_total_likelihood_peeling_PG,7.151547100162134,0.0217829998582601,0.3413726000580936,7.514702700078487,7.8577560998965055,0.002,0.0,-9246.526443247778
disassortative3_n1000_ch0.8_s20004,disassortative3,1000,0.8,20004,True,objective_and_parameter_tolerance,2.148152199806645,81,-9127.348120741784,0.0,mixture_log_likelihood,6,0.006,0,0.9820274700696356,raw_total_likelihood_peeling_PG,7.087969600223005,0.0211503999307751,0.2812165999785065,7.3903366001322865,9.583707999903709,0.028,0.01,-9323.31503737377
disassortative3_n1000_ch1.4_s20003,disassortative3,1000,1.4,20003,True,objective_and_parameter_tolerance,0.2283017998561263,9,-9110.354622107196,0.0,mixture_log_likelihood,0,0.0,1,1.0,raw_total_likelihood_peeling_PG,8.127796199871227,0.0251249999273568,0.3105568001046777,8.463477999903262,8.747414799872786,0.001,0.0,-9175.369757259024
disassortative3_n1000_ch1.4_s20004,disassortative3,1000,1.4,20004,True,objective_and_parameter_tolerance,0.2729435998480767,11,-9115.967352272888,0.0,mixture_log_likelihood,0,0.0,1,1.0,raw_total_likelihood_peeling_PG,8.026915000053123,0.0245256000198423,0.2962556001730263,8.347696200245991,8.675755700096488,0.004,0.0,-9176.450041628445
disassortative3_n2000_ch0.8_s20000,disassortative3,2000,0.8,20000,True,objective_and_parameter_tolerance,0.907039700075984,15,-18865.665363414893,0.0,mixture_log_likelihood,12,0.006,0,0.9820642589121608,raw_total_likelihood_peeling_PG,34.60085029993206,0.1223383999895304,0.8134628999978304,35.53665159991942,36.5452330999542,0.0315,0.009,-19232.183278890407
disassortative3_n2000_ch0.8_s20001,disassortative3,2000,0.8,20001,True,objective_and_parameter_tolerance,0.8458966999314725,13,-18949.057172213517,0.0,mixture_log_likelihood,15,0.0075,0,0.9776094223347032,raw_total_likelihood_peeling_PG,34.696020300034434,0.1258576000109315,1.0220401000697166,35.84391800011508,36.7830646999646,0.044,0.0095,-19495.74228996286
disassortative3_n2000_ch0.8_s20003,disassortative3,2000,0.8,20003,True,objective_and_parameter_tolerance,0.905241800006479,14,-18871.27768562589,0.0,mixture_log_likelihood,10,0.005,0,0.9850540615606684,raw_total_likelihood_peeling_PG,35.73155410005711,0.1629591998644173,0.8157524999696761,36.7102657998912,37.716063400032,0.0425,0.0065,-19355.77102972111
disassortative3_n2000_ch0.8_s20002,disassortative3,2000,0.8,20002,True,objective_and_parameter_tolerance,1.0274888998828828,14,-18920.727436793364,0.0,mixture_log_likelihood,6,0.003,0,0.9910101565568183,raw_total_likelihood_peeling_PG,36.19381850003265,0.15727229998447,0.8119855001568794,37.163076300174,38.28409989993088,0.0355,0.004,-19179.404003617783
disassortative3_n2000_ch1.4_s20000,disassortative3,2000,1.4,20000,True,objective_and_parameter_tolerance,0.3276785998605191,7,-18672.375700251003,0.0,mixture_log_likelihood,0,0.0,1,1.0,raw_total_likelihood_peeling_PG,33.206240199971944,0.1034339000470936,0.981187399942428,34.290861499961466,34.70101449987851,0.002,0.0,-18732.711194545365
disassortative3_n2000_ch0.8_s20004,disassortative3,2000,0.8,20004,True,objective_and_parameter_tolerance,1.7492984998971224,40,-18852.258702556966,0.0,mixture_log_likelihood,13,0.0065,0,0.98057771976277,raw_total_likelihood_peeling_PG,33.706826500128955,0.1020709001459181,1.0712655000388622,34.880162900313735,36.71649770019576,0.031,0.008,-19325.20685771554
disassortative3_n2000_ch1.4_s20001,disassortative3,2000,1.4,20001,True,objective_and_parameter_tolerance,0.51029759994708,9,-18649.61335708417,0.0,mixture_log_likelihood,0,0.0,1,1.0,raw_total_likelihood_peeling_PG,31.59509319998324,0.1700935000553727,1.0165734000038356,32.78176010004245,33.39449120010249,0.0005,0.0,-18689.75057433996
disassortative3_n2000_ch1.4_s20002,disassortative3,2000,1.4,20002,True,objective_and_parameter_tolerance,0.5332282001618296,10,-18881.167188030064,0.0,mixture_log_likelihood,0,0.0,1,1.0,raw_total_likelihood_peeling_PG,31.091124499915168,0.1565888999029994,1.1030506999231875,32.350764099741355,32.98758209985681,0.002,0.0,-18938.472597566903
equal3_n1000_ch0.8_s20000,equal3,1000,0.8,20000,True,objective_and_parameter_tolerance,0.1602094999980181,5,-8069.539127553891,0.0,mixture_log_likelihood,1,0.001,0,0.9969970000481382,raw_total_likelihood_peeling_PG,7.238678499823436,0.0346462000161409,0.3342792000621557,7.607603899901733,7.836068300064653,0.002,0.001,-8108.684176764672
equal3_n1000_ch0.8_s20001,equal3,1000,0.8,20001,True,objective_and_parameter_tolerance,0.1464769998565316,5,-7924.272716825667,0.0,mixture_log_likelihood,0,0.0,1,1.0,raw_total_likelihood_peeling_PG,7.2454876999836415,0.0255541999358683,0.2702603000216186,7.541302199941128,7.749162099789828,0.001,0.0,-7940.060625584126
equal3_n1000_ch0.8_s20003,equal3,1000,0.8,20003,True,objective_and_parameter_tolerance,0.1629808000288903,6,-7977.018080235728,0.0,mixture_log_likelihood,0,0.0,1,1.0,raw_total_likelihood_peeling_PG,8.196305099874735,0.0248034999240189,0.2599147998262197,8.481023399624974,8.698153299978003,0.002,0.0,-8006.553064086042
equal3_n1000_ch0.8_s20002,equal3,1000,0.8,20002,True,objective_and_parameter_tolerance,0.1791294999420642,7,-7881.992099357868,0.0,mixture_log_likelihood,0,0.0,1,1.0,raw_total_likelihood_peeling_PG,8.216806600103155,0.0247748000547289,0.2933153000194579,8.534896700177342,8.768685600021854,0.002,0.001,-7909.160247630931
equal3_n1000_ch1.4_s20000,equal3,1000,1.4,20000,True,objective_and_parameter_tolerance,0.1932290999684482,4,-8635.732012450546,0.0,mixture_log_likelihood,0,0.0,1,1.0,raw_total_likelihood_peeling_PG,13.568726500030609,0.0208346000872552,0.2790220000315457,13.868583100149408,14.111841999925671,0.002,0.0,-8667.611089610682
equal3_n1000_ch0.8_s20004,equal3,1000,0.8,20004,True,objective_and_parameter_tolerance,0.2444066999014467,5,-7966.968434976772,0.0,mixture_log_likelihood,1,0.001,0,0.9969970000481382,raw_total_likelihood_peeling_PG,13.671098600141704,0.0228665999602526,0.2470142999663949,13.940979500068352,14.241427100030704,0.003,0.001,-7980.934772362976
disassortative3_n2000_ch1.4_s20003,disassortative3,2000,1.4,20003,True,objective_and_parameter_tolerance,0.5769137998577207,7,-18728.16912868699,0.0,mixture_log_likelihood,0,0.0,1,1.0,raw_total_likelihood_peeling_PG,36.33441130002029,0.1239988000597804,0.6913880999200046,37.14979820000008,37.890182399889454,0.0015,0.0,-18768.84939783649
disassortative3_n2000_ch1.4_s20004,disassortative3,2000,1.4,20004,True,objective_and_parameter_tolerance,0.674935600021854,8,-18787.4154442144,0.0,mixture_log_likelihood,0,0.0,1,1.0,raw_total_likelihood_peeling_PG,36.39441750012338,0.1829975000582635,0.7090465999208391,37.28646160010248,38.0799767000135,0.001,0.0,-18816.35948993783
equal3_n1000_ch1.4_s20002,equal3,1000,1.4,20002,True,objective_and_parameter_tolerance,0.1714822999201715,5,-8541.842184394021,0.0,mixture_log_likelihood,0,0.0,1,1.0,raw_total_likelihood_peeling_PG,13.348466699942946,0.0287027999293059,0.4794890999328345,13.856658599805089,14.1047521000728,0.001,0.0,-8566.707172190683
equal3_n1000_ch1.4_s20001,equal3,1000,1.4,20001,True,objective_and_parameter_tolerance,0.1667543998919427,5,-8536.794818704426,0.0,mixture_log_likelihood,0,0.0,1,1.0,raw_total_likelihood_peeling_PG,13.446496200049296,0.0276818999554961,0.5328464000485837,14.007024500053376,14.249313000123948,0.002,0.0,-8556.2948080892
equal3_n1000_ch1.4_s20003,equal3,1000,1.4,20003,True,objective_and_parameter_tolerance,0.1071069999597966,3,-8557.154589514856,0.0,mixture_log_likelihood,0,0.0,1,1.0,raw_total_likelihood_peeling_PG,13.329485200112686,0.0281347001437097,0.4654276000801474,13.823047500336545,13.998625499894844,0.001,0.0,-8566.096294273457
equal3_n1000_ch1.4_s20004,equal3,1000,1.4,20004,True,objective_and_parameter_tolerance,0.1701613999903202,4,-8573.156703845674,0.0,mixture_log_likelihood,0,0.0,1,1.0,raw_total_likelihood_peeling_PG,13.261262299958616,0.0379470998886972,0.4736810000613332,13.772890399908649,14.086094900034368,0.001,0.0,-8579.695803851839
equal3_n2000_ch0.8_s20002,equal3,2000,0.8,20002,True,objective_and_parameter_tolerance,0.7362673000898212,5,-16212.73981994568,0.0,mixture_log_likelihood,0,0.0,1,1.0,raw_total_likelihood_peeling_PG,75.46536040003411,0.2331923001911491,1.1749775998760017,76.87353030010127,77.7091254000552,0.0035,0.0,-16241.043943546552
equal3_n2000_ch0.8_s20001,equal3,2000,0.8,20001,True,objective_and_parameter_tolerance,0.6744931000284851,5,-16258.093402517705,0.0,mixture_log_likelihood,0,0.0,1,1.0,raw_total_likelihood_peeling_PG,76.13949569989927,0.2526833000592887,1.177673799917102,77.56985279987566,78.42172159999609,0.002,0.0,-16300.178097134423
equal3_n2000_ch0.8_s20000,equal3,2000,0.8,20000,True,objective_and_parameter_tolerance,0.7061745999380946,5,-16141.616423769308,0.0,mixture_log_likelihood,0,0.0,1,1.0,raw_total_likelihood_peeling_PG,76.11330229998566,0.2582932999357581,1.1965363000053912,77.56813189992681,78.55394090013579,0.0015,0.0005,-16187.005726906593
equal3_n2000_ch0.8_s20003,equal3,2000,0.8,20003,True,objective_and_parameter_tolerance,0.9613880999386312,6,-16249.248022578253,0.0,mixture_log_likelihood,0,0.0,1,1.0,raw_total_likelihood_peeling_PG,76.38058580015786,0.2599473998416215,0.912618399830535,77.55315159983002,78.65747340000235,0.0025,0.0,-16280.988692689629
equal3_n2000_ch0.8_s20004,equal3,2000,0.8,20004,True,objective_and_parameter_tolerance,0.5378577001392841,5,-16223.011780148532,0.0,mixture_log_likelihood,0,0.0,1,1.0,raw_total_likelihood_peeling_PG,54.42966160015203,0.1897973001468926,2.560073300031945,57.17953220033087,57.87145400000736,0.001,0.0,-16246.039656739888
equal3_n2000_ch1.4_s20001,equal3,2000,1.4,20001,True,objective_and_parameter_tolerance,0.4045047000981867,4,-17499.85556804616,0.0,mixture_log_likelihood,0,0.0,1,1.0,raw_total_likelihood_peeling_PG,54.40282729989849,0.2066979000810533,2.477245599962771,57.08677079994232,57.64735199999996,0.001,0.0,-17519.23955150995
equal3_n2000_ch1.4_s20000,equal3,2000,1.4,20000,True,objective_and_parameter_tolerance,0.3958173000719398,4,-17493.562308526856,0.0,mixture_log_likelihood,0,0.0,1,1.0,raw_total_likelihood_peeling_PG,54.65065820002928,0.2095210999250412,2.471407299861312,57.33158659981564,57.87902270001359,0.0005,0.0,-17516.09797950511
equal3_n2000_ch1.4_s20002,equal3,2000,1.4,20002,True,objective_and_parameter_tolerance,0.4367249999195337,4,-17484.690256613045,0.0,mixture_log_likelihood,0,0.0,1,1.0,raw_total_likelihood_peeling_PG,54.34920949977823,0.1788961000274866,1.978590999962762,56.50669659976848,57.2752024999354,0.001,0.0,-17512.74162343538
heterogeneous3_n1000_ch0.8_s20001,heterogeneous3,1000,0.8,20001,True,objective_and_parameter_tolerance,1.2123610000126064,31,-7760.457023851361,0.0,mixture_log_likelihood,5,0.005,0,0.9850982426645388,raw_total_likelihood_peeling_PG,14.231766300043091,0.0484925999771803,0.5700117000378668,14.850270600058138,16.160913000116125,0.007,0.005,-7786.382330528274
heterogeneous3_n1000_ch0.8_s20000,heterogeneous3,1000,0.8,20000,True,objective_and_parameter_tolerance,2.3809475998859853,60,-7830.661587959895,0.0,mixture_log_likelihood,5,0.005,0,0.985097882876736,raw_total_likelihood_peeling_PG,14.060334600042552,0.0482541001401841,0.6061402000486851,14.71472890023142,17.193229499971494,0.009,0.005,-7854.539411735326
heterogeneous3_n1000_ch0.8_s20002,heterogeneous3,1000,0.8,20002,True,objective_and_parameter_tolerance,0.4526764000765979,11,-7728.006904742643,0.0,mixture_log_likelihood,2,0.002,0,0.9940120180601144,raw_total_likelihood_peeling_PG,13.985237200045958,0.0386459999717772,0.5676419001538306,14.591525100171566,15.12887219991535,0.003,0.002,-7784.078074861204
heterogeneous3_n1000_ch0.8_s20003,heterogeneous3,1000,0.8,20003,True,objective_and_parameter_tolerance,2.150805300101638,54,-7660.965362984734,0.0,mixture_log_likelihood,4,0.004,0,0.9880603965741082,raw_total_likelihood_peeling_PG,13.699276800034568,0.0383509998209774,0.5666010000277311,14.304228799883276,16.550060499925166,0.009,0.005,-7692.303730217324
heterogeneous3_n1000_ch1.4_s20000,heterogeneous3,1000,1.4,20000,True,objective_and_parameter_tolerance,0.8476478999946266,16,-8234.13648892537,0.0,mixture_log_likelihood,0,0.0,1,1.0,raw_total_likelihood_peeling_PG,17.11633070022799,0.0522488001734018,0.6008893998805434,17.769468900281936,18.72016100003384,0.003,0.0,-8273.1250472083
heterogeneous3_n1000_ch0.8_s20004,heterogeneous3,1000,0.8,20004,True,objective_and_parameter_tolerance,5.205638899933547,99,-7710.723416970093,0.0,mixture_log_likelihood,5,0.005,0,0.9850982426645388,raw_total_likelihood_peeling_PG,17.026636600028723,0.050307999830693,0.5076670001726598,17.584611600032076,22.893608500016853,0.011,0.004,-7782.305584315247
equal3_n2000_ch1.4_s20003,equal3,2000,1.4,20003,True,objective_and_parameter_tolerance,0.4522822999861091,4,-17577.391926363925,0.0,mixture_log_likelihood,0,0.0,1,1.0,raw_total_likelihood_peeling_PG,59.36893969983794,0.1936329000163823,1.3690357999876142,60.931608399841934,61.51918289996684,0.0005,0.0,-17593.08087498763
equal3_n2000_ch1.4_s20004,equal3,2000,1.4,20004,True,objective_and_parameter_tolerance,0.4507242001127451,4,-17564.61166599112,0.0,mixture_log_likelihood,0,0.0,1,1.0,raw_total_likelihood_peeling_PG,59.2105845999904,0.1807152999099344,1.3989645999390632,60.7902644998394,61.38763949996792,0.001,0.0,-17600.767410337918
heterogeneous3_n1000_ch1.4_s20001,heterogeneous3,1000,1.4,20001,True,objective_and_parameter_tolerance,1.2226640998851508,18,-8247.874534046015,0.0,mixture_log_likelihood,0,0.0,1,1.0,raw_total_likelihood_peeling_PG,17.003699599998072,0.0599128999747335,0.6920792998280376,17.755691799800843,19.10714350012131,0.003,0.0,-8302.348767202187
heterogeneous3_n1000_ch1.4_s20002,heterogeneous3,1000,1.4,20002,True,objective_and_parameter_tolerance,2.6912970999255776,51,-8158.493361134586,0.0,mixture_log_likelihood,0,0.0,1,1.0,raw_total_likelihood_peeling_PG,17.769083499908447,0.06072419998236,0.7018993999809027,18.53170709987171,21.363473000004888,0.003,0.0,-8228.475488167258
heterogeneous3_n1000_ch1.4_s20003,heterogeneous3,1000,1.4,20003,True,objective_and_parameter_tolerance,0.7444453998468816,16,-10175.016578416013,0.0,mixture_log_likelihood,0,0.0,1,1.0,raw_total_likelihood_peeling_PG,17.636606000130996,0.0529034999199211,0.587907399982214,18.27741690003313,19.128940800204877,0.005,0.0,-10232.712875734886
heterogeneous3_n1000_ch1.4_s20004,heterogeneous3,1000,1.4,20004,True,objective_and_parameter_tolerance,0.6626595999114215,14,-8180.50035761239,0.0,mixture_log_likelihood,0,0.0,1,1.0,raw_total_likelihood_peeling_PG,17.683412299957126,0.048527899896726,0.5916774999350309,18.323617699788883,19.09425129997544,0.003,0.0,-8209.687968412902
heterogeneous3_n2000_ch0.8_s20001,heterogeneous3,2000,0.8,20001,True,objective_and_parameter_tolerance,2.6296578999608755,28,-15966.560918719562,0.0,mixture_log_likelihood,6,0.003,0,0.9910405989580852,raw_total_likelihood_peeling_PG,68.3984415999148,0.1938617001287639,1.820367000065744,70.41267030010931,73.2091743000783,0.0045,0.003,-16027.745018723868
heterogeneous3_n2000_ch0.8_s20000,heterogeneous3,2000,0.8,20000,True,objective_and_parameter_tolerance,6.780017399927601,71,-15615.765953089238,0.0,mixture_log_likelihood,9,0.0045,0,0.9865914700715478,raw_total_likelihood_peeling_PG,68.6953424999956,0.2050973998848348,1.9846361998934297,70.88507609977387,77.85848440020345,0.0075,0.004,-15660.951101796714
heterogeneous3_n2000_ch0.8_s20002,heterogeneous3,2000,0.8,20002,True,objective_and_parameter_tolerance,2.340033699991181,23,-15824.39402822517,0.0,mixture_log_likelihood,5,0.0025,0,0.9925282271638732,raw_total_likelihood_peeling_PG,68.22148480010219,0.2447218999732285,1.6327000001911074,70.09890670026653,72.59634779999033,0.0045,0.0025,-15869.449561760226
heterogeneous3_n2000_ch0.8_s20003,heterogeneous3,2000,0.8,20003,True,objective_and_parameter_tolerance,2.601655700011179,26,-15690.715788736374,0.0,mixture_log_likelihood,6,0.003,0,0.991040666354233,raw_total_likelihood_peeling_PG,67.92999450000934,0.2531860000453889,1.6487863999791443,69.83196690003388,72.60351609997451,0.0065,0.003,-15750.618762057697
heterogeneous3_n2000_ch0.8_s20004,heterogeneous3,2000,0.8,20004,True,objective_and_parameter_tolerance,1.540995200164616,18,-15921.970785357094,0.0,mixture_log_likelihood,10,0.005,0,0.985112978450018,raw_total_likelihood_peeling_PG,54.383874600054696,0.193356700008735,1.667319200001657,56.24455050006509,57.92774330009706,0.0075,0.005,-15980.64263941822
heterogeneous3_n2000_ch1.4_s20000,heterogeneous3,2000,1.4,20000,True,objective_and_parameter_tolerance,1.2441916998941451,14,-16831.65028941263,0.0,mixture_log_likelihood,0,0.0,1,1.0,raw_total_likelihood_peeling_PG,54.65134180011228,0.1835485000628978,1.6673181001096964,56.50220840028487,57.88453319994733,0.0015,0.0,-16881.232364176176
heterogeneous3_n2000_ch1.4_s20001,heterogeneous3,2000,1.4,20001,True,objective_and_parameter_tolerance,1.204709199955687,14,-16983.75904155603,0.0,mixture_log_likelihood,0,0.0,1,1.0,raw_total_likelihood_peeling_PG,54.422339000040665,0.2875220999121666,1.2398606999777255,55.94972179993056,57.30006849998608,0.0015,0.0,-17046.36162583838
heterogeneous3_n2000_ch1.4_s20002,heterogeneous3,2000,1.4,20002,True,objective_and_parameter_tolerance,1.3094321999233216,15,-16900.084074199658,0.0,mixture_log_likelihood,0,0.0,1,1.0,raw_total_likelihood_peeling_PG,54.52378980000504,0.235368900001049,1.2455176000948995,56.00467630010098,57.44308350002393,0.0015,0.0,-16993.770881422042
hierarchical4_n1000_ch0.8_s20000,hierarchical4,1000,0.8,20000,True,objective_and_parameter_tolerance,2.3292035998310894,34,-9227.516102801745,0.0,mixture_log_likelihood,3,0.003,0,0.9920240695900462,raw_total_likelihood_peeling_PG,17.509806799935177,0.0538376001641154,0.8656756000127643,18.429320000112057,20.88717749994248,0.007,0.003,-9376.77334518321
hierarchical4_n1000_ch0.8_s20001,hierarchical4,1000,0.8,20001,True,objective_and_parameter_tolerance,2.595833199797198,37,-9043.53627309413,0.0,mixture_log_likelihood,1,0.001,0,0.9973306577635366,raw_total_likelihood_peeling_PG,17.522788799833506,0.0461341999471187,0.7700122001115233,18.33893519989215,21.06440159981139,0.006,0.001,-9159.616513747877
hierarchical4_n1000_ch0.8_s20003,hierarchical4,1000,0.8,20003,True,objective_and_parameter_tolerance,2.457525199977681,12,-9046.996735016988,0.0,mixture_log_likelihood,0,0.0,1,1.0,raw_total_likelihood_peeling_PG,30.00050510000437,0.237550999969244,0.7464712001383305,30.98452730011195,33.57860429980792,0.003,0.001,-9133.35252176953
hierarchical4_n1000_ch0.8_s20002,hierarchical4,1000,0.8,20002,True,objective_and_parameter_tolerance,4.978038100060076,30,-9095.47636636877,0.0,mixture_log_likelihood,0,0.0,1,1.0,raw_total_likelihood_peeling_PG,29.354444300057366,0.1213433998636901,0.749808199936524,30.22559589985758,35.33695700019598,0.003,0.0,-9276.33064748244
heterogeneous3_n2000_ch1.4_s20003,heterogeneous3,2000,1.4,20003,True,objective_and_parameter_tolerance,2.1382757001556456,13,-16702.63080916313,0.0,mixture_log_likelihood,1,0.0005,0,0.9985011274427,raw_total_likelihood_peeling_PG,78.76123489998281,0.3639361001551151,1.5067928999196738,80.6319639000576,83.0281159998849,0.0015,0.0,-16822.98961296668
heterogeneous3_n2000_ch1.4_s20004,heterogeneous3,2000,1.4,20004,True,objective_and_parameter_tolerance,2.553278800100088,16,-16937.05410479731,0.0,mixture_log_likelihood,1,0.0005,0,0.9985011274427,raw_total_likelihood_peeling_PG,80.02684599999338,0.3337522998917848,1.5044308998622,81.86502919974737,84.67736089997925,0.0015,0.0005,-17103.088798630837
hierarchical4_n1000_ch1.4_s20000,hierarchical4,1000,1.4,20000,True,objective_and_parameter_tolerance,1.458802200155333,10,-9980.353960666016,0.0,mixture_log_likelihood,0,0.0,1,1.0,raw_total_likelihood_peeling_PG,38.53467199997976,0.1471028998494148,1.4134010998532176,40.0951759996824,41.84577380004339,0.001,0.0,-10099.129622553906
hierarchical4_n1000_ch0.8_s20004,hierarchical4,1000,0.8,20004,True,objective_and_parameter_tolerance,3.9301571000833055,32,-9221.325043050438,0.0,mixture_log_likelihood,1,0.001,0,0.9973306577635366,raw_total_likelihood_peeling_PG,38.8818237001542,0.0480129998177289,1.5406174999661744,40.4704541999381,44.65964310010895,0.004,0.0,-9322.344322334317
hierarchical4_n1000_ch1.4_s20001,hierarchical4,1000,1.4,20001,True,objective_and_parameter_tolerance,1.6848026998341084,10,-9838.911930678272,0.0,mixture_log_likelihood,0,0.0,1,1.0,raw_total_likelihood_peeling_PG,34.97512720013037,0.1107977000065147,1.4164919999893757,36.50241690012626,38.47516659996472,0.001,0.0,-9944.440783668688
hierarchical4_n1000_ch1.4_s20002,hierarchical4,1000,1.4,20002,True,objective_and_parameter_tolerance,1.7987935000564903,8,-9911.06232144666,0.0,mixture_log_likelihood,0,0.0,1,1.0,raw_total_likelihood_peeling_PG,35.33529710001312,0.1282780000474304,1.655611400026828,37.11918650008738,39.2155299000442,0.002,0.0,-9983.937545941297
hierarchical4_n1000_ch1.4_s20003,hierarchical4,1000,1.4,20003,True,objective_and_parameter_tolerance,1.3837527998257428,9,-9815.973115055303,0.0,mixture_log_likelihood,0,0.0,1,1.0,raw_total_likelihood_peeling_PG,33.049354100134224,0.1170551001559943,0.9756342999171466,34.142043500207365,35.80945230019279,0.001,0.0,-9888.979403003452
hierarchical4_n1000_ch1.4_s20004,hierarchical4,1000,1.4,20004,True,objective_and_parameter_tolerance,1.1952562001533806,9,-9855.31578180784,0.0,mixture_log_likelihood,0,0.0,1,1.0,raw_total_likelihood_peeling_PG,33.46277630003169,0.1451995000243187,1.219624200137332,34.82760000019334,36.13552430015989,0.001,0.0,-9943.649891073206
hierarchical4_n2000_ch0.8_s20000,hierarchical4,2000,0.8,20000,True,objective_and_parameter_tolerance,3.368703000014648,14,-18574.49151551556,0.0,mixture_log_likelihood,0,0.0,1,1.0,raw_total_likelihood_peeling_PG,111.1035710000433,0.2319493999239057,4.556269599823281,115.89178999979048,119.68413700000384,0.001,0.0,-18795.54476184925
hierarchical4_n2000_ch0.8_s20001,hierarchical4,2000,0.8,20001,True,objective_and_parameter_tolerance,3.130643400130793,12,-18654.76520323939,0.0,mixture_log_likelihood,1,0.0005,0,0.9986659988879996,raw_total_likelihood_peeling_PG,109.4304951999802,0.3278183999937027,4.79096890008077,114.54928250005467,117.95320520014502,0.003,0.0,-18865.88118234117
hierarchical4_n2000_ch0.8_s20002,hierarchical4,2000,0.8,20002,True,objective_and_parameter_tolerance,4.943057900061831,13,-18509.83895300408,0.0,mixture_log_likelihood,1,0.0005,0,0.9986659988879996,raw_total_likelihood_peeling_PG,112.27276990003884,0.5896972001064569,3.153176699997857,116.01564380014317,121.42671080003493,0.0015,0.0,-18717.198373513856
hierarchical4_n2000_ch0.8_s20003,hierarchical4,2000,0.8,20003,True,objective_and_parameter_tolerance,3.566364200087264,11,-18551.22875129483,0.0,mixture_log_likelihood,0,0.0,1,1.0,raw_total_likelihood_peeling_PG,114.41406759992242,0.462345500010997,2.722508899867534,117.59892199980096,121.51635020016693,0.0015,0.0,-18706.19704395926
hierarchical4_n2000_ch1.4_s20000,hierarchical4,2000,1.4,20000,True,objective_and_parameter_tolerance,2.231443800032139,7,-20144.08978123983,0.0,mixture_log_likelihood,0,0.0,1,1.0,raw_total_likelihood_peeling_PG,163.89302030019462,0.3887236998416483,2.9002359001897275,167.181979900226,169.8412576999981,0.0005,0.0,-20284.644940985305
hierarchical4_n2000_ch0.8_s20004,hierarchical4,2000,0.8,20004,True,objective_and_parameter_tolerance,3.157383899902925,10,-18689.450579173452,0.0,mixture_log_likelihood,0,0.0,1,1.0,raw_total_likelihood_peeling_PG,164.27298930007964,0.3920700000599026,3.100780500099063,167.7658398002386,171.45714930002578,0.0005,0.0,-18842.278009682177
hierarchical4_n2000_ch1.4_s20001,hierarchical4,2000,1.4,20001,True,objective_and_parameter_tolerance,3.2173047999385744,8,-20219.554388313474,0.0,mixture_log_likelihood,0,0.0,1,1.0,raw_total_likelihood_peeling_PG,163.7992341001518,0.8655034999828786,2.975933999987319,167.640671600122,171.3160892999731,0.0005,0.0,-20341.5225892668
hierarchical4_n2000_ch1.4_s20002,hierarchical4,2000,1.4,20002,True,objective_and_parameter_tolerance,3.3327584001235664,8,-20101.13628796144,0.0,mixture_log_likelihood,0,0.0,1,1.0,raw_total_likelihood_peeling_PG,164.85792680014856,0.5767062001395971,3.669610599987209,169.10424360027537,172.86482949997298,0.0005,0.0,-20213.051516508454
symmetric2_n1000_ch0.8_s20000,symmetric2,1000,0.8,20000,True,objective_and_parameter_tolerance,0.1449068000074476,3,-6158.454375949206,0.0,mixture_log_likelihood,0,0.0,1,1.0,raw_total_likelihood_peeling_PG,22.051335299853235,0.0469950998667627,0.4899706998839974,22.588301099604,22.88702110014856,0.001,0.0,-6166.139430662296
symmetric2_n1000_ch0.8_s20001,symmetric2,1000,0.8,20001,True,objective_and_parameter_tolerance,0.1300862999632954,3,-6130.441649037826,0.0,mixture_log_likelihood,1,0.001,0,0.995999996008016,raw_total_likelihood_peeling_PG,21.739071800140664,0.0368417999707162,0.9513856000266968,22.72729920013808,23.001474800053984,0.001,0.001,-6132.8298513331465
symmetric2_n1000_ch0.8_s20002,symmetric2,1000,0.8,20002,True,objective_and_parameter_tolerance,0.1472062000539153,3,-6132.520037903343,0.0,mixture_log_likelihood,2,0.002,0,0.9920080001281284,raw_total_likelihood_peeling_PG,20.06950669991784,0.0544491000473499,0.6916026999242604,20.81555849988945,21.116670300019905,0.001,0.002,-6136.681622165785
symmetric2_n1000_ch0.8_s20003,symmetric2,1000,0.8,20003,True,objective_and_parameter_tolerance,0.0953450000379234,3,-6169.627272443813,0.0,mixture_log_likelihood,0,0.0,1,1.0,raw_total_likelihood_peeling_PG,20.10222109989263,0.1341876999940723,0.7923763000871986,21.028785099973906,21.28546919999644,0.001,0.0,-6170.677380018787
symmetric2_n1000_ch0.8_s20004,symmetric2,1000,0.8,20004,True,objective_and_parameter_tolerance,0.1325660001020878,3,-6145.053384889219,0.0,mixture_log_likelihood,0,0.0,1,1.0,raw_total_likelihood_peeling_PG,20.470026300055903,0.0490588000975549,1.0346352001652122,21.553720300318677,21.83901280001737,0.001,0.0,-6146.2049708610775
symmetric2_n1000_ch1.4_s20000,symmetric2,1000,1.4,20000,True,objective_and_parameter_tolerance,0.2611924998927861,2,-6518.442311749184,0.0,mixture_log_likelihood,0,0.0,1,1.0,raw_total_likelihood_peeling_PG,19.5082755999174,0.1264980998821556,0.5924766000825912,20.227250299882144,20.903730999911204,0.001,0.0,-6518.713279101484
symmetric2_n1000_ch1.4_s20001,symmetric2,1000,1.4,20001,True,objective_and_parameter_tolerance,0.1194714999292045,3,-6481.41380306335,0.0,mixture_log_likelihood,0,0.0,1,1.0,raw_total_likelihood_peeling_PG,20.796407300047576,0.0707859999965876,0.6803830999415368,21.5475763999857,21.784130099928007,0.001,0.0,-6482.716438609305
symmetric2_n1000_ch1.4_s20002,symmetric2,1000,1.4,20002,True,objective_and_parameter_tolerance,0.1590399001725018,3,-6525.013710617366,0.0,mixture_log_likelihood,0,0.0,1,1.0,raw_total_likelihood_peeling_PG,19.509746399940923,0.1109628998674452,0.6554161999374628,20.27612549974583,20.749509299872443,0.001,0.0,-6528.4482464518205
symmetric2_n1000_ch1.4_s20003,symmetric2,1000,1.4,20003,True,objective_and_parameter_tolerance,0.0605602001305669,3,-6584.372562306357,0.0,mixture_log_likelihood,0,0.0,1,1.0,raw_total_likelihood_peeling_PG,21.878487800015137,0.0424124000128358,0.7561923998873681,22.67709259991534,22.92141030007042,0.001,0.0,-6586.895177796415
symmetric2_n1000_ch1.4_s20004,symmetric2,1000,1.4,20004,True,objective_and_parameter_tolerance,0.1221420001238584,2,-6526.526433645227,0.0,mixture_log_likelihood,0,0.0,1,1.0,raw_total_likelihood_peeling_PG,22.661240600049496,0.0339041000697761,0.6344371000304818,23.329581800149757,23.549293899908665,0.001,0.0,-6528.799988595911
hierarchical4_n2000_ch1.4_s20003,hierarchical4,2000,1.4,20003,True,objective_and_parameter_tolerance,2.2820131999906152,7,-20206.492345184397,0.0,mixture_log_likelihood,0,0.0,1,1.0,raw_total_likelihood_peeling_PG,165.7525335000828,0.4472975998651236,3.5260956999845803,169.7259267999325,172.46565790008754,0.0005,0.0,-20336.75152291889
hierarchical4_n2000_ch1.4_s20004,hierarchical4,2000,1.4,20004,True,objective_and_parameter_tolerance,2.4258828999008983,8,-20273.666451327823,0.0,mixture_log_likelihood,0,0.0,1,1.0,raw_total_likelihood_peeling_PG,164.83996660006233,0.4665645000059157,3.583626100094989,168.89015720016323,171.84102940000594,0.0005,0.0,-20395.876994922783
symmetric2_n2000_ch0.8_s20000,symmetric2,2000,0.8,20000,True,objective_and_parameter_tolerance,0.1411496000364422,3,-12508.662777134054,0.0,mixture_log_likelihood,0,0.0,1,1.0,raw_total_likelihood_peeling_PG,80.90827190014534,0.1377461000811308,1.61294319992885,82.65896120015532,82.9636873002164,0.0015,0.0,-12511.727699605552
symmetric2_n2000_ch0.8_s20001,symmetric2,2000,0.8,20001,True,objective_and_parameter_tolerance,0.1506415999028831,3,-12493.304335741632,0.0,mixture_log_likelihood,0,0.0,1,1.0,raw_total_likelihood_peeling_PG,79.91435009986162,0.1945745998527854,1.504036600003019,81.61296129971743,81.98445040010847,0.0005,0.0,-12496.551254386868
symmetric2_n2000_ch0.8_s20002,symmetric2,2000,0.8,20002,True,objective_and_parameter_tolerance,0.2853457999881357,3,-12409.858589399037,0.0,mixture_log_likelihood,1,0.0005,0,0.9979999995005004,raw_total_likelihood_peeling_PG,73.39184459997341,0.2974608999211341,1.0873780001420528,74.7766835000366,75.20378290000372,0.0005,0.0005,-12412.203870518237
symmetric2_n2000_ch0.8_s20003,symmetric2,2000,0.8,20003,True,objective_and_parameter_tolerance,0.1912647001445293,2,-12494.363300005978,0.0,mixture_log_likelihood,0,0.0,1,1.0,raw_total_likelihood_peeling_PG,74.2145571000874,0.2398223998025059,1.1700329999439418,75.62441249983385,76.06789620011114,0.0015,0.0,-12495.226324191932
symmetric2_n2000_ch0.8_s20004,symmetric2,2000,0.8,20004,True,objective_and_parameter_tolerance,0.3010846998076886,3,-12501.811806419311,0.0,mixture_log_likelihood,0,0.0,1,1.0,raw_total_likelihood_peeling_PG,70.12233599997126,0.2500752999912947,0.917160299839452,71.289571599802,71.68817569990642,0.0015,0.0,-12503.436997135716
symmetric2_n2000_ch1.4_s20000,symmetric2,2000,1.4,20000,True,objective_and_parameter_tolerance,0.176234999904409,2,-13377.25736876192,0.0,mixture_log_likelihood,0,0.0,1,1.0,raw_total_likelihood_peeling_PG,69.742340200115,0.2289831000380218,0.9464109998662024,70.91773430001922,71.33343840017915,0.0005,0.0,-13378.280734238464
symmetric2_n2000_ch1.4_s20001,symmetric2,2000,1.4,20001,True,objective_and_parameter_tolerance,0.1148596999701112,2,-13317.292291717586,0.0,mixture_log_likelihood,0,0.0,1,1.0,raw_total_likelihood_peeling_PG,64.26116009987891,0.1553700999356806,1.1921554000582546,65.60868559987284,65.81120110000484,0.0005,0.0,-13318.198300248672
symmetric2_n2000_ch1.4_s20002,symmetric2,2000,1.4,20002,True,objective_and_parameter_tolerance,0.3213188999798149,3,-13285.65364917297,0.0,mixture_log_likelihood,0,0.0,1,1.0,raw_total_likelihood_peeling_PG,63.46220079995692,0.0934200000483542,1.9421171001158652,65.49773790012114,66.00916659994982,0.0005,0.0,-13287.456613824426
unequal3_n1000_ch0.8_s20000,unequal3,1000,0.8,20000,True,objective_and_parameter_tolerance,0.5052016000263393,9,-8158.118721248271,0.0,mixture_log_likelihood,3,0.003,0,0.9928045576839776,raw_total_likelihood_peeling_PG,25.44205010007136,0.1160023999400436,0.5037642000243068,26.061816700035703,26.66065019997768,0.2,0.111,-10201.375821985928
unequal3_n1000_ch0.8_s20001,unequal3,1000,0.8,20001,True,objective_and_parameter_tolerance,1.321280499920249,18,-9492.898329773474,0.0,mixture_log_likelihood,6,0.006,0,0.9873938095698052,raw_total_likelihood_peeling_PG,25.70491630001925,0.0295271000359207,0.6970045000780374,26.431447900133207,27.91612339997664,0.242,0.195,-10554.762343815206
symmetric2_n2000_ch1.4_s20003,symmetric2,2000,1.4,20003,True,objective_and_parameter_tolerance,0.2161061000078916,3,-13389.525148990468,0.0,mixture_log_likelihood,0,0.0,1,1.0,raw_total_likelihood_peeling_PG,61.216578300111,0.2040101999882608,1.17232170002535,62.59291020012461,62.96602110005915,0.0005,0.0,-13391.389637681266
symmetric2_n2000_ch1.4_s20004,symmetric2,2000,1.4,20004,True,objective_and_parameter_tolerance,0.2058470000047236,3,-13294.413474182107,0.0,mixture_log_likelihood,0,0.0,1,1.0,raw_total_likelihood_peeling_PG,60.052717299899086,0.2884486000984907,1.3509879000484943,61.69215380004607,62.00772179989144,0.0005,0.0,-13296.543294926334
unequal3_n1000_ch0.8_s20002,unequal3,1000,0.8,20002,True,objective_and_parameter_tolerance,1.5285943001508713,17,-7706.456265110194,0.0,mixture_log_likelihood,0,0.0,1,1.0,raw_total_likelihood_peeling_PG,23.414035900030285,0.1171800000593066,0.536492699990049,24.06770860007964,25.677085500210524,0.2,0.087,-9960.416826233592
unequal3_n1000_ch0.8_s20003,unequal3,1000,0.8,20003,True,objective_and_parameter_tolerance,1.17251760000363,10,-7694.924540779933,0.0,mixture_log_likelihood,0,0.0,1,1.0,raw_total_likelihood_peeling_PG,24.315482400124893,0.1209615999832749,1.0143150999210775,25.450759100029245,26.79201490012929,0.2,0.088,-10143.990831887724
unequal3_n1000_ch0.8_s20004,unequal3,1000,0.8,20004,True,objective_and_parameter_tolerance,0.9958136000204832,8,-8416.013193162878,0.0,mixture_log_likelihood,0,0.0,1,1.0,raw_total_likelihood_peeling_PG,26.15687289997004,0.1190981999970972,0.6526685999706388,26.928639699937776,28.01633909996599,0.204,0.06,-10311.474304991933
unequal3_n1000_ch1.4_s20000,unequal3,1000,1.4,20000,True,objective_and_parameter_tolerance,0.666557400021702,8,-8198.5855433845,0.0,mixture_log_likelihood,0,0.0,1,1.0,raw_total_likelihood_peeling_PG,26.3116002001334,0.121577400015667,0.9124920000322164,27.34566960018128,28.17577680014074,0.2,0.074,-12644.404956232254
unequal3_n1000_ch1.4_s20001,unequal3,1000,1.4,20001,True,objective_and_parameter_tolerance,0.8547559999860823,8,-8103.797831958462,0.0,mixture_log_likelihood,0,0.0,1,1.0,raw_total_likelihood_peeling_PG,28.306001499993727,0.0374205999542027,0.8653200000990182,29.208742100046948,30.22145890002139,0.2,0.062,-12677.046955936388
unequal3_n1000_ch1.4_s20002,unequal3,1000,1.4,20002,True,objective_and_parameter_tolerance,0.8351523000746965,8,-8133.818570867687,0.0,mixture_log_likelihood,0,0.0,1,1.0,raw_total_likelihood_peeling_PG,29.42899869987741,0.0850537000223994,1.5718427998945117,31.08589519979432,32.09950999985449,0.2,0.065,-12801.120392236971
unequal3_n1000_ch1.4_s20004,unequal3,1000,1.4,20004,True,objective_and_parameter_tolerance,0.6311959000304341,7,-8193.38699264657,0.0,mixture_log_likelihood,0,0.0,1,1.0,raw_total_likelihood_peeling_PG,28.76149250008166,0.0425506001338362,1.093855599872768,29.897898700088263,30.72924720006995,0.2,0.049,-12707.976832690398
unequal3_n1000_ch1.4_s20003,unequal3,1000,1.4,20003,True,objective_and_parameter_tolerance,0.8581758001819253,8,-8102.895252585067,0.0,mixture_log_likelihood,0,0.0,1,1.0,raw_total_likelihood_peeling_PG,29.414543899940327,0.0525443002115935,1.0380005999468267,30.505088800098747,31.539979299996048,0.2,0.118,-13779.072154762243
unequal3_n2000_ch0.8_s20000,unequal3,2000,0.8,20000,True,objective_and_parameter_tolerance,1.944088299991563,9,-15936.36555108727,0.0,mixture_log_likelihood,0,0.0,1,1.0,raw_total_likelihood_peeling_PG,110.27897699992172,0.4740037999581545,4.409676300128922,115.1626571000088,117.38696389994584,0.2,0.0945,-20852.894666453867
unequal3_n2000_ch0.8_s20001,unequal3,2000,0.8,20001,True,objective_and_parameter_tolerance,1.4472113000229,9,-16025.371366214556,0.0,mixture_log_likelihood,0,0.0,1,1.0,raw_total_likelihood_peeling_PG,110.43536520004272,0.2942123000975698,2.5755680999718606,113.30514560011216,115.03679429995827,0.201,0.062,-20935.30997515216
unequal3_n2000_ch0.8_s20003,unequal3,2000,0.8,20003,True,objective_and_parameter_tolerance,1.178208400029689,9,-15960.922591132548,0.0,mixture_log_likelihood,0,0.0,1,1.0,raw_total_likelihood_peeling_PG,109.18032139982095,0.3494463001843542,2.642516899853945,112.17228459985928,113.55865060002544,0.2,0.0665,-20090.664815376014
unequal3_n2000_ch0.8_s20002,unequal3,2000,0.8,20002,True,objective_and_parameter_tolerance,1.254818599903956,9,-16027.599295636106,0.0,mixture_log_likelihood,0,0.0,1,1.0,raw_total_likelihood_peeling_PG,109.86128920014016,0.1832990001421421,2.5683163998182863,112.6129046001006,114.10542929987425,0.199,0.091,-21026.297737042776
unequal3_n2000_ch0.8_s20004,unequal3,2000,0.8,20004,True,objective_and_parameter_tolerance,1.568155099870637,9,-15673.25325401462,0.0,mixture_log_likelihood,0,0.0,1,1.0,raw_total_likelihood_peeling_PG,87.26906439987943,0.2841144001577049,2.6033694001380354,90.15654820017517,92.065870200051,0.1995,0.045,-19898.12368511394
unequal3_n2000_ch1.4_s20000,unequal3,2000,1.4,20000,True,objective_and_parameter_tolerance,0.8669901001267135,8,-16500.17770511099,0.0,mixture_log_likelihood,0,0.0,1,1.0,raw_total_likelihood_peeling_PG,87.52976329997182,0.2368932999670505,2.151577000040561,89.91823359997943,91.05838020006196,0.2,0.127,-27837.728811832465
unequal3_n2000_ch1.4_s20002,unequal3,2000,1.4,20002,True,objective_and_parameter_tolerance,0.7928096000105143,8,-16589.30771309794,0.0,mixture_log_likelihood,0,0.0,1,1.0,raw_total_likelihood_peeling_PG,85.89943320001476,0.2371270000003278,2.556626300094649,88.69318650010973,89.68531320011243,0.2,0.0775,-27148.064181258524
unequal3_n2000_ch1.4_s20001,unequal3,2000,1.4,20001,True,objective_and_parameter_tolerance,0.8114587999880314,8,-16487.7102473778,0.0,mixture_log_likelihood,0,0.0,1,1.0,raw_total_likelihood_peeling_PG,86.4236166998744,0.1686307999771088,2.515821600100025,89.10806909995154,90.04378499998711,0.2,0.078,-28080.20474436984
unequal3_n2000_ch1.4_s20003,unequal3,2000,1.4,20003,True,objective_and_parameter_tolerance,0.4212437998503446,8,-16690.286972237922,0.0,mixture_log_likelihood,0,0.0,1,1.0,raw_total_likelihood_peeling_PG,40.04682460008189,0.1076934000011533,1.734807200031355,41.8893252001144,42.39832039992325,0.2,0.0525,-26781.231802027745
unequal3_n2000_ch1.4_s20004,unequal3,2000,1.4,20004,True,objective_and_parameter_tolerance,0.3431490999646485,8,-16451.433332083467,0.0,mixture_log_likelihood,0,0.0,1,1.0,raw_total_likelihood_peeling_PG,38.85157299996354,0.0876762999687343,1.532809100113809,40.47205840004608,40.8898157000076,0.2,0.0645,-27859.21231564507
