model,n,ch,method,graphs,mean_error,exact
disassortative3,1000,0.8,Euclidean_X_pp_single_EM,5,0.006,0
disassortative3,1000,0.8,X_kmeans,5,0.0062,0
disassortative3,1000,0.8,global_gain_no_update,5,0.006,0
disassortative3,1000,0.8,growing_global_gain_EM,5,0.006,0
disassortative3,1000,0.8,growing_sampled_gain_EM,5,0.006,0
disassortative3,1000,0.8,raw_peel,5,0.006,0
disassortative3,1000,0.8,raw_peel_repaired,5,0.006,0
disassortative3,1000,0.8,residual_greedy_pp_best10,5,0.006,0
disassortative3,1000,0.8,residual_greedy_pp_single,5,0.006,0
disassortative3,1000,0.8,residual_pp_single,5,0.006,0
disassortative3,1000,1.4,Euclidean_X_pp_single_EM,5,0.0,5
disassortative3,1000,1.4,X_kmeans,5,0.0,5
disassortative3,1000,1.4,global_gain_no_update,5,0.0,5
disassortative3,1000,1.4,growing_global_gain_EM,5,0.0,5
disassortative3,1000,1.4,growing_sampled_gain_EM,5,0.0,5
disassortative3,1000,1.4,raw_peel,5,0.0,5
disassortative3,1000,1.4,raw_peel_repaired,5,0.0,5
disassortative3,1000,1.4,residual_greedy_pp_best10,5,0.0,5
disassortative3,1000,1.4,residual_greedy_pp_single,5,0.0,5
disassortative3,1000,1.4,residual_pp_single,5,0.0,5
disassortative3,2000,0.8,Euclidean_X_pp_single_EM,5,0.005699999999999999,0
disassortative3,2000,0.8,X_kmeans,5,0.0058,0
disassortative3,2000,0.8,global_gain_no_update,5,0.005699999999999999,0
disassortative3,2000,0.8,growing_global_gain_EM,5,0.005699999999999999,0
disassortative3,2000,0.8,growing_sampled_gain_EM,5,0.005699999999999999,0
disassortative3,2000,0.8,raw_peel,5,0.005699999999999999,0
disassortative3,2000,0.8,raw_peel_repaired,5,0.005699999999999999,0
disassortative3,2000,0.8,residual_greedy_pp_best10,5,0.005699999999999999,0
disassortative3,2000,0.8,residual_greedy_pp_single,5,0.005699999999999999,0
disassortative3,2000,0.8,residual_pp_single,5,0.005699999999999999,0
disassortative3,2000,1.4,Euclidean_X_pp_single_EM,5,0.087,4
disassortative3,2000,1.4,X_kmeans,5,0.0,5
disassortative3,2000,1.4,global_gain_no_update,5,0.0,5
disassortative3,2000,1.4,growing_global_gain_EM,5,0.0,5
disassortative3,2000,1.4,growing_sampled_gain_EM,5,0.0,5
disassortative3,2000,1.4,raw_peel,5,0.0,5
disassortative3,2000,1.4,raw_peel_repaired,5,0.0,5
disassortative3,2000,1.4,residual_greedy_pp_best10,5,0.0,5
disassortative3,2000,1.4,residual_greedy_pp_single,5,0.0,5
disassortative3,2000,1.4,residual_pp_single,5,0.0,5
equal3,1000,0.8,Euclidean_X_pp_single_EM,5,0.0004,3
equal3,1000,0.8,X_kmeans,5,0.0004,3
equal3,1000,0.8,global_gain_no_update,5,0.0004,3
equal3,1000,0.8,growing_global_gain_EM,5,0.0004,3
equal3,1000,0.8,growing_sampled_gain_EM,5,0.0004,3
equal3,1000,0.8,raw_peel,5,0.0004,3
equal3,1000,0.8,raw_peel_repaired,5,0.0004,3
equal3,1000,0.8,residual_greedy_pp_best10,5,0.0004,3
equal3,1000,0.8,residual_greedy_pp_single,5,0.0004,3
equal3,1000,0.8,residual_pp_single,5,0.0004,3
equal3,1000,1.4,Euclidean_X_pp_single_EM,5,0.0,5
equal3,1000,1.4,X_kmeans,5,0.0,5
equal3,1000,1.4,global_gain_no_update,5,0.0,5
equal3,1000,1.4,growing_global_gain_EM,5,0.0,5
equal3,1000,1.4,growing_sampled_gain_EM,5,0.0,5
equal3,1000,1.4,raw_peel,5,0.0,5
equal3,1000,1.4,raw_peel_repaired,5,0.0,5
equal3,1000,1.4,residual_greedy_pp_best10,5,0.0,5
equal3,1000,1.4,residual_greedy_pp_single,5,0.0,5
equal3,1000,1.4,residual_pp_single,5,0.0,5
equal3,2000,0.8,Euclidean_X_pp_single_EM,5,0.0001,4
equal3,2000,0.8,X_kmeans,5,0.0001,4
equal3,2000,0.8,global_gain_no_update,5,0.0001,4
equal3,2000,0.8,growing_global_gain_EM,5,0.0001,4
equal3,2000,0.8,growing_sampled_gain_EM,5,0.0001,4
equal3,2000,0.8,raw_peel,5,0.07089999999999999,4
equal3,2000,0.8,raw_peel_repaired,5,0.0001,4
equal3,2000,0.8,residual_greedy_pp_best10,5,0.0001,4
equal3,2000,0.8,residual_greedy_pp_single,5,0.0001,4
equal3,2000,0.8,residual_pp_single,5,0.0792,4
equal3,2000,1.4,Euclidean_X_pp_single_EM,5,0.0749,4
equal3,2000,1.4,X_kmeans,5,0.0,5
equal3,2000,1.4,global_gain_no_update,5,0.0,5
equal3,2000,1.4,growing_global_gain_EM,5,0.0,5
equal3,2000,1.4,growing_sampled_gain_EM,5,0.0,5
equal3,2000,1.4,raw_peel,5,0.0,5
equal3,2000,1.4,raw_peel_repaired,5,0.0,5
equal3,2000,1.4,residual_greedy_pp_best10,5,0.0,5
equal3,2000,1.4,residual_greedy_pp_single,5,0.0,5
equal3,2000,1.4,residual_pp_single,5,0.0,5
heterogeneous3,1000,0.8,Euclidean_X_pp_single_EM,5,0.004,0
heterogeneous3,1000,0.8,X_kmeans,5,0.0288,0
heterogeneous3,1000,0.8,global_gain_no_update,5,0.004,0
heterogeneous3,1000,0.8,growing_global_gain_EM,5,0.004,0
heterogeneous3,1000,0.8,growing_sampled_gain_EM,5,0.004,0
heterogeneous3,1000,0.8,raw_peel,5,0.004,0
heterogeneous3,1000,0.8,raw_peel_repaired,5,0.004,0
heterogeneous3,1000,0.8,residual_greedy_pp_best10,5,0.004,0
heterogeneous3,1000,0.8,residual_greedy_pp_single,5,0.19119999999999998,0
heterogeneous3,1000,0.8,residual_pp_single,5,0.194,0
heterogeneous3,1000,1.4,Euclidean_X_pp_single_EM,5,0.0962,4
heterogeneous3,1000,1.4,X_kmeans,5,0.005200000000000001,0
heterogeneous3,1000,1.4,global_gain_no_update,5,0.0,5
heterogeneous3,1000,1.4,growing_global_gain_EM,5,0.0,5
heterogeneous3,1000,1.4,growing_sampled_gain_EM,5,0.0,5
heterogeneous3,1000,1.4,raw_peel,5,0.0,5
heterogeneous3,1000,1.4,raw_peel_repaired,5,0.0,5
heterogeneous3,1000,1.4,residual_greedy_pp_best10,5,0.0,5
heterogeneous3,1000,1.4,residual_greedy_pp_single,5,0.0,5
heterogeneous3,1000,1.4,residual_pp_single,5,0.0,5
heterogeneous3,2000,0.8,Euclidean_X_pp_single_EM,5,0.1863,0
heterogeneous3,2000,0.8,X_kmeans,5,0.022600000000000002,0
heterogeneous3,2000,0.8,global_gain_no_update,5,0.0032,0
heterogeneous3,2000,0.8,growing_global_gain_EM,5,0.0032,0
heterogeneous3,2000,0.8,growing_sampled_gain_EM,5,0.0032,0
heterogeneous3,2000,0.8,raw_peel,5,0.0032,0
heterogeneous3,2000,0.8,raw_peel_repaired,5,0.0032,0
heterogeneous3,2000,0.8,residual_greedy_pp_best10,5,0.0032,0
heterogeneous3,2000,0.8,residual_greedy_pp_single,5,0.0032,0
heterogeneous3,2000,0.8,residual_pp_single,5,0.1941,0
heterogeneous3,2000,1.4,Euclidean_X_pp_single_EM,5,0.1926,3
heterogeneous3,2000,1.4,X_kmeans,5,0.004399999999999999,0
heterogeneous3,2000,1.4,global_gain_no_update,5,0.0001,4
heterogeneous3,2000,1.4,growing_global_gain_EM,5,0.0001,4
heterogeneous3,2000,1.4,growing_sampled_gain_EM,5,0.0001,4
heterogeneous3,2000,1.4,raw_peel,5,0.0001,4
heterogeneous3,2000,1.4,raw_peel_repaired,5,0.0001,4
heterogeneous3,2000,1.4,residual_greedy_pp_best10,5,0.0001,4
heterogeneous3,2000,1.4,residual_greedy_pp_single,5,0.0001,4
heterogeneous3,2000,1.4,residual_pp_single,5,0.0001,4
hierarchical4,1000,0.8,Euclidean_X_pp_single_EM,5,0.0558,2
hierarchical4,1000,0.8,X_kmeans,5,0.001,2
hierarchical4,1000,0.8,global_gain_no_update,5,0.001,2
hierarchical4,1000,0.8,growing_global_gain_EM,5,0.001,2
hierarchical4,1000,0.8,growing_sampled_gain_EM,5,0.001,2
hierarchical4,1000,0.8,raw_peel,5,0.001,2
hierarchical4,1000,0.8,raw_peel_repaired,5,0.001,2
hierarchical4,1000,0.8,residual_greedy_pp_best10,5,0.001,2
hierarchical4,1000,0.8,residual_greedy_pp_single,5,0.001,2
hierarchical4,1000,0.8,residual_pp_single,5,0.0678,1
hierarchical4,1000,1.4,Euclidean_X_pp_single_EM,5,0.0,5
hierarchical4,1000,1.4,X_kmeans,5,0.0,5
hierarchical4,1000,1.4,global_gain_no_update,5,0.0,5
hierarchical4,1000,1.4,growing_global_gain_EM,5,0.0,5
hierarchical4,1000,1.4,growing_sampled_gain_EM,5,0.0,5
hierarchical4,1000,1.4,raw_peel,5,0.0,5
hierarchical4,1000,1.4,raw_peel_repaired,5,0.0,5
hierarchical4,1000,1.4,residual_greedy_pp_best10,5,0.0,5
hierarchical4,1000,1.4,residual_greedy_pp_single,5,0.0,5
hierarchical4,1000,1.4,residual_pp_single,5,0.10540000000000001,3
hierarchical4,2000,0.8,Euclidean_X_pp_single_EM,5,0.1186,1
hierarchical4,2000,0.8,X_kmeans,5,0.0002,3
hierarchical4,2000,0.8,global_gain_no_update,5,0.0002,3
hierarchical4,2000,0.8,growing_global_gain_EM,5,0.0002,3
hierarchical4,2000,0.8,growing_sampled_gain_EM,5,0.0002,3
hierarchical4,2000,0.8,raw_peel,5,0.0002,3
hierarchical4,2000,0.8,raw_peel_repaired,5,0.0002,3
hierarchical4,2000,0.8,residual_greedy_pp_best10,5,0.0002,3
hierarchical4,2000,0.8,residual_greedy_pp_single,5,0.058399999999999994,2
hierarchical4,2000,0.8,residual_pp_single,5,0.10700000000000001,2
hierarchical4,2000,1.4,Euclidean_X_pp_single_EM,5,0.10670000000000002,3
hierarchical4,2000,1.4,X_kmeans,5,0.0,5
hierarchical4,2000,1.4,global_gain_no_update,5,0.0,5
hierarchical4,2000,1.4,growing_global_gain_EM,5,0.0,5
hierarchical4,2000,1.4,growing_sampled_gain_EM,5,0.0,5
hierarchical4,2000,1.4,raw_peel,5,0.0,5
hierarchical4,2000,1.4,raw_peel_repaired,5,0.0,5
hierarchical4,2000,1.4,residual_greedy_pp_best10,5,0.0,5
hierarchical4,2000,1.4,residual_greedy_pp_single,5,0.0,5
hierarchical4,2000,1.4,residual_pp_single,5,0.0727,4
symmetric2,1000,0.8,Euclidean_X_pp_single_EM,5,0.0006000000000000001,3
symmetric2,1000,0.8,X_kmeans,5,0.0004,4
symmetric2,1000,0.8,global_gain_no_update,5,0.0006000000000000001,3
symmetric2,1000,0.8,growing_global_gain_EM,5,0.0006000000000000001,3
symmetric2,1000,0.8,growing_sampled_gain_EM,5,0.0006000000000000001,3
symmetric2,1000,0.8,raw_peel,5,0.0006000000000000001,3
symmetric2,1000,0.8,raw_peel_repaired,5,0.0006000000000000001,3
symmetric2,1000,0.8,residual_greedy_pp_best10,5,0.0006000000000000001,3
symmetric2,1000,0.8,residual_greedy_pp_single,5,0.0006000000000000001,3
symmetric2,1000,0.8,residual_pp_single,5,0.0006000000000000001,3
symmetric2,1000,1.4,Euclidean_X_pp_single_EM,5,0.0,5
symmetric2,1000,1.4,X_kmeans,5,0.0,5
symmetric2,1000,1.4,global_gain_no_update,5,0.0,5
symmetric2,1000,1.4,growing_global_gain_EM,5,0.0,5
symmetric2,1000,1.4,growing_sampled_gain_EM,5,0.0,5
symmetric2,1000,1.4,raw_peel,5,0.0,5
symmetric2,1000,1.4,raw_peel_repaired,5,0.0,5
symmetric2,1000,1.4,residual_greedy_pp_best10,5,0.0,5
symmetric2,1000,1.4,residual_greedy_pp_single,5,0.0,5
symmetric2,1000,1.4,residual_pp_single,5,0.0,5
symmetric2,2000,0.8,Euclidean_X_pp_single_EM,5,0.0001,4
symmetric2,2000,0.8,X_kmeans,5,0.0001,4
symmetric2,2000,0.8,global_gain_no_update,5,0.0001,4
symmetric2,2000,0.8,growing_global_gain_EM,5,0.0001,4
symmetric2,2000,0.8,growing_sampled_gain_EM,5,0.0001,4
symmetric2,2000,0.8,raw_peel,5,0.0001,4
symmetric2,2000,0.8,raw_peel_repaired,5,0.0001,4
symmetric2,2000,0.8,residual_greedy_pp_best10,5,0.0001,4
symmetric2,2000,0.8,residual_greedy_pp_single,5,0.0001,4
symmetric2,2000,0.8,residual_pp_single,5,0.0001,4
symmetric2,2000,1.4,Euclidean_X_pp_single_EM,5,0.0,5
symmetric2,2000,1.4,X_kmeans,5,0.0,5
symmetric2,2000,1.4,global_gain_no_update,5,0.0,5
symmetric2,2000,1.4,growing_global_gain_EM,5,0.0,5
symmetric2,2000,1.4,growing_sampled_gain_EM,5,0.0,5
symmetric2,2000,1.4,raw_peel,5,0.0,5
symmetric2,2000,1.4,raw_peel_repaired,5,0.0,5
symmetric2,2000,1.4,residual_greedy_pp_best10,5,0.0,5
symmetric2,2000,1.4,residual_greedy_pp_single,5,0.0,5
symmetric2,2000,1.4,residual_pp_single,5,0.0,5
unequal3,1000,0.8,Euclidean_X_pp_single_EM,5,0.0018000000000000002,3
unequal3,1000,0.8,X_kmeans,5,0.007200000000000001,1
unequal3,1000,0.8,global_gain_no_update,5,0.0018000000000000002,3
unequal3,1000,0.8,growing_global_gain_EM,5,0.0018000000000000002,3
unequal3,1000,0.8,growing_sampled_gain_EM,5,0.0722,3
unequal3,1000,0.8,raw_peel,5,0.0018000000000000002,3
unequal3,1000,0.8,raw_peel_repaired,5,0.0018000000000000002,3
unequal3,1000,0.8,residual_greedy_pp_best10,5,0.0018000000000000002,3
unequal3,1000,0.8,residual_greedy_pp_single,5,0.0018000000000000002,3
unequal3,1000,0.8,residual_pp_single,5,0.0856,3
unequal3,1000,1.4,Euclidean_X_pp_single_EM,5,0.0,5
unequal3,1000,1.4,X_kmeans,5,0.0,5
unequal3,1000,1.4,global_gain_no_update,5,0.0,5
unequal3,1000,1.4,growing_global_gain_EM,5,0.0,5
unequal3,1000,1.4,growing_sampled_gain_EM,5,0.0,5
unequal3,1000,1.4,raw_peel,5,0.0,5
unequal3,1000,1.4,raw_peel_repaired,5,0.0,5
unequal3,1000,1.4,residual_greedy_pp_best10,5,0.0,5
unequal3,1000,1.4,residual_greedy_pp_single,5,0.0,5
unequal3,1000,1.4,residual_pp_single,5,0.0444,4
unequal3,2000,0.8,Euclidean_X_pp_single_EM,5,0.0,5
unequal3,2000,0.8,X_kmeans,5,0.0005,2
unequal3,2000,0.8,global_gain_no_update,5,0.0,5
unequal3,2000,0.8,growing_global_gain_EM,5,0.0,5
unequal3,2000,0.8,growing_sampled_gain_EM,5,0.0,5
unequal3,2000,0.8,raw_peel,5,0.0,5
unequal3,2000,0.8,raw_peel_repaired,5,0.0,5
unequal3,2000,0.8,residual_greedy_pp_best10,5,0.0,5
unequal3,2000,0.8,residual_greedy_pp_single,5,0.0,5
unequal3,2000,0.8,residual_pp_single,5,0.0,5
unequal3,2000,1.4,Euclidean_X_pp_single_EM,5,0.0,5
unequal3,2000,1.4,X_kmeans,5,0.0,5
unequal3,2000,1.4,global_gain_no_update,5,0.0,5
unequal3,2000,1.4,growing_global_gain_EM,5,0.0,5
unequal3,2000,1.4,growing_sampled_gain_EM,5,0.0,5
unequal3,2000,1.4,raw_peel,5,0.0,5
unequal3,2000,1.4,raw_peel_repaired,5,0.0,5
unequal3,2000,1.4,residual_greedy_pp_best10,5,0.0,5
unequal3,2000,1.4,residual_greedy_pp_single,5,0.0,5
unequal3,2000,1.4,residual_pp_single,5,0.0,5
