model,method,graphs,mean_error,exact,max_error
disassortative3,Euclidean_X_pp_single_EM,20,0.024675,9,0.435
disassortative3,X_kmeans,20,0.003,10,0.008
disassortative3,global_gain_no_update,20,0.002925,10,0.008
disassortative3,growing_global_gain_EM,20,0.002925,10,0.008
disassortative3,growing_sampled_gain_EM,20,0.002925,10,0.008
disassortative3,raw_peel,20,0.002925,10,0.008
disassortative3,raw_peel_repaired,20,0.002925,10,0.008
disassortative3,residual_greedy_pp_best10,20,0.002925,10,0.008
disassortative3,residual_greedy_pp_single,20,0.002925,10,0.008
disassortative3,residual_pp_single,20,0.002925,10,0.008
equal3,Euclidean_X_pp_single_EM,20,0.01885,16,0.3745
equal3,X_kmeans,20,0.000125,17,0.001
equal3,global_gain_no_update,20,0.000125,17,0.001
equal3,growing_global_gain_EM,20,0.000125,17,0.001
equal3,growing_sampled_gain_EM,20,0.000125,17,0.001
equal3,raw_peel,20,0.017825,17,0.3545
equal3,raw_peel_repaired,20,0.000125,17,0.001
equal3,residual_greedy_pp_best10,20,0.000125,17,0.001
equal3,residual_greedy_pp_single,20,0.000125,17,0.001
equal3,residual_pp_single,20,0.0199,17,0.396
heterogeneous3,Euclidean_X_pp_single_EM,20,0.119775,7,0.4935
heterogeneous3,X_kmeans,20,0.01525,0,0.038
heterogeneous3,global_gain_no_update,20,0.0018249999999999998,9,0.005
heterogeneous3,growing_global_gain_EM,20,0.0018249999999999998,9,0.005
heterogeneous3,growing_sampled_gain_EM,20,0.0018249999999999998,9,0.005
heterogeneous3,raw_peel,20,0.0018249999999999998,9,0.005
heterogeneous3,raw_peel_repaired,20,0.0018249999999999998,9,0.005
heterogeneous3,residual_greedy_pp_best10,20,0.0018249999999999998,9,0.005
heterogeneous3,residual_greedy_pp_single,20,0.048625,9,0.478
heterogeneous3,residual_pp_single,20,0.09705,9,0.494
hierarchical4,Euclidean_X_pp_single_EM,20,0.070275,11,0.328
hierarchical4,X_kmeans,20,0.00030000000000000003,15,0.003
hierarchical4,global_gain_no_update,20,0.00030000000000000003,15,0.003
hierarchical4,growing_global_gain_EM,20,0.00030000000000000003,15,0.003
hierarchical4,growing_sampled_gain_EM,20,0.00030000000000000003,15,0.003
hierarchical4,raw_peel,20,0.00030000000000000003,15,0.003
hierarchical4,raw_peel_repaired,20,0.00030000000000000003,15,0.003
hierarchical4,residual_greedy_pp_best10,20,0.00030000000000000003,15,0.003
hierarchical4,residual_greedy_pp_single,20,0.014849999999999999,14,0.291
hierarchical4,residual_pp_single,20,0.088225,10,0.3635
symmetric2,Euclidean_X_pp_single_EM,20,0.000175,17,0.002
symmetric2,X_kmeans,20,0.000125,18,0.002
symmetric2,global_gain_no_update,20,0.000175,17,0.002
symmetric2,growing_global_gain_EM,20,0.000175,17,0.002
symmetric2,growing_sampled_gain_EM,20,0.000175,17,0.002
symmetric2,raw_peel,20,0.000175,17,0.002
symmetric2,raw_peel_repaired,20,0.000175,17,0.002
symmetric2,residual_greedy_pp_best10,20,0.000175,17,0.002
symmetric2,residual_greedy_pp_single,20,0.000175,17,0.002
symmetric2,residual_pp_single,20,0.000175,17,0.002
unequal3,Euclidean_X_pp_single_EM,20,0.00045000000000000004,18,0.006
unequal3,X_kmeans,20,0.001925,13,0.031
unequal3,global_gain_no_update,20,0.00045000000000000004,18,0.006
unequal3,growing_global_gain_EM,20,0.00045000000000000004,18,0.006
unequal3,growing_sampled_gain_EM,20,0.01805,18,0.355
unequal3,raw_peel,20,0.00045000000000000004,18,0.006
unequal3,raw_peel_repaired,20,0.00045000000000000004,18,0.006
unequal3,residual_greedy_pp_best10,20,0.00045000000000000004,18,0.006
unequal3,residual_greedy_pp_single,20,0.00045000000000000004,18,0.006
unequal3,residual_pp_single,20,0.0325,17,0.425
