method,graphs,mean_error,exact,max_error,converged,mean_iter,min_objective_delta
Euclidean_X_pp_single_EM,120,0.03903333333333334,78,0.4935,120,4.8,-5.820766091346741e-11
X_kmeans,120,0.0034541666666666666,73,0.038,0,,
global_gain_no_update,120,0.0009666666666666667,86,0.008,120,2.7416666666666667,0.0
growing_global_gain_EM,120,0.0009666666666666667,86,0.008,120,3.225,-5.820766091346741e-11
growing_sampled_gain_EM,120,0.0039,86,0.355,120,3.816666666666667,-5.820766091346741e-11
raw_peel,120,0.003916666666666666,86,0.3545,120,3.058333333333333,-2.9103830456733704e-11
raw_peel_repaired,120,0.0009666666666666667,86,0.008,120,2.7416666666666667,-2.9103830456733704e-11
residual_greedy_pp_best10,120,0.0009666666666666667,86,0.008,120,3.3,0.0
residual_greedy_pp_single,120,0.011191666666666666,85,0.478,120,3.408333333333333,-2.9103830456733704e-11
residual_pp_single,120,0.04012916666666667,80,0.494,120,6.016666666666667,-5.820766091346741e-11
