model,method,graphs,mean_error,exact,full_seed_coverage,mean_core_purity
disassortative3,bernoulli_original,20,0.002925,10,7,0.45765
disassortative3,bernoulli_scaled_fixed_k,20,0.002925,10,14,0.6438548662189533
disassortative3,bernoulli_scaled_remaining,20,0.002925,10,8,0.503983172059489
disassortative3,poisson_original,20,0.002925,10,8,0.45367499999999994
disassortative3,poisson_scaled_fixed_k,20,0.002925,10,14,0.6390937355647941
disassortative3,poisson_scaled_remaining,20,0.002925,10,7,0.5007517477414364
equal3,bernoulli_original,20,0.000125,17,10,0.6278750000000001
equal3,bernoulli_scaled_fixed_k,20,0.017925,17,18,0.8611955903777139
equal3,bernoulli_scaled_remaining,20,0.025025,17,15,0.7115011238086899
equal3,poisson_original,20,0.000125,17,10,0.61825
equal3,poisson_scaled_fixed_k,20,0.017825,17,18,0.8481008598941122
equal3,poisson_scaled_remaining,20,0.024375,17,16,0.7047941386809113
heterogeneous3,bernoulli_original,20,0.0018499999999999999,8,20,0.9921
heterogeneous3,bernoulli_scaled_fixed_k,20,0.0018499999999999999,8,0,0.8817157019507516
heterogeneous3,bernoulli_scaled_remaining,20,0.0018499999999999999,8,19,0.723642599646803
heterogeneous3,poisson_original,20,0.0018249999999999998,9,20,0.9920500000000001
heterogeneous3,poisson_scaled_fixed_k,20,0.0018249999999999998,9,0,0.8817157019507516
heterogeneous3,poisson_scaled_remaining,20,0.0018249999999999998,9,19,0.7176026387611834
hierarchical4,bernoulli_original,20,0.00030000000000000003,15,18,0.6245499999999999
hierarchical4,bernoulli_scaled_fixed_k,20,0.00030000000000000003,15,20,0.8500138423605963
hierarchical4,bernoulli_scaled_remaining,20,0.00030000000000000003,15,18,0.7234823823040364
hierarchical4,poisson_original,20,0.00030000000000000003,15,17,0.61745
hierarchical4,poisson_scaled_fixed_k,20,0.00030000000000000003,15,20,0.8401341129648106
hierarchical4,poisson_scaled_remaining,20,0.00030000000000000003,15,19,0.7138238986513319
symmetric2,bernoulli_original,20,0.000125,18,17,0.5767
symmetric2,bernoulli_scaled_fixed_k,20,0.000125,18,20,0.7839032005993051
symmetric2,bernoulli_scaled_remaining,20,0.000125,18,20,0.6909870607297603
symmetric2,poisson_original,20,0.000175,17,17,0.5734
symmetric2,poisson_scaled_fixed_k,20,0.000175,17,20,0.7741123438771425
symmetric2,poisson_scaled_remaining,20,0.000175,17,19,0.6750983810237237
unequal3,bernoulli_original,20,0.290125,1,0,0.683425
unequal3,bernoulli_scaled_fixed_k,20,0.0005,18,16,0.8769462210851721
unequal3,bernoulli_scaled_remaining,20,0.00045000000000000004,18,19,0.9066440080563949
unequal3,poisson_original,20,0.259575,3,1,0.682775
unequal3,poisson_scaled_fixed_k,20,0.00045000000000000004,18,16,0.8741672884909214
unequal3,poisson_scaled_remaining,20,0.00045000000000000004,18,19,0.9041677612855203
