t,objective
0.0,-262268.48471548053
1e-05,-262268.484730536
0.0001,-262268.4849746628
0.001,-262268.49817011063
0.01,-262269.70502805617
0.02,-262273.3314651855
0.03,-262279.3427285445
0.04,-262287.7016472333
0.05,-262298.35571919207
0.060000000000000005,-262311.23998957826
0.06999999999999999,-262326.2804057227
0.08,-262343.39644428657
0.09,-262362.5031478919
0.09999999999999999,-262383.5134145576
0.11,-262406.3409462626
0.12,-262430.90278088266
0.13,-262457.11967017903
0.14,-262484.9142704907
0.15000000000000002,-262514.2078363149
0.16,-262544.9133448524
0.17,-262576.9257181006
0.18000000000000002,-262610.12309361703
0.19,-262644.3886943415
0.2,-262679.6192464851
0.21000000000000002,-262715.6837419245
0.22,-262752.36169609753
0.23,-262789.2952944163
0.24000000000000002,-262825.9567021388
0.25,-262861.6356195019
0.26,-262895.4592342642
0.27,-262926.43113447295
0.28,-262953.46998617327
0.29000000000000004,-262975.4772217638
0.3,-262991.4144037501
0.31,-263000.2790649021
0.32,-263000.96144430176
0.33,-262992.1345053667
0.34,-262972.32248162944
0.35000000000000003,-262940.09981961607
0.36000000000000004,-262894.3033188721
0.37,-262834.1879971792
0.38,-262759.4895946396
0.39,-262670.4291540473
0.4,-262567.6571982964
0.41000000000000003,-262452.0901318025
0.42000000000000004,-262324.77131568734
0.43,-262186.8695611691
0.44,-262039.68914870315
0.45,-261884.59751901787
0.46,-261722.9201812604
0.47000000000000003,-261555.85627546377
0.48000000000000004,-261384.4438229296
0.49,-261209.58043959984
0.5,-261032.06967920213
0.51,-260852.66864296474
0.52,-260672.118275251
0.53,-260491.13828974892
0.54,-260310.39498004422
0.55,-260130.47047868036
0.56,-259951.84936477925
0.5700000000000001,-259774.9194978751
0.5800000000000001,-259599.98214482891
0.59,-259427.26848749685
0.6,-259256.95669404772
0.61,-259089.1837964132
0.62,-258924.05179014785
0.63,-258761.63193765015
0.64,-258601.97129875998
0.65,-258445.10205668389
0.66,-258291.0504675745
0.67,-258139.841739475
0.68,-257991.50069950212
0.6900000000000001,-257846.05170599982
0.7000000000000001,-257703.5206594806
0.7100000000000001,-257563.9383158708
0.72,-257427.3420176538
0.73,-257293.774475647
0.74,-257163.28087390075
0.75,-257035.90635959108
0.76,-256911.69496068393
0.77,-256790.6898408847
0.78,-256672.93440080117
0.79,-256558.47382137942
0.8,-256447.35679500998
0.81,-256339.63725340462
0.8200000000000001,-256235.37593706982
0.8300000000000001,-256134.64173736947
0.8400000000000001,-256037.5128762796
0.85,-255944.078101157
0.86,-255854.4381067473
0.87,-255768.70736549413
0.88,-255687.0165046291
0.89,-255609.51536222926
0.9,-255536.3769054273
0.91,-255467.8023101619
0.92,-255404.0276987634
0.93,-255345.33334430732
0.9400000000000001,-255292.0566382243
0.9500000000000001,-255244.61088209355
0.9600000000000001,-255203.51325197192
0.97,-255169.42783046508
0.98,-255143.23556310608
0.99,-255126.1587310329
1.0,-255120.01613146602
