model,n,ch,method_group,fits,mean_error,exact,converged,mean_iter,max_iter
disassortative3,1000,0.8,km_X,5,0.0062,0,0,0.0,0.0
disassortative3,1000,0.8,km_start_PG,5,0.0062,0,5,2.0,2.0
disassortative3,1000,0.8,random_Gaussian_X,5,0.0072,0,5,23.2,39.0
disassortative3,1000,0.8,random_H_and_labels_PG,5,0.137,0,5,18.6,52.0
disassortative3,1000,0.8,random_PG_0,5,0.0064,0,5,19.6,22.0
disassortative3,1000,0.8,random_PG_all,50,0.0064,0,50,19.94,26.0
disassortative3,1000,0.8,random_PG_best,5,0.0064,0,5,20.8,24.0
disassortative3,1000,1.4,km_X,5,0.0,5,0,0.0,0.0
disassortative3,1000,1.4,km_start_PG,5,0.0,5,5,16.6,29.0
disassortative3,1000,1.4,random_Gaussian_X,5,0.0,5,5,19.4,26.0
disassortative3,1000,1.4,random_H_and_labels_PG,5,0.0906,0,5,12.4,20.0
disassortative3,1000,1.4,random_PG_0,5,0.0,5,5,14.8,15.0
disassortative3,1000,1.4,random_PG_all,50,0.0,50,50,15.12,17.0
disassortative3,1000,1.4,random_PG_best,5,0.0,5,5,15.6,17.0
disassortative3,2000,0.8,km_X,5,0.0058,0,0,0.0,0.0
disassortative3,2000,0.8,km_start_PG,5,0.0056,0,5,2.0,2.0
disassortative3,2000,0.8,random_Gaussian_X,5,0.006,0,5,23.6,42.0
disassortative3,2000,0.8,random_H_and_labels_PG,5,0.2088,0,5,19.2,26.0
disassortative3,2000,0.8,random_PG_0,5,0.0056,0,5,17.8,20.0
disassortative3,2000,0.8,random_PG_all,50,0.005599999999999999,0,50,18.04,21.0
disassortative3,2000,0.8,random_PG_best,5,0.0056,0,5,18.6,20.0
disassortative3,2000,1.4,km_X,5,0.0,5,0,0.0,0.0
disassortative3,2000,1.4,km_start_PG,5,0.0,5,5,18.6,25.0
disassortative3,2000,1.4,random_Gaussian_X,5,0.0,5,5,21.6,40.0
disassortative3,2000,1.4,random_H_and_labels_PG,5,0.1624,1,5,10.6,18.0
disassortative3,2000,1.4,random_PG_0,5,0.0,5,5,14.0,15.0
disassortative3,2000,1.4,random_PG_all,50,0.0,50,50,13.84,15.0
disassortative3,2000,1.4,random_PG_best,5,0.0,5,5,14.4,15.0
equal3,1000,0.8,km_X,5,0.0004,3,0,0.0,0.0
equal3,1000,0.8,km_start_PG,5,0.0004,3,5,4.2,5.0
equal3,1000,0.8,random_Gaussian_X,5,0.0006000000000000001,2,5,19.4,24.0
equal3,1000,0.8,random_H_and_labels_PG,5,0.1032,1,5,12.6,24.0
equal3,1000,0.8,random_PG_0,5,0.0004,3,5,9.6,11.0
equal3,1000,0.8,random_PG_all,50,0.0071600000000000006,30,50,10.5,71.0
equal3,1000,0.8,random_PG_best,5,0.0004,3,5,12.0,19.0
equal3,1000,1.4,km_X,5,0.0,5,0,0.0,0.0
equal3,1000,1.4,km_start_PG,5,0.0,5,5,3.0,3.0
equal3,1000,1.4,random_Gaussian_X,5,0.077,4,5,30.2,60.0
equal3,1000,1.4,random_H_and_labels_PG,5,0.0274,2,5,7.4,16.0
equal3,1000,1.4,random_PG_0,5,0.0,5,5,8.0,9.0
equal3,1000,1.4,random_PG_all,50,0.01432,48,50,9.22,82.0
equal3,1000,1.4,random_PG_best,5,0.0,5,5,8.6,10.0
equal3,2000,0.8,km_X,5,0.0001,4,0,0.0,0.0
equal3,2000,0.8,km_start_PG,5,0.0,5,5,3.8,4.0
equal3,2000,0.8,random_Gaussian_X,5,0.0001,4,5,17.0,20.0
equal3,2000,0.8,random_H_and_labels_PG,5,0.1685,0,5,11.6,21.0
equal3,2000,0.8,random_PG_0,5,0.0,5,5,9.2,10.0
equal3,2000,0.8,random_PG_all,50,0.0076300000000000005,49,50,9.74,30.0
equal3,2000,0.8,random_PG_best,5,0.0,5,5,12.0,20.0
equal3,2000,1.4,km_X,5,0.0,5,0,0.0,0.0
equal3,2000,1.4,km_start_PG,5,0.0,5,5,2.4,3.0
equal3,2000,1.4,random_Gaussian_X,5,0.0,5,5,19.6,29.0
equal3,2000,1.4,random_H_and_labels_PG,5,0.068,2,5,4.8,7.0
equal3,2000,1.4,random_PG_0,5,0.0,5,5,7.8,11.0
equal3,2000,1.4,random_PG_all,50,0.014790000000000001,48,50,10.6,144.0
equal3,2000,1.4,random_PG_best,5,0.0,5,5,8.2,9.0
heterogeneous3,1000,0.8,km_X,5,0.0288,0,0,0.0,0.0
heterogeneous3,1000,0.8,km_start_PG,5,0.004200000000000001,0,5,28.8,40.0
heterogeneous3,1000,0.8,random_Gaussian_X,5,0.3774,0,5,57.0,172.0
heterogeneous3,1000,0.8,random_H_and_labels_PG,5,0.10899999999999999,0,5,8.0,11.0
heterogeneous3,1000,0.8,random_PG_0,5,0.004200000000000001,0,5,39.4,49.0
heterogeneous3,1000,0.8,random_PG_all,50,0.0229,0,50,39.82,50.0
heterogeneous3,1000,0.8,random_PG_best,5,0.004200000000000001,0,5,40.0,49.0
heterogeneous3,1000,1.4,km_X,5,0.005200000000000001,0,0,0.0,0.0
heterogeneous3,1000,1.4,km_start_PG,5,0.0,5,5,13.6,17.0
heterogeneous3,1000,1.4,random_Gaussian_X,5,0.3524,0,5,41.8,71.0
heterogeneous3,1000,1.4,random_H_and_labels_PG,5,0.0008,3,5,5.8,6.0
heterogeneous3,1000,1.4,random_PG_0,5,0.0,5,5,22.6,25.0
heterogeneous3,1000,1.4,random_PG_all,50,0.03884,46,50,22.24,26.0
heterogeneous3,1000,1.4,random_PG_best,5,0.0,5,5,23.2,26.0
heterogeneous3,2000,0.8,km_X,5,0.022600000000000002,0,0,0.0,0.0
heterogeneous3,2000,0.8,km_start_PG,5,0.0035000000000000005,0,5,31.6,34.0
heterogeneous3,2000,0.8,random_Gaussian_X,5,0.4194,0,5,111.8,171.0
heterogeneous3,2000,0.8,random_H_and_labels_PG,5,0.1897,0,5,7.8,9.0
heterogeneous3,2000,0.8,random_PG_0,5,0.095,0,5,39.0,43.0
heterogeneous3,2000,0.8,random_PG_all,50,0.04069,0,50,39.88,44.0
heterogeneous3,2000,0.8,random_PG_best,5,0.0035000000000000005,0,5,40.8,44.0
heterogeneous3,2000,1.4,km_X,5,0.004399999999999999,0,0,0.0,0.0
heterogeneous3,2000,1.4,km_start_PG,5,0.0002,3,5,11.4,14.0
heterogeneous3,2000,1.4,random_Gaussian_X,5,0.2496,0,5,53.2,98.0
heterogeneous3,2000,1.4,random_H_and_labels_PG,5,0.10900000000000001,1,5,10.4,20.0
heterogeneous3,2000,1.4,random_PG_0,5,0.0002,3,5,20.2,23.0
heterogeneous3,2000,1.4,random_PG_all,50,0.02915,29,50,19.96,26.0
heterogeneous3,2000,1.4,random_PG_best,5,0.0002,3,5,20.4,24.0
hierarchical4,1000,0.8,km_X,5,0.001,2,0,0.0,0.0
hierarchical4,1000,0.8,km_start_PG,5,0.001,2,5,10.0,11.0
hierarchical4,1000,0.8,random_Gaussian_X,5,0.055200000000000006,2,5,32.2,52.0
hierarchical4,1000,0.8,random_H_and_labels_PG,5,0.0196,0,5,9.2,14.0
hierarchical4,1000,0.8,random_PG_0,5,0.001,2,5,16.0,20.0
hierarchical4,1000,0.8,random_PG_all,50,0.03724,19,50,30.36,218.0
hierarchical4,1000,0.8,random_PG_best,5,0.001,2,5,40.0,130.0
hierarchical4,1000,1.4,km_X,5,0.0,5,0,0.0,0.0
hierarchical4,1000,1.4,km_start_PG,5,0.0,5,5,6.2,7.0
hierarchical4,1000,1.4,random_Gaussian_X,5,0.0,5,5,26.8,47.0
hierarchical4,1000,1.4,random_H_and_labels_PG,5,0.10859999999999999,1,5,10.4,27.0
hierarchical4,1000,1.4,random_PG_0,5,0.05,4,5,17.2,42.0
hierarchical4,1000,1.4,random_PG_all,50,0.0519,40,50,17.46,106.0
hierarchical4,1000,1.4,random_PG_best,5,0.0,5,5,12.2,13.0
hierarchical4,2000,0.8,km_X,5,0.0002,3,0,0.0,0.0
hierarchical4,2000,0.8,km_start_PG,5,0.0002,3,5,9.2,10.0
hierarchical4,2000,0.8,random_Gaussian_X,5,0.0498,2,5,25.6,57.0
hierarchical4,2000,0.8,random_H_and_labels_PG,5,0.185,0,5,18.6,34.0
hierarchical4,2000,0.8,random_PG_0,5,0.0002,3,5,15.6,18.0
hierarchical4,2000,0.8,random_PG_all,50,0.05112,22,50,26.02,124.0
hierarchical4,2000,0.8,random_PG_best,5,0.0002,3,5,16.2,18.0
hierarchical4,2000,1.4,km_X,5,0.0,5,0,0.0,0.0
hierarchical4,2000,1.4,km_start_PG,5,0.0,5,5,6.0,6.0
hierarchical4,2000,1.4,random_Gaussian_X,5,0.0,5,5,17.4,25.0
hierarchical4,2000,1.4,random_H_and_labels_PG,5,0.23149999999999998,0,5,8.6,12.0
hierarchical4,2000,1.4,random_PG_0,5,0.058399999999999994,4,5,15.4,33.0
hierarchical4,2000,1.4,random_PG_all,50,0.052059999999999995,40,50,18.58,107.0
hierarchical4,2000,1.4,random_PG_best,5,0.0,5,5,11.4,12.0
symmetric2,1000,0.8,km_X,5,0.0004,4,0,0.0,0.0
symmetric2,1000,0.8,km_start_PG,5,0.0006000000000000001,3,5,1.8,2.0
symmetric2,1000,0.8,random_Gaussian_X,5,0.0004,3,5,19.6,29.0
symmetric2,1000,0.8,random_H_and_labels_PG,5,0.0006000000000000001,3,5,3.2,4.0
symmetric2,1000,0.8,random_PG_0,5,0.0006000000000000001,3,5,6.2,7.0
symmetric2,1000,0.8,random_PG_all,50,0.0006,30,50,6.22,7.0
symmetric2,1000,0.8,random_PG_best,5,0.0006000000000000001,3,5,6.8,7.0
symmetric2,1000,1.4,km_X,5,0.0,5,0,0.0,0.0
symmetric2,1000,1.4,km_start_PG,5,0.0,5,5,1.0,1.0
symmetric2,1000,1.4,random_Gaussian_X,5,0.0,5,5,22.6,30.0
symmetric2,1000,1.4,random_H_and_labels_PG,5,0.0,5,5,3.0,3.0
symmetric2,1000,1.4,random_PG_0,5,0.0,5,5,5.2,6.0
symmetric2,1000,1.4,random_PG_all,50,0.0,50,50,5.18,6.0
symmetric2,1000,1.4,random_PG_best,5,0.0,5,5,5.6,6.0
symmetric2,2000,0.8,km_X,5,0.0001,4,0,0.0,0.0
symmetric2,2000,0.8,km_start_PG,5,0.0001,4,5,1.8,2.0
symmetric2,2000,0.8,random_Gaussian_X,5,0.0001,4,5,19.0,22.0
symmetric2,2000,0.8,random_H_and_labels_PG,5,0.0001,4,5,3.0,3.0
symmetric2,2000,0.8,random_PG_0,5,0.0001,4,5,6.2,7.0
symmetric2,2000,0.8,random_PG_all,50,0.0001,40,50,6.24,8.0
symmetric2,2000,0.8,random_PG_best,5,0.0001,4,5,6.8,7.0
symmetric2,2000,1.4,km_X,5,0.0,5,0,0.0,0.0
symmetric2,2000,1.4,km_start_PG,5,0.0,5,5,1.0,1.0
symmetric2,2000,1.4,random_Gaussian_X,5,0.0,5,5,21.2,24.0
symmetric2,2000,1.4,random_H_and_labels_PG,5,0.0,5,5,3.0,3.0
symmetric2,2000,1.4,random_PG_0,5,0.0,5,5,5.2,6.0
symmetric2,2000,1.4,random_PG_all,50,0.0,50,50,5.2,7.0
symmetric2,2000,1.4,random_PG_best,5,0.0,5,5,6.2,7.0
unequal3,1000,0.8,km_X,5,0.0072,1,0,0.0,0.0
unequal3,1000,0.8,km_start_PG,5,0.0018000000000000002,3,5,6.4,8.0
unequal3,1000,0.8,random_Gaussian_X,5,0.0854,2,5,55.8,152.0
unequal3,1000,0.8,random_H_and_labels_PG,5,0.0964,1,5,9.6,18.0
unequal3,1000,0.8,random_PG_0,5,0.0018000000000000002,3,5,10.6,11.0
unequal3,1000,0.8,random_PG_all,50,0.1003,23,50,23.3,163.0
unequal3,1000,0.8,random_PG_best,5,0.0018000000000000002,3,5,11.8,16.0
unequal3,1000,1.4,km_X,5,0.0,5,0,0.0,0.0
unequal3,1000,1.4,km_start_PG,5,0.0,5,5,3.6,4.0
unequal3,1000,1.4,random_Gaussian_X,5,0.0,5,5,20.2,27.0
unequal3,1000,1.4,random_H_and_labels_PG,5,0.003,4,5,5.8,11.0
unequal3,1000,1.4,random_PG_0,5,0.08,4,5,56.2,245.0
unequal3,1000,1.4,random_PG_all,50,0.05888,39,50,25.72,245.0
unequal3,1000,1.4,random_PG_best,5,0.0,5,5,9.8,10.0
unequal3,2000,0.8,km_X,5,0.0005,2,0,0.0,0.0
unequal3,2000,0.8,km_start_PG,5,0.0,5,5,6.2,7.0
unequal3,2000,0.8,random_Gaussian_X,5,0.0002,3,5,17.8,25.0
unequal3,2000,0.8,random_H_and_labels_PG,5,0.0198,0,5,10.8,24.0
unequal3,2000,0.8,random_PG_0,5,0.1629,3,5,32.0,79.0
unequal3,2000,0.8,random_PG_all,50,0.12115000000000001,35,50,30.98,143.0
unequal3,2000,0.8,random_PG_best,5,0.0,5,5,11.6,13.0
unequal3,2000,1.4,km_X,5,0.0,5,0,0.0,0.0
unequal3,2000,1.4,km_start_PG,5,0.0,5,5,3.8,4.0
unequal3,2000,1.4,random_Gaussian_X,5,0.0,5,5,16.0,23.0
unequal3,2000,1.4,random_H_and_labels_PG,5,0.0033,2,5,5.2,6.0
unequal3,2000,1.4,random_PG_0,5,0.0837,4,5,41.4,172.0
unequal3,2000,1.4,random_PG_all,50,0.07347,36,49,32.84,300.0
unequal3,2000,1.4,random_PG_best,5,0.0,5,5,9.6,10.0
