graph,exact_starts,good_starts,worst_error,best_error
disassortative3_n1000_ch0.8_s20000,0,10,0.004,0.004
disassortative3_n1000_ch0.8_s20001,0,10,0.007,0.007
disassortative3_n1000_ch0.8_s20002,0,10,0.008,0.008
disassortative3_n1000_ch0.8_s20003,0,10,0.007,0.007
disassortative3_n1000_ch0.8_s20004,0,10,0.006,0.006
disassortative3_n1000_ch1.4_s20000,10,10,0.0,0.0
disassortative3_n1000_ch1.4_s20001,10,10,0.0,0.0
disassortative3_n1000_ch1.4_s20002,10,10,0.0,0.0
disassortative3_n1000_ch1.4_s20003,10,10,0.0,0.0
disassortative3_n1000_ch1.4_s20004,10,10,0.0,0.0
disassortative3_n2000_ch0.8_s20000,0,10,0.006,0.006
disassortative3_n2000_ch0.8_s20001,0,10,0.0075,0.0075
disassortative3_n2000_ch0.8_s20002,0,10,0.003,0.003
disassortative3_n2000_ch0.8_s20003,0,10,0.005,0.005
disassortative3_n2000_ch0.8_s20004,0,10,0.0065,0.0065
disassortative3_n2000_ch1.4_s20000,10,10,0.0,0.0
disassortative3_n2000_ch1.4_s20001,10,10,0.0,0.0
disassortative3_n2000_ch1.4_s20002,10,10,0.0,0.0
disassortative3_n2000_ch1.4_s20003,10,10,0.0,0.0
disassortative3_n2000_ch1.4_s20004,10,10,0.0,0.0
equal3_n1000_ch0.8_s20000,0,9,0.339,0.001
equal3_n1000_ch0.8_s20001,10,10,0.0,0.0
equal3_n1000_ch0.8_s20002,10,10,0.0,0.0
equal3_n1000_ch0.8_s20003,10,10,0.0,0.0
equal3_n1000_ch0.8_s20004,0,10,0.001,0.001
equal3_n1000_ch1.4_s20000,9,9,0.333,0.0
equal3_n1000_ch1.4_s20001,10,10,0.0,0.0
equal3_n1000_ch1.4_s20002,9,9,0.383,0.0
equal3_n1000_ch1.4_s20003,10,10,0.0,0.0
equal3_n1000_ch1.4_s20004,10,10,0.0,0.0
equal3_n2000_ch0.8_s20000,10,10,0.0,0.0
equal3_n2000_ch0.8_s20001,10,10,0.0,0.0
equal3_n2000_ch0.8_s20002,10,10,0.0,0.0
equal3_n2000_ch0.8_s20003,9,9,0.3815,0.0
equal3_n2000_ch0.8_s20004,10,10,0.0,0.0
equal3_n2000_ch1.4_s20000,10,10,0.0,0.0
equal3_n2000_ch1.4_s20001,10,10,0.0,0.0
equal3_n2000_ch1.4_s20002,8,8,0.398,0.0
equal3_n2000_ch1.4_s20003,10,10,0.0,0.0
equal3_n2000_ch1.4_s20004,10,10,0.0,0.0
heterogeneous3_n1000_ch0.8_s20000,0,10,0.005,0.005
heterogeneous3_n1000_ch0.8_s20001,0,10,0.005,0.005
heterogeneous3_n1000_ch0.8_s20002,0,10,0.002,0.002
heterogeneous3_n1000_ch0.8_s20003,0,10,0.004,0.004
heterogeneous3_n1000_ch0.8_s20004,0,8,0.473,0.005
heterogeneous3_n1000_ch1.4_s20000,10,10,0.0,0.0
heterogeneous3_n1000_ch1.4_s20001,10,10,0.0,0.0
heterogeneous3_n1000_ch1.4_s20002,10,10,0.0,0.0
heterogeneous3_n1000_ch1.4_s20003,7,7,0.487,0.0
heterogeneous3_n1000_ch1.4_s20004,9,9,0.481,0.0
heterogeneous3_n2000_ch0.8_s20000,0,10,0.0045,0.0045
heterogeneous3_n2000_ch0.8_s20001,0,9,0.4535,0.0025
heterogeneous3_n2000_ch0.8_s20002,0,9,0.4965,0.0025
heterogeneous3_n2000_ch0.8_s20003,0,10,0.003,0.003
heterogeneous3_n2000_ch0.8_s20004,0,8,0.4625,0.005
heterogeneous3_n2000_ch1.4_s20000,10,10,0.0,0.0
heterogeneous3_n2000_ch1.4_s20001,10,10,0.0,0.0
heterogeneous3_n2000_ch1.4_s20002,9,9,0.466,0.0
heterogeneous3_n2000_ch1.4_s20003,0,9,0.4935,0.0005
heterogeneous3_n2000_ch1.4_s20004,0,9,0.489,0.0005
hierarchical4_n1000_ch0.8_s20000,0,8,0.307,0.003
hierarchical4_n1000_ch0.8_s20001,0,9,0.304,0.001
hierarchical4_n1000_ch0.8_s20002,9,9,0.307,0.0
hierarchical4_n1000_ch0.8_s20003,10,10,0.0,0.0
hierarchical4_n1000_ch0.8_s20004,0,8,0.342,0.001
hierarchical4_n1000_ch1.4_s20000,9,9,0.253,0.0
hierarchical4_n1000_ch1.4_s20001,8,8,0.25,0.0
hierarchical4_n1000_ch1.4_s20002,9,9,0.251,0.0
hierarchical4_n1000_ch1.4_s20003,7,7,0.269,0.0
hierarchical4_n1000_ch1.4_s20004,7,7,0.303,0.0
hierarchical4_n2000_ch0.8_s20000,7,7,0.2525,0.0
hierarchical4_n2000_ch0.8_s20001,0,9,0.2725,0.0005
hierarchical4_n2000_ch0.8_s20002,0,10,0.0005,0.0005
hierarchical4_n2000_ch0.8_s20003,6,6,0.3515,0.0
hierarchical4_n2000_ch0.8_s20004,9,9,0.2855,0.0
hierarchical4_n2000_ch1.4_s20000,7,7,0.256,0.0
hierarchical4_n2000_ch1.4_s20001,10,10,0.0,0.0
hierarchical4_n2000_ch1.4_s20002,9,9,0.25,0.0
hierarchical4_n2000_ch1.4_s20003,5,5,0.292,0.0
hierarchical4_n2000_ch1.4_s20004,9,9,0.2975,0.0
symmetric2_n1000_ch0.8_s20000,10,10,0.0,0.0
symmetric2_n1000_ch0.8_s20001,0,10,0.001,0.001
symmetric2_n1000_ch0.8_s20002,0,10,0.002,0.002
symmetric2_n1000_ch0.8_s20003,10,10,0.0,0.0
symmetric2_n1000_ch0.8_s20004,10,10,0.0,0.0
symmetric2_n1000_ch1.4_s20000,10,10,0.0,0.0
symmetric2_n1000_ch1.4_s20001,10,10,0.0,0.0
symmetric2_n1000_ch1.4_s20002,10,10,0.0,0.0
symmetric2_n1000_ch1.4_s20003,10,10,0.0,0.0
symmetric2_n1000_ch1.4_s20004,10,10,0.0,0.0
symmetric2_n2000_ch0.8_s20000,10,10,0.0,0.0
symmetric2_n2000_ch0.8_s20001,10,10,0.0,0.0
symmetric2_n2000_ch0.8_s20002,0,10,0.0005,0.0005
symmetric2_n2000_ch0.8_s20003,10,10,0.0,0.0
symmetric2_n2000_ch0.8_s20004,10,10,0.0,0.0
symmetric2_n2000_ch1.4_s20000,10,10,0.0,0.0
symmetric2_n2000_ch1.4_s20001,10,10,0.0,0.0
symmetric2_n2000_ch1.4_s20002,10,10,0.0,0.0
symmetric2_n2000_ch1.4_s20003,10,10,0.0,0.0
symmetric2_n2000_ch1.4_s20004,10,10,0.0,0.0
unequal3_n1000_ch0.8_s20000,0,7,0.378,0.003
unequal3_n1000_ch0.8_s20001,0,7,0.41,0.006
unequal3_n1000_ch0.8_s20002,5,5,0.375,0.0
unequal3_n1000_ch0.8_s20003,8,8,0.395,0.0
unequal3_n1000_ch0.8_s20004,10,10,0.0,0.0
unequal3_n1000_ch1.4_s20000,7,7,0.279,0.0
unequal3_n1000_ch1.4_s20001,8,8,0.203,0.0
unequal3_n1000_ch1.4_s20002,7,7,0.4,0.0
unequal3_n1000_ch1.4_s20003,8,8,0.353,0.0
unequal3_n1000_ch1.4_s20004,9,9,0.298,0.0
unequal3_n2000_ch0.8_s20000,6,6,0.4175,0.0
unequal3_n2000_ch0.8_s20001,7,7,0.386,0.0
unequal3_n2000_ch0.8_s20002,9,9,0.4,0.0
unequal3_n2000_ch0.8_s20003,6,6,0.398,0.0
unequal3_n2000_ch0.8_s20004,7,7,0.4195,0.0
unequal3_n2000_ch1.4_s20000,6,6,0.274,0.0
unequal3_n2000_ch1.4_s20001,8,8,0.2115,0.0
unequal3_n2000_ch1.4_s20002,10,10,0.0,0.0
unequal3_n2000_ch1.4_s20003,6,6,0.4185,0.0
unequal3_n2000_ch1.4_s20004,6,6,0.2175,0.0
