method,fits,mean_seconds,median_seconds,p95_seconds,converged_fraction,mean_iterations,empty_cluster_fraction,small_cluster_fraction
gmm_full_neighbor_degree,720,0.3234644319600092,0.29441829200004577,0.7173904887957177,0.9680555555555556,53.11944444444445,0.0,0.0
gmm_full_spec,720,0.23620120802638161,0.20434347999980673,0.5371555795005406,0.9875,46.111111111111114,0.0,0.001388888888888889
gmm_full_spec_degree,720,0.24901804429451255,0.2185524135020387,0.5716811549027623,0.9986111111111111,45.81944444444444,0.0,0.0
gmm_tied_spec,720,0.1412815949304584,0.12511618600183283,0.32017716960144726,0.9986111111111111,27.03472222222222,0.0,0.004166666666666667
km_ASE,720,0.009714493474772705,0.00963247599429451,0.012791026599370524,1.0,11.515277777777778,0.0,0.001388888888888889
km_RRE,720,0.009558605415228764,0.009293537499615923,0.012925132751115592,1.0,10.79861111111111,0.0,0.001388888888888889
km_classic_U,720,0.01052976041381852,0.010509375497349538,0.014086909996331087,1.0,12.690277777777778,0.0,0.001388888888888889
km_neighbor_degree,720,0.010840845220880309,0.010508974995900644,0.014548860548893571,1.0,13.818055555555556,0.0,0.0
km_spec,720,0.009929932963789016,0.009712252500321483,0.01301192990358686,1.0,12.672222222222222,0.0,0.0
km_spec_degree,720,0.01065286179452111,0.010269703998346813,0.014137373905396086,1.0,13.65,0.0,0.0
poisson_gaussian,720,0.25821499779572654,0.22318115050438792,0.5523670929022045,1.0,32.25694444444444,0.0,0.0
raw_bernoulli_vem,720,0.1534098558458734,0.13753131900011795,0.3018194601529103,0.9972222222222222,24.09027777777778,0.20694444444444443,0.24166666666666667
spectral_bernoulli_surrogate,720,0.16181659477065802,0.1251808945016819,0.436320564099878,0.9888888888888889,23.775,0.10972222222222222,0.1361111111111111
