method,mean_initial_error,mean_decoded_error,improved_fraction,worsened_fraction,fallback_fraction
gmm_full_neighbor_degree,0.24180555555555555,0.3926604938271605,0.22777777777777777,0.6277777777777778,0.0
gmm_full_spec,0.2686033950617284,0.4062816358024691,0.24583333333333332,0.6055555555555555,0.002777777777777778
gmm_full_spec_degree,0.26738734567901234,0.4134868827160494,0.25277777777777777,0.6041666666666666,0.0
gmm_tied_spec,0.32211805555555556,0.4026087962962963,0.44166666666666665,0.42083333333333334,0.004166666666666667
km_ASE,0.3045038580246914,0.35485108024691364,0.49722222222222223,0.35555555555555557,0.001388888888888889
km_RRE,0.29436033950617285,0.36459567901234574,0.4236111111111111,0.41944444444444445,0.001388888888888889
km_classic_U,0.3315162037037037,0.34788966049382714,0.6763888888888889,0.18194444444444444,0.001388888888888889
km_neighbor_degree,0.2587546296296296,0.40483564814814815,0.24722222222222223,0.6263888888888889,0.0
km_spec,0.3232276234567901,0.3785902777777778,0.4861111111111111,0.4027777777777778,0.0
km_spec_degree,0.4301658950617285,0.43319135802469133,0.5194444444444445,0.4722222222222222,0.0
poisson_gaussian,0.23093518518518516,0.4106635802469135,0.19583333333333333,0.6583333333333333,0.0
spectral_bernoulli_surrogate,0.2776381172839506,0.42107561728395065,0.10138888888888889,0.5888888888888889,0.1375
