model,n,degree_target,method,baseline,comparison,repetitions,method_error,baseline_error,delta_mean,delta_se,ci95_low,ci95_high,wins,ties,losses
k2_symmetric,1800,4.0,gmm_full_spec,km_spec,same_spectral_features,20,0.473,0.4410833333333334,0.03191666666666667,0.009071450818254936,0.012929901895677155,0.05090343143765619,7,0,13
k2_symmetric,1800,6.0,gmm_full_spec,km_spec,same_spectral_features,20,0.3274722222222222,0.31575,0.011722222222222228,0.03176415945465815,-0.05476092758443839,0.07820537202888285,10,0,10
k2_symmetric,1800,12.0,gmm_full_spec,km_spec,same_spectral_features,20,0.02950000000000001,0.06316666666666665,-0.03366666666666665,0.008822522716463872,-0.05213241893278927,-0.015200914400544031,18,0,2
k2_symmetric,1800,24.0,gmm_full_spec,km_spec,same_spectral_features,20,0.0013611111111111018,0.003972222222222227,-0.0026111111111111252,0.0010060731761991522,-0.00471684646939092,-0.0005053757528313309,11,6,3
k2_symmetric,1800,64.0,gmm_full_spec,km_spec,same_spectral_features,20,0.0,0.00011111111111110628,-0.00011111111111110628,6.498862798506404e-05,-0.0002471338727468383,2.4911650524625737e-05,3,17,0
k2_symmetric,1800,96.0,gmm_full_spec,km_spec,same_spectral_features,20,0.0,0.0,0.0,0.0,0.0,0.0,0,20,0
k3_disassortative,1800,4.0,gmm_full_spec,km_spec,same_spectral_features,20,0.5790555555555554,0.5151388888888888,0.06391666666666668,0.010171728439856769,0.042626994367137364,0.08520633896619599,1,0,19
k3_disassortative,1800,6.0,gmm_full_spec,km_spec,same_spectral_features,20,0.5510277777777778,0.40136111111111117,0.1496666666666667,0.0027208792486326967,0.14397180095013806,0.15536153238319533,0,0,20
k3_disassortative,1800,12.0,gmm_full_spec,km_spec,same_spectral_features,20,0.28494444444444444,0.2541944444444445,0.03075,0.014252051765698987,0.0009201128297196097,0.060579887170280386,7,1,12
k3_disassortative,1800,24.0,gmm_full_spec,km_spec,same_spectral_features,20,0.09519444444444443,0.14391666666666664,-0.048722222222222236,0.0028957689104702395,-0.05478313620784419,-0.04266130823660028,20,0,0
k3_disassortative,1800,64.0,gmm_full_spec,km_spec,same_spectral_features,20,0.00899999999999999,0.03491666666666668,-0.02591666666666669,0.001291796352667145,-0.028620427506195943,-0.023212905827137434,20,0,0
k3_disassortative,1800,96.0,gmm_full_spec,km_spec,same_spectral_features,20,0.0013333333333333253,0.012555555555555552,-0.011222222222222227,0.00043892775014865037,-0.012140908561430672,-0.010303535883013783,20,0,0
k3_equal_degree,1800,4.0,gmm_full_spec,km_spec,same_spectral_features,20,0.6385833333333334,0.5759444444444445,0.06263888888888888,0.006222258119152931,0.0496155529727644,0.07566222480501336,0,0,20
k3_equal_degree,1800,6.0,gmm_full_spec,km_spec,same_spectral_features,20,0.5658333333333334,0.5008888888888888,0.0649444444444444,0.01735760315436603,0.028614563515482763,0.10127432537340604,7,0,13
k3_equal_degree,1800,12.0,gmm_full_spec,km_spec,same_spectral_features,20,0.29883333333333334,0.30380555555555555,-0.004972222222222234,0.014800024750607123,-0.035949030031081276,0.026004585586636805,9,0,11
k3_equal_degree,1800,24.0,gmm_full_spec,km_spec,same_spectral_features,20,0.026555555555555548,0.03925,-0.012694444444444453,0.00244672773478929,-0.01781550444794639,-0.007573384440942516,19,0,1
k3_equal_degree,1800,64.0,gmm_full_spec,km_spec,same_spectral_features,20,0.0002777777777777712,0.0008055555555555261,-0.0005277777777777549,0.00011733310074404933,-0.0007733587800133635,-0.0002821967755421462,13,6,1
k3_equal_degree,1800,96.0,gmm_full_spec,km_spec,same_spectral_features,20,0.0,2.777777777777657e-05,-2.777777777777657e-05,2.777777777777657e-05,-8.59173348446715e-05,3.036177928911837e-05,1,19,0
k3_heterogeneous,1800,4.0,gmm_full_spec,km_spec,same_spectral_features,20,0.4184166666666666,0.5415833333333333,-0.12316666666666669,0.005358205284668044,-0.13438151921593464,-0.11195181411739875,20,0,0
k3_heterogeneous,1800,6.0,gmm_full_spec,km_spec,same_spectral_features,20,0.35513888888888895,0.5393333333333333,-0.1841944444444445,0.006577062920496426,-0.19796039534440046,-0.17042849354448852,20,0,0
k3_heterogeneous,1800,12.0,gmm_full_spec,km_spec,same_spectral_features,20,0.23705555555555557,0.5040277777777777,-0.26697222222222217,0.018852884286997607,-0.3064317625298846,-0.22751268191455976,20,0,0
k3_heterogeneous,1800,24.0,gmm_full_spec,km_spec,same_spectral_features,20,0.13822222222222222,0.4931111111111111,-0.3548888888888889,0.01956307172145232,-0.3958348685800036,-0.31394290919777423,20,0,0
k3_heterogeneous,1800,64.0,gmm_full_spec,km_spec,same_spectral_features,20,0.05958333333333332,0.4918333333333334,-0.43224999999999997,0.024850804815941072,-0.48426333225117046,-0.38023666774882947,20,0,0
k3_heterogeneous,1800,96.0,gmm_full_spec,km_spec,same_spectral_features,20,0.0009444444444444311,0.008138888888888895,-0.007194444444444464,0.0005749184195029947,-0.00839776252578664,-0.005991126363102289,20,0,0
k4_equal_degree,1800,4.0,gmm_full_spec,km_spec,same_spectral_features,20,0.7262777777777778,0.7171111111111113,0.009166666666666651,0.0022593750968929525,0.004437740240938598,0.013895593092394704,3,1,16
k4_equal_degree,1800,6.0,gmm_full_spec,km_spec,same_spectral_features,20,0.7208333333333332,0.6784166666666668,0.042416666666666686,0.005027260805058684,0.03189448887389478,0.05293884445943859,1,0,19
k4_equal_degree,1800,12.0,gmm_full_spec,km_spec,same_spectral_features,20,0.5825555555555556,0.5517777777777779,0.030777777777777782,0.007651587000468008,0.014762822131400323,0.04679273342415524,5,0,15
k4_equal_degree,1800,24.0,gmm_full_spec,km_spec,same_spectral_features,20,0.19336111111111112,0.3973888888888889,-0.20402777777777778,0.024660030026273,-0.25564181380519835,-0.15241374175035724,20,0,0
k4_equal_degree,1800,64.0,gmm_full_spec,km_spec,same_spectral_features,20,0.0017499999999999905,0.0198611111111111,-0.018111111111111113,0.011701798954239133,-0.04260325780218361,0.006381035579961385,8,6,6
k4_equal_degree,1800,96.0,gmm_full_spec,km_spec,same_spectral_features,20,2.777777777777657e-05,0.023166666666666662,-0.023138888888888886,0.0023030882309651394,-0.0279593079557236,-0.01831846982205417,19,1,0
k4_hierarchical,1800,4.0,gmm_full_spec,km_spec,same_spectral_features,20,0.5750277777777776,0.6510277777777779,-0.076,0.005120636940563448,-0.08671761629049106,-0.06528238370950894,20,0,0
k4_hierarchical,1800,6.0,gmm_full_spec,km_spec,same_spectral_features,20,0.5233055555555557,0.6206666666666665,-0.09736111111111112,0.007619512906549433,-0.11330893490739365,-0.0814132873148286,20,0,0
k4_hierarchical,1800,12.0,gmm_full_spec,km_spec,same_spectral_features,20,0.4140833333333333,0.5612222222222222,-0.14713888888888887,0.005486304497294791,-0.15862185617153535,-0.1356559216062424,20,0,0
k4_hierarchical,1800,24.0,gmm_full_spec,km_spec,same_spectral_features,20,0.36350000000000005,0.47377777777777774,-0.11027777777777778,0.011439411543092668,-0.1342207413057468,-0.08633481424980875,20,0,0
k4_hierarchical,1800,64.0,gmm_full_spec,km_spec,same_spectral_features,20,0.2694444444444445,0.3844722222222222,-0.1150277777777778,0.0214169700602747,-0.1598540112864753,-0.07020154426908029,19,0,1
k4_hierarchical,1800,96.0,gmm_full_spec,km_spec,same_spectral_features,20,0.20822222222222217,0.3723888888888888,-0.16416666666666666,0.02654258106301419,-0.2197209272976378,-0.1086124060356955,20,0,0
k2_symmetric,1800,4.0,gmm_tied_spec,km_spec,same_spectral_features_tied,20,0.4628055555555555,0.4410833333333334,0.021722222222222233,0.008027618424529814,0.004920223760070001,0.038524220684374465,5,0,15
k2_symmetric,1800,6.0,gmm_tied_spec,km_spec,same_spectral_features_tied,20,0.4083333333333333,0.31575,0.09258333333333334,0.009918386503772006,0.0718239118000198,0.11334275486664687,1,0,19
k2_symmetric,1800,12.0,gmm_tied_spec,km_spec,same_spectral_features_tied,20,0.17980555555555558,0.06316666666666665,0.11663888888888892,0.029376935601831,0.055152256029452805,0.17812552174832502,5,0,15
k2_symmetric,1800,24.0,gmm_tied_spec,km_spec,same_spectral_features_tied,20,0.0012777777777777666,0.003972222222222227,-0.0026944444444444602,0.0010166538841749086,-0.004822325479030182,-0.0005665634098587381,11,7,2
k2_symmetric,1800,64.0,gmm_tied_spec,km_spec,same_spectral_features_tied,20,0.0,0.00011111111111110628,-0.00011111111111110628,6.498862798506404e-05,-0.0002471338727468383,2.4911650524625737e-05,3,17,0
k2_symmetric,1800,96.0,gmm_tied_spec,km_spec,same_spectral_features_tied,20,0.0,0.0,0.0,0.0,0.0,0.0,0,20,0
k3_disassortative,1800,4.0,gmm_tied_spec,km_spec,same_spectral_features_tied,20,0.6016666666666668,0.5151388888888888,0.08652777777777776,0.008547717511644229,0.06863719941561926,0.10441835613993626,0,0,20
k3_disassortative,1800,6.0,gmm_tied_spec,km_spec,same_spectral_features_tied,20,0.5282222222222221,0.40136111111111117,0.12686111111111115,0.008499252250869584,0.10907197170555714,0.14465025051666514,0,0,20
k3_disassortative,1800,12.0,gmm_tied_spec,km_spec,same_spectral_features_tied,20,0.30319444444444443,0.2541944444444445,0.049,0.0035844948024727073,0.041497566155523066,0.05650243384447694,0,0,20
k3_disassortative,1800,24.0,gmm_tied_spec,km_spec,same_spectral_features_tied,20,0.10686111111111112,0.14391666666666664,-0.03705555555555556,0.0016096989172787884,-0.040424694109775075,-0.03368641700133604,20,0,0
k3_disassortative,1800,64.0,gmm_tied_spec,km_spec,same_spectral_features_tied,20,0.011000000000000005,0.03491666666666668,-0.023916666666666676,0.0010342376411519593,-0.026081350927572237,-0.021751982405761115,20,0,0
k3_disassortative,1800,96.0,gmm_tied_spec,km_spec,same_spectral_features_tied,20,0.002472222222222231,0.012555555555555552,-0.010083333333333323,0.0005197137088641112,-0.011171106627391663,-0.008995560039274982,20,0,0
k3_equal_degree,1800,4.0,gmm_tied_spec,km_spec,same_spectral_features_tied,20,0.63075,0.5759444444444445,0.05480555555555555,0.005995487121324034,0.04225685679272912,0.06735425431838198,0,0,20
k3_equal_degree,1800,6.0,gmm_tied_spec,km_spec,same_spectral_features_tied,20,0.5762777777777777,0.5008888888888888,0.07538888888888888,0.0061368543372476445,0.0625443051426296,0.08823347263514816,0,0,20
k3_equal_degree,1800,12.0,gmm_tied_spec,km_spec,same_spectral_features_tied,20,0.33,0.30380555555555555,0.026194444444444437,0.013834236037622,-0.002760944356660699,0.055149833245549576,4,1,15
k3_equal_degree,1800,24.0,gmm_tied_spec,km_spec,same_spectral_features_tied,20,0.039,0.03925,-0.0002500000000000002,0.0016154282751087374,-0.0036311302379739103,0.00313113023797391,13,0,7
k3_equal_degree,1800,64.0,gmm_tied_spec,km_spec,same_spectral_features_tied,20,0.0004722222222222072,0.0008055555555555261,-0.00033333333333331885,0.00010963937578509857,-0.000562811184161842,-0.0001038554825047957,9,10,1
k3_equal_degree,1800,96.0,gmm_tied_spec,km_spec,same_spectral_features_tied,20,0.0,2.777777777777657e-05,-2.777777777777657e-05,2.777777777777657e-05,-8.59173348446715e-05,3.036177928911837e-05,1,19,0
k3_heterogeneous,1800,4.0,gmm_tied_spec,km_spec,same_spectral_features_tied,20,0.5932777777777777,0.5415833333333333,0.051694444444444446,0.003723176756372742,0.043901745934542394,0.0594871429543465,0,0,20
k3_heterogeneous,1800,6.0,gmm_tied_spec,km_spec,same_spectral_features_tied,20,0.5859444444444444,0.5393333333333333,0.04661111111111109,0.0029311184709216874,0.040476209645151494,0.052746012577070685,0,0,20
k3_heterogeneous,1800,12.0,gmm_tied_spec,km_spec,same_spectral_features_tied,20,0.49108333333333337,0.5040277777777777,-0.012944444444444436,0.008788920679221823,-0.03133986683834232,0.005450977949453453,7,0,13
k3_heterogeneous,1800,24.0,gmm_tied_spec,km_spec,same_spectral_features_tied,20,0.45022222222222236,0.4931111111111111,-0.042888888888888886,0.006322063431340239,-0.05612111972417914,-0.029656658053598635,18,0,2
k3_heterogeneous,1800,64.0,gmm_tied_spec,km_spec,same_spectral_features_tied,20,0.19202777777777774,0.4918333333333334,-0.29980555555555555,0.04822689892634588,-0.40074561507791573,-0.19886549603319537,20,0,0
k3_heterogeneous,1800,96.0,gmm_tied_spec,km_spec,same_spectral_features_tied,20,0.0026111111111111083,0.008138888888888895,-0.005527777777777787,0.0005720859430066695,-0.006725167417679607,-0.004330388137875967,20,0,0
k4_equal_degree,1800,4.0,gmm_tied_spec,km_spec,same_spectral_features_tied,20,0.7323611111111112,0.7171111111111113,0.015249999999999986,0.0016194455729084346,0.011860461461097588,0.018639538538902385,1,0,19
k4_equal_degree,1800,6.0,gmm_tied_spec,km_spec,same_spectral_features_tied,20,0.7227222222222222,0.6784166666666668,0.044305555555555584,0.004597664993430133,0.0346825321301953,0.05392857898091587,0,0,20
k4_equal_degree,1800,12.0,gmm_tied_spec,km_spec,same_spectral_features_tied,20,0.6758611111111111,0.5517777777777779,0.12408333333333339,0.009301225317003168,0.10461564500937422,0.14355102165729258,0,0,20
k4_equal_degree,1800,24.0,gmm_tied_spec,km_spec,same_spectral_features_tied,20,0.47375,0.3973888888888889,0.0763611111111111,0.012907457573575254,0.04934549192836339,0.10337673029385881,3,0,17
k4_equal_degree,1800,64.0,gmm_tied_spec,km_spec,same_spectral_features_tied,20,0.0018611111111111079,0.0198611111111111,-0.017999999999999995,0.01171449400190199,-0.04251871773120271,0.00651871773120272,9,5,6
k4_equal_degree,1800,96.0,gmm_tied_spec,km_spec,same_spectral_features_tied,20,8.333333333332971e-05,0.023166666666666662,-0.023083333333333334,0.002290073431636462,-0.02787651211210983,-0.018290154554556837,19,1,0
k4_hierarchical,1800,4.0,gmm_tied_spec,km_spec,same_spectral_features_tied,20,0.6969444444444444,0.6510277777777779,0.045916666666666654,0.003584194556282341,0.0384148612446884,0.053418472088644905,0,0,20
k4_hierarchical,1800,6.0,gmm_tied_spec,km_spec,same_spectral_features_tied,20,0.6810555555555555,0.6206666666666665,0.060388888888888895,0.007820486333836649,0.04402042287499734,0.07675735490278045,1,0,19
k4_hierarchical,1800,12.0,gmm_tied_spec,km_spec,same_spectral_features_tied,20,0.5024722222222222,0.5612222222222222,-0.05875000000000001,0.0045630865934430005,-0.06830065000242427,-0.04919934999757575,20,0,0
k4_hierarchical,1800,24.0,gmm_tied_spec,km_spec,same_spectral_features_tied,20,0.3955833333333333,0.47377777777777774,-0.07819444444444447,0.01818685391417786,-0.11625996716082863,-0.040128921728060304,19,0,1
k4_hierarchical,1800,64.0,gmm_tied_spec,km_spec,same_spectral_features_tied,20,0.11761111111111111,0.3844722222222222,-0.2668611111111111,0.020182052956363564,-0.3091026334161224,-0.22461958880609983,19,0,1
k4_hierarchical,1800,96.0,gmm_tied_spec,km_spec,same_spectral_features_tied,20,0.09863888888888887,0.3723888888888888,-0.27375,0.024934380255250983,-0.32593825765600387,-0.22156174234399612,20,0,0
k2_symmetric,1800,4.0,gmm_full_spec_degree,km_spec_degree,same_spectral_plus_degree_features,20,0.4761111111111111,0.47911111111111115,-0.002999999999999997,0.0030967190082383023,-0.009481507373986205,0.0034815073739862114,14,0,6
k2_symmetric,1800,6.0,gmm_full_spec_degree,km_spec_degree,same_spectral_plus_degree_features,20,0.4484166666666667,0.4820833333333333,-0.033666666666666664,0.02259829442637555,-0.08096544048967191,0.013632107156338578,11,0,9
k2_symmetric,1800,12.0,gmm_full_spec_degree,km_spec_degree,same_spectral_plus_degree_features,20,0.030222222222222216,0.46863888888888894,-0.4384166666666666,0.005074697870763554,-0.44903813137902937,-0.42779520195430387,20,0,0
k2_symmetric,1800,24.0,gmm_full_spec_degree,km_spec_degree,same_spectral_plus_degree_features,20,0.001444444444444437,0.4598055555555556,-0.4583611111111111,0.006735689834297575,-0.47245907195732945,-0.44426315026489277,20,0,0
k2_symmetric,1800,64.0,gmm_full_spec_degree,km_spec_degree,same_spectral_plus_degree_features,20,0.0,0.4533888888888889,-0.4533888888888889,0.005806734120277912,-0.465542523080184,-0.4412352546975938,20,0,0
k2_symmetric,1800,96.0,gmm_full_spec_degree,km_spec_degree,same_spectral_plus_degree_features,20,0.0,0.4578055555555555,-0.4578055555555555,0.004698767862769998,-0.46764018971841387,-0.4479709213926972,20,0,0
k3_disassortative,1800,4.0,gmm_full_spec_degree,km_spec_degree,same_spectral_plus_degree_features,20,0.5831666666666667,0.4994722222222222,0.08369444444444443,0.010725416531728609,0.06124588964998792,0.10614299923890094,0,0,20
k3_disassortative,1800,6.0,gmm_full_spec_degree,km_spec_degree,same_spectral_plus_degree_features,20,0.5563888888888889,0.38755555555555554,0.16883333333333334,0.0039047088415273723,0.16066068380255574,0.17700598286411093,0,0,20
k3_disassortative,1800,12.0,gmm_full_spec_degree,km_spec_degree,same_spectral_plus_degree_features,20,0.2560555555555556,0.2612777777777778,-0.0052222222222222114,0.009070100972090923,-0.024206161732720697,0.013761717288276274,14,0,6
k3_disassortative,1800,24.0,gmm_full_spec_degree,km_spec_degree,same_spectral_plus_degree_features,20,0.07455555555555557,0.15702777777777777,-0.08247222222222224,0.0023287601382874137,-0.08734637320860501,-0.07759807123583946,20,0,0
k3_disassortative,1800,64.0,gmm_full_spec_degree,km_spec_degree,same_spectral_plus_degree_features,20,0.006194444444444442,0.0408888888888889,-0.03469444444444446,0.0012121293803995503,-0.03723146039467576,-0.03215742849421316,20,0,0
k3_disassortative,1800,96.0,gmm_full_spec_degree,km_spec_degree,same_spectral_plus_degree_features,20,0.0009999999999999898,0.015000000000000003,-0.014000000000000012,0.0004913150855818925,-0.01502833429241659,-0.012971665707583435,20,0,0
k3_equal_degree,1800,4.0,gmm_full_spec_degree,km_spec_degree,same_spectral_plus_degree_features,20,0.6387222222222223,0.5663333333333334,0.07238888888888888,0.003378615431684647,0.06531736551977779,0.07946041225799996,0,0,20
k3_equal_degree,1800,6.0,gmm_full_spec_degree,km_spec_degree,same_spectral_plus_degree_features,20,0.5725833333333333,0.5163333333333334,0.05625000000000002,0.017365367899189584,0.019903867273346344,0.09259613272665371,6,0,14
k3_equal_degree,1800,12.0,gmm_full_spec_degree,km_spec_degree,same_spectral_plus_degree_features,20,0.3242222222222223,0.4563055555555556,-0.1320833333333333,0.007354487806991311,-0.14747645322121872,-0.11669021344544787,20,0,0
k3_equal_degree,1800,24.0,gmm_full_spec_degree,km_spec_degree,same_spectral_plus_degree_features,20,0.02666666666666668,0.42650000000000005,-0.3998333333333334,0.004419539137267027,-0.4090835350570322,-0.39058313160963454,20,0,0
k3_equal_degree,1800,64.0,gmm_full_spec_degree,km_spec_degree,same_spectral_plus_degree_features,20,0.0002777777777777712,0.37880555555555556,-0.3785277777777778,0.005144796667365777,-0.3892959609576141,-0.3677595945979415,20,0,0
k3_equal_degree,1800,96.0,gmm_full_spec_degree,km_spec_degree,same_spectral_plus_degree_features,20,0.0,0.3385277777777777,-0.3385277777777777,0.026690908663122688,-0.3943924916437086,-0.2826630639118468,18,2,0
k3_heterogeneous,1800,4.0,gmm_full_spec_degree,km_spec_degree,same_spectral_plus_degree_features,20,0.4178055555555556,0.5286388888888889,-0.11083333333333331,0.005171600486497659,-0.12165761755136262,-0.100009049115304,20,0,0
k3_heterogeneous,1800,6.0,gmm_full_spec_degree,km_spec_degree,same_spectral_plus_degree_features,20,0.34208333333333335,0.4780555555555555,-0.13597222222222222,0.01216646472368389,-0.16143692554600275,-0.1105075188984417,20,0,0
k3_heterogeneous,1800,12.0,gmm_full_spec_degree,km_spec_degree,same_spectral_plus_degree_features,20,0.20008333333333334,0.5068888888888889,-0.30680555555555555,0.010857476097117605,-0.3295305141969859,-0.2840805969141252,20,0,0
k3_heterogeneous,1800,24.0,gmm_full_spec_degree,km_spec_degree,same_spectral_plus_degree_features,20,0.12191666666666667,0.47630555555555565,-0.3543888888888889,0.021990749871753517,-0.40041605734494545,-0.3083617204328324,20,0,0
k3_heterogeneous,1800,64.0,gmm_full_spec_degree,km_spec_degree,same_spectral_plus_degree_features,20,0.03177777777777779,0.4921388888888889,-0.46036111111111105,0.0017509280004894506,-0.46402584553367254,-0.45669637668854957,20,0,0
k3_heterogeneous,1800,96.0,gmm_full_spec_degree,km_spec_degree,same_spectral_plus_degree_features,20,0.0011944444444444314,0.0037222222222222157,-0.002527777777777784,0.00036823825874653397,-0.0032985093110877105,-0.0017570462444678578,18,2,0
k4_equal_degree,1800,4.0,gmm_full_spec_degree,km_spec_degree,same_spectral_plus_degree_features,20,0.7256666666666667,0.717,0.008666666666666673,0.0028156482812426607,0.0027734470852723734,0.014559886248060972,5,1,14
k4_equal_degree,1800,6.0,gmm_full_spec_degree,km_spec_degree,same_spectral_plus_degree_features,20,0.7224722222222222,0.6800277777777778,0.04244444444444446,0.004967961028141017,0.032046382511182275,0.05284250637770664,1,0,19
k4_equal_degree,1800,12.0,gmm_full_spec_degree,km_spec_degree,same_spectral_plus_degree_features,20,0.5834444444444444,0.5718888888888889,0.01155555555555558,0.008119438167345469,-0.0054386238369794025,0.02854973494809056,7,0,13
k4_equal_degree,1800,24.0,gmm_full_spec_degree,km_spec_degree,same_spectral_plus_degree_features,20,0.24580555555555553,0.4533333333333333,-0.2075277777777778,0.02472964521584619,-0.2592875200715272,-0.1557680354840284,19,0,1
k4_equal_degree,1800,64.0,gmm_full_spec_degree,km_spec_degree,same_spectral_plus_degree_features,20,0.0017777777777777614,0.39222222222222214,-0.3904444444444445,0.009625508939904255,-0.4105908661915863,-0.37029802269730266,20,0,0
k4_equal_degree,1800,96.0,gmm_full_spec_degree,km_spec_degree,same_spectral_plus_degree_features,20,2.777777777777657e-05,0.34850000000000003,-0.34847222222222224,0.006780087206011263,-0.36266310783538985,-0.3342813366090546,20,0,0
k4_hierarchical,1800,4.0,gmm_full_spec_degree,km_spec_degree,same_spectral_plus_degree_features,20,0.5711666666666667,0.644611111111111,-0.07344444444444445,0.0040379936989067495,-0.08189606238780546,-0.06499282650108344,20,0,0
k4_hierarchical,1800,6.0,gmm_full_spec_degree,km_spec_degree,same_spectral_plus_degree_features,20,0.5195,0.5945277777777778,-0.07502777777777776,0.008114722719927811,-0.09201208762544029,-0.058043467930115236,20,0,0
k4_hierarchical,1800,12.0,gmm_full_spec_degree,km_spec_degree,same_spectral_plus_degree_features,20,0.40680555555555553,0.5360555555555555,-0.12924999999999998,0.011146455116467203,-0.1525797986801484,-0.10592020131985155,20,0,0
k4_hierarchical,1800,24.0,gmm_full_spec_degree,km_spec_degree,same_spectral_plus_degree_features,20,0.35875,0.46641666666666665,-0.10766666666666666,0.008700358114413359,-0.12587672548210033,-0.08945660785123298,20,0,0
k4_hierarchical,1800,64.0,gmm_full_spec_degree,km_spec_degree,same_spectral_plus_degree_features,20,0.2350833333333333,0.3803333333333333,-0.14525000000000002,0.018260375609880128,-0.1834694053940099,-0.10703059460599013,20,0,0
k4_hierarchical,1800,96.0,gmm_full_spec_degree,km_spec_degree,same_spectral_plus_degree_features,20,0.14455555555555555,0.37044444444444447,-0.22588888888888886,0.026320530112311797,-0.28097839153873566,-0.17079938623904206,20,0,0
k2_symmetric,1800,4.0,gmm_full_neighbor_degree,km_neighbor_degree,same_neighbor_plus_degree_features,20,0.4457777777777777,0.47088888888888886,-0.0251111111111111,0.013711889710328046,-0.05381042610622148,0.0035882038839992747,15,0,5
k2_symmetric,1800,6.0,gmm_full_neighbor_degree,km_neighbor_degree,same_neighbor_plus_degree_features,20,0.20061111111111113,0.4735555555555556,-0.27294444444444443,0.01823213697605002,-0.31110474569858426,-0.23478414319030458,19,0,1
k2_symmetric,1800,12.0,gmm_full_neighbor_degree,km_neighbor_degree,same_neighbor_plus_degree_features,20,0.029472222222222212,0.051916666666666667,-0.022444444444444454,0.02312579661624227,-0.0708472930395938,0.02595840415070489,9,1,10
k2_symmetric,1800,24.0,gmm_full_neighbor_degree,km_neighbor_degree,same_neighbor_plus_degree_features,20,0.001388888888888873,0.024222222222222207,-0.022833333333333334,0.022862767556682134,-0.07068565577981492,0.02501898911314825,4,11,5
k2_symmetric,1800,64.0,gmm_full_neighbor_degree,km_neighbor_degree,same_neighbor_plus_degree_features,20,0.0,0.0,0.0,0.0,0.0,0.0,0,20,0
k2_symmetric,1800,96.0,gmm_full_neighbor_degree,km_neighbor_degree,same_neighbor_plus_degree_features,20,0.0,0.0,0.0,0.0,0.0,0.0,0,20,0
k3_disassortative,1800,4.0,gmm_full_neighbor_degree,km_neighbor_degree,same_neighbor_plus_degree_features,20,0.6376944444444445,0.5008055555555554,0.1368888888888889,0.010683922445918887,0.11452718221414782,0.15925059556362997,0,0,20
k3_disassortative,1800,6.0,gmm_full_neighbor_degree,km_neighbor_degree,same_neighbor_plus_degree_features,20,0.4929166666666667,0.4047777777777778,0.0881388888888889,0.0078125034113053,0.07178713132387994,0.10449064645389787,0,0,20
k3_disassortative,1800,12.0,gmm_full_neighbor_degree,km_neighbor_degree,same_neighbor_plus_degree_features,20,0.27641666666666664,0.31752777777777774,-0.04111111111111111,0.013543962543418294,-0.06945895050649074,-0.012763271715731484,16,0,4
k3_disassortative,1800,24.0,gmm_full_neighbor_degree,km_neighbor_degree,same_neighbor_plus_degree_features,20,0.07333333333333333,0.20244444444444443,-0.1291111111111111,0.020894487242835144,-0.1728437755148926,-0.0853784467073296,19,0,1
k3_disassortative,1800,64.0,gmm_full_neighbor_degree,km_neighbor_degree,same_neighbor_plus_degree_features,20,0.0049722222222222225,0.04036111111111111,-0.03538888888888889,0.0011813335929489858,-0.03786144851521171,-0.032916329262566074,20,0,0
k3_disassortative,1800,96.0,gmm_full_neighbor_degree,km_neighbor_degree,same_neighbor_plus_degree_features,20,0.0008055555555555427,0.01933333333333333,-0.01852777777777779,0.000910443165516021,-0.020433357223374467,-0.01662219833218111,20,0,0
k3_equal_degree,1800,4.0,gmm_full_neighbor_degree,km_neighbor_degree,same_neighbor_plus_degree_features,20,0.6129444444444443,0.5435555555555557,0.0693888888888889,0.011395262800611344,0.045538329740905166,0.09323944803687265,1,0,19
k3_equal_degree,1800,6.0,gmm_full_neighbor_degree,km_neighbor_degree,same_neighbor_plus_degree_features,20,0.4328333333333333,0.4542222222222222,-0.021388888888888884,0.005123633908804276,-0.0321127779059983,-0.01066499987177947,18,0,2
k3_equal_degree,1800,12.0,gmm_full_neighbor_degree,km_neighbor_degree,same_neighbor_plus_degree_features,20,0.21838888888888883,0.2669166666666667,-0.04852777777777778,0.021931440924837477,-0.09443081118129742,-0.0026247443742581367,16,0,4
k3_equal_degree,1800,24.0,gmm_full_neighbor_degree,km_neighbor_degree,same_neighbor_plus_degree_features,20,0.024111111111111118,0.03474999999999999,-0.010638888888888875,0.0008637480846497981,-0.012446734407010007,-0.008831043370767743,20,0,0
k3_equal_degree,1800,64.0,gmm_full_neighbor_degree,km_neighbor_degree,same_neighbor_plus_degree_features,20,0.0002777777777777712,0.0006944444444444198,-0.00041666666666664853,0.00010567859864620126,-0.0006378545156693091,-0.00019547881766398796,12,7,1
k3_equal_degree,1800,96.0,gmm_full_neighbor_degree,km_neighbor_degree,same_neighbor_plus_degree_features,20,0.0,0.0,0.0,0.0,0.0,0.0,0,20,0
k3_heterogeneous,1800,4.0,gmm_full_neighbor_degree,km_neighbor_degree,same_neighbor_plus_degree_features,20,0.4580277777777778,0.4926666666666667,-0.034638888888888865,0.007979554262289421,-0.05134028790331697,-0.01793748987446076,17,0,3
k3_heterogeneous,1800,6.0,gmm_full_neighbor_degree,km_neighbor_degree,same_neighbor_plus_degree_features,20,0.3763611111111111,0.4372222222222222,-0.0608611111111111,0.015575617545488425,-0.09346125329608249,-0.028260968926139725,15,0,5
k3_heterogeneous,1800,12.0,gmm_full_neighbor_degree,km_neighbor_degree,same_neighbor_plus_degree_features,20,0.28680555555555554,0.19927777777777778,0.08752777777777776,0.008667423400011198,0.06938665211181287,0.10566890344374265,0,0,20
k3_heterogeneous,1800,24.0,gmm_full_neighbor_degree,km_neighbor_degree,same_neighbor_plus_degree_features,20,0.14963888888888888,0.10049999999999999,0.049138888888888885,0.008028485976167963,0.03233507462028957,0.06594270315748821,0,0,20
k3_heterogeneous,1800,64.0,gmm_full_neighbor_degree,km_neighbor_degree,same_neighbor_plus_degree_features,20,0.007361111111111107,0.014222222222222225,-0.006861111111111118,0.0006062740519937013,-0.008130057285497528,-0.0055921649367247075,20,0,0
k3_heterogeneous,1800,96.0,gmm_full_neighbor_degree,km_neighbor_degree,same_neighbor_plus_degree_features,20,0.0005277777777777714,0.0021666666666666666,-0.0016388888888888952,0.0002657482967865779,-0.0021951064664812413,-0.0010826713112965494,17,3,0
k4_equal_degree,1800,4.0,gmm_full_neighbor_degree,km_neighbor_degree,same_neighbor_plus_degree_features,20,0.72175,0.7057500000000001,0.015999999999999997,0.00349314747359093,0.008688758312178567,0.023311241687821428,2,1,17
k4_equal_degree,1800,6.0,gmm_full_neighbor_degree,km_neighbor_degree,same_neighbor_plus_degree_features,20,0.6846111111111112,0.6575277777777778,0.02708333333333333,0.007981854319365175,0.010377120244119159,0.0437895464225475,5,0,15
k4_equal_degree,1800,12.0,gmm_full_neighbor_degree,km_neighbor_degree,same_neighbor_plus_degree_features,20,0.511638888888889,0.5293333333333333,-0.017694444444444447,0.00943551994922117,-0.03744321466401382,0.0020543257751249253,13,0,7
k4_equal_degree,1800,24.0,gmm_full_neighbor_degree,km_neighbor_degree,same_neighbor_plus_degree_features,20,0.08652777777777779,0.33725000000000005,-0.25072222222222224,0.014832402450147608,-0.2817667973350459,-0.21967764710939855,20,0,0
k4_equal_degree,1800,64.0,gmm_full_neighbor_degree,km_neighbor_degree,same_neighbor_plus_degree_features,20,0.0018055555555555435,0.01880555555555557,-0.017000000000000026,0.010471921676547244,-0.038917983964893196,0.004917983964893142,12,4,4
k4_equal_degree,1800,96.0,gmm_full_neighbor_degree,km_neighbor_degree,same_neighbor_plus_degree_features,20,2.777777777777657e-05,0.022361111111111102,-0.022333333333333327,0.0020754137973304156,-0.026677224333996778,-0.017989442332669876,20,0,0
k4_hierarchical,1800,4.0,gmm_full_neighbor_degree,km_neighbor_degree,same_neighbor_plus_degree_features,20,0.5909444444444444,0.6132777777777778,-0.022333333333333344,0.004511122634156917,-0.03177522151900954,-0.012891445147657143,15,0,5
k4_hierarchical,1800,6.0,gmm_full_neighbor_degree,km_neighbor_degree,same_neighbor_plus_degree_features,20,0.5442222222222222,0.5554166666666667,-0.011194444444444457,0.009990596211966801,-0.0321050026339715,0.00971611374508259,13,0,7
k4_hierarchical,1800,12.0,gmm_full_neighbor_degree,km_neighbor_degree,same_neighbor_plus_degree_features,20,0.42236111111111113,0.4456666666666667,-0.02330555555555554,0.007508006880420345,-0.039019994556938414,-0.0075911165541726715,15,0,5
k4_hierarchical,1800,24.0,gmm_full_neighbor_degree,km_neighbor_degree,same_neighbor_plus_degree_features,20,0.3190833333333333,0.272,0.04708333333333333,0.0059445503351775375,0.03464124648916577,0.05952542017750089,0,0,20
k4_hierarchical,1800,64.0,gmm_full_neighbor_degree,km_neighbor_degree,same_neighbor_plus_degree_features,20,0.06805555555555556,0.07444444444444445,-0.006388888888888894,0.003927233681927094,-0.014608683452444812,0.0018309056746670244,16,0,4
k4_hierarchical,1800,96.0,gmm_full_neighbor_degree,km_neighbor_degree,same_neighbor_plus_degree_features,20,0.02330555555555556,0.03130555555555556,-0.008000000000000002,0.0009957675212946254,-0.010084165374668191,-0.005915834625331813,19,1,0
k2_symmetric,1800,4.0,poisson_gaussian,km_neighbor_degree,degree_conditional_model_vs_same_information,20,0.4604722222222223,0.47088888888888886,-0.010416666666666663,0.012781456055879627,-0.037168561641985474,0.016335228308652146,13,0,7
k2_symmetric,1800,6.0,poisson_gaussian,km_neighbor_degree,degree_conditional_model_vs_same_information,20,0.20669444444444443,0.4735555555555556,-0.2668611111111111,0.02595781412282413,-0.3211914404700417,-0.2125307817521805,19,0,1
k2_symmetric,1800,12.0,poisson_gaussian,km_neighbor_degree,degree_conditional_model_vs_same_information,20,0.02922222222222224,0.051916666666666667,-0.022694444444444427,0.023109560332304824,-0.07106331010675848,0.025674421217869635,9,2,9
k2_symmetric,1800,24.0,poisson_gaussian,km_neighbor_degree,degree_conditional_model_vs_same_information,20,0.0014166666666666494,0.024222222222222207,-0.022805555555555558,0.022864244489778557,-0.07066096925853471,0.02504985814742359,4,10,6
k2_symmetric,1800,64.0,poisson_gaussian,km_neighbor_degree,degree_conditional_model_vs_same_information,20,0.0,0.0,0.0,0.0,0.0,0.0,0,20,0
k2_symmetric,1800,96.0,poisson_gaussian,km_neighbor_degree,degree_conditional_model_vs_same_information,20,0.0,0.0,0.0,0.0,0.0,0.0,0,20,0
k3_disassortative,1800,4.0,poisson_gaussian,km_neighbor_degree,degree_conditional_model_vs_same_information,20,0.5970000000000001,0.5008055555555554,0.09619444444444447,0.010189344135818002,0.07486790206953314,0.1175209868193558,0,0,20
k3_disassortative,1800,6.0,poisson_gaussian,km_neighbor_degree,degree_conditional_model_vs_same_information,20,0.4773611111111111,0.4047777777777778,0.07258333333333335,0.014992107247718564,0.04120449223758925,0.10396217442907744,1,0,19
k3_disassortative,1800,12.0,poisson_gaussian,km_neighbor_degree,degree_conditional_model_vs_same_information,20,0.22549999999999998,0.31752777777777774,-0.09202777777777779,0.004240050655906408,-0.10090230579249963,-0.08315324976305595,20,0,0
k3_disassortative,1800,24.0,poisson_gaussian,km_neighbor_degree,degree_conditional_model_vs_same_information,20,0.06530555555555553,0.20244444444444443,-0.13713888888888892,0.020511382717594985,-0.1800697063059901,-0.09420807147178775,20,0,0
k3_disassortative,1800,64.0,poisson_gaussian,km_neighbor_degree,degree_conditional_model_vs_same_information,20,0.0044444444444444505,0.04036111111111111,-0.035916666666666666,0.0012867565290963882,-0.03860987903423235,-0.03322345429910098,20,0,0
k3_disassortative,1800,96.0,poisson_gaussian,km_neighbor_degree,degree_conditional_model_vs_same_information,20,0.0006666666666666488,0.01933333333333333,-0.018666666666666682,0.0009351972477171617,-0.020624057001755146,-0.01670927633157822,20,0,0
k3_equal_degree,1800,4.0,poisson_gaussian,km_neighbor_degree,degree_conditional_model_vs_same_information,20,0.6238888888888887,0.5435555555555557,0.08033333333333333,0.011160737129838309,0.0569736420556538,0.10369302461101285,1,0,19
k3_equal_degree,1800,6.0,poisson_gaussian,km_neighbor_degree,degree_conditional_model_vs_same_information,20,0.4487222222222223,0.4542222222222222,-0.005499999999999994,0.006035402916878939,-0.01813224348307368,0.007132243483073695,11,0,9
k3_equal_degree,1800,12.0,poisson_gaussian,km_neighbor_degree,degree_conditional_model_vs_same_information,20,0.20869444444444443,0.2669166666666667,-0.05822222222222222,0.022886298326119162,-0.10612379513515424,-0.010320649309290199,16,0,4
k3_equal_degree,1800,24.0,poisson_gaussian,km_neighbor_degree,degree_conditional_model_vs_same_information,20,0.02425,0.03474999999999999,-0.010499999999999992,0.0008130074763464279,-0.01220164420440686,-0.008798355795593123,20,0,0
k3_equal_degree,1800,64.0,poisson_gaussian,km_neighbor_degree,degree_conditional_model_vs_same_information,20,0.0002499999999999947,0.0006944444444444198,-0.0004444444444444251,0.00011111111111110628,-0.0006770026727120049,-0.00021188621617684536,12,7,1
k3_equal_degree,1800,96.0,poisson_gaussian,km_neighbor_degree,degree_conditional_model_vs_same_information,20,0.0,0.0,0.0,0.0,0.0,0.0,0,20,0
k3_heterogeneous,1800,4.0,poisson_gaussian,km_neighbor_degree,degree_conditional_model_vs_same_information,20,0.42030555555555554,0.4926666666666667,-0.07236111111111111,0.007033969719830554,-0.08708337893269613,-0.05763884328952609,20,0,0
k3_heterogeneous,1800,6.0,poisson_gaussian,km_neighbor_degree,degree_conditional_model_vs_same_information,20,0.3458333333333333,0.4372222222222222,-0.09138888888888888,0.01377464711649215,-0.120219556644693,-0.06255822113308476,17,0,3
k3_heterogeneous,1800,12.0,poisson_gaussian,km_neighbor_degree,degree_conditional_model_vs_same_information,20,0.18750000000000003,0.19927777777777778,-0.011777777777777776,0.0026666666666666614,-0.01735917525619992,-0.00619638029935563,16,0,4
k3_heterogeneous,1800,24.0,poisson_gaussian,km_neighbor_degree,degree_conditional_model_vs_same_information,20,0.07519444444444448,0.10049999999999999,-0.025305555555555546,0.0016664107990729835,-0.028793393442541074,-0.02181771766857002,20,0,0
k3_heterogeneous,1800,64.0,poisson_gaussian,km_neighbor_degree,degree_conditional_model_vs_same_information,20,0.006777777777777788,0.014222222222222225,-0.007444444444444437,0.0005167751253828209,-0.008526067212590551,-0.006362821676298322,20,0,0
k3_heterogeneous,1800,96.0,poisson_gaussian,km_neighbor_degree,degree_conditional_model_vs_same_information,20,0.0005277777777777714,0.0021666666666666666,-0.0016388888888888952,0.0002777046687416999,-0.0022201314405867643,-0.0010576463371910262,17,3,0
k4_equal_degree,1800,4.0,poisson_gaussian,km_neighbor_degree,degree_conditional_model_vs_same_information,20,0.7228888888888889,0.7057500000000001,0.017138888888888905,0.00323245878528567,0.010373274896402536,0.023904502881375272,2,1,17
k4_equal_degree,1800,6.0,poisson_gaussian,km_neighbor_degree,degree_conditional_model_vs_same_information,20,0.6804722222222221,0.6575277777777778,0.02294444444444444,0.008450453771299543,0.005257441430449088,0.040631447458439794,4,0,16
k4_equal_degree,1800,12.0,poisson_gaussian,km_neighbor_degree,degree_conditional_model_vs_same_information,20,0.5185277777777777,0.5293333333333333,-0.010805555555555551,0.010196053699649382,-0.03214614120896053,0.010535030097849434,10,0,10
k4_equal_degree,1800,24.0,poisson_gaussian,km_neighbor_degree,degree_conditional_model_vs_same_information,20,0.12841666666666668,0.33725000000000005,-0.2088333333333333,0.02438699056140333,-0.2598758911929788,-0.15779077547368772,19,0,1
k4_equal_degree,1800,64.0,poisson_gaussian,km_neighbor_degree,degree_conditional_model_vs_same_information,20,0.0016944444444444372,0.01880555555555557,-0.017111111111111132,0.010461228271387103,-0.03900671352178059,0.004784491299558324,12,7,1
k4_equal_degree,1800,96.0,poisson_gaussian,km_neighbor_degree,degree_conditional_model_vs_same_information,20,5.555555555555314e-05,0.022361111111111102,-0.02230555555555555,0.00206272457772742,-0.02662288771435826,-0.01798822339675284,20,0,0
k4_hierarchical,1800,4.0,poisson_gaussian,km_neighbor_degree,degree_conditional_model_vs_same_information,20,0.5759444444444444,0.6132777777777778,-0.03733333333333333,0.006015412303839631,-0.04992373598245338,-0.02474293068421328,18,1,1
k4_hierarchical,1800,6.0,poisson_gaussian,km_neighbor_degree,degree_conditional_model_vs_same_information,20,0.502,0.5554166666666667,-0.05341666666666667,0.009249648764910159,-0.07277640402645173,-0.0340569293068816,18,1,1
k4_hierarchical,1800,12.0,poisson_gaussian,km_neighbor_degree,degree_conditional_model_vs_same_information,20,0.4095,0.4456666666666667,-0.036166666666666666,0.0062395982318468836,-0.049226295855765746,-0.023107037477567587,17,0,3
k4_hierarchical,1800,24.0,poisson_gaussian,km_neighbor_degree,degree_conditional_model_vs_same_information,20,0.28594444444444445,0.272,0.013944444444444449,0.006517320851785659,0.000303535131360215,0.027585353757528682,6,1,13
k4_hierarchical,1800,64.0,poisson_gaussian,km_neighbor_degree,degree_conditional_model_vs_same_information,20,0.05622222222222223,0.07444444444444445,-0.018222222222222213,0.0012168942883019394,-0.02076921123931025,-0.015675233205134174,20,0,0
k4_hierarchical,1800,96.0,poisson_gaussian,km_neighbor_degree,degree_conditional_model_vs_same_information,20,0.021972222222222226,0.03130555555555556,-0.009333333333333332,0.0007904152929205355,-0.010987691554388203,-0.007678975112278462,20,0,0
k2_symmetric,1800,4.0,poisson_gaussian,km_classic_U,new_model_vs_classic_spectral_baseline,20,0.4604722222222223,0.4009444444444445,0.059527777777777756,0.013691063364449916,0.030872052825555732,0.08818350272999978,5,0,15
k2_symmetric,1800,6.0,poisson_gaussian,km_classic_U,new_model_vs_classic_spectral_baseline,20,0.20669444444444443,0.15552777777777776,0.05116666666666665,0.026804071558473374,-0.0049348998612997255,0.10726823319463302,6,0,14
k2_symmetric,1800,12.0,poisson_gaussian,km_classic_U,new_model_vs_classic_spectral_baseline,20,0.02922222222222224,0.02819444444444445,0.0010277777777777885,0.0005070570851386875,-3.35048983756464e-05,0.0020890604539312236,7,1,12
k2_symmetric,1800,24.0,poisson_gaussian,km_classic_U,new_model_vs_classic_spectral_baseline,20,0.0014166666666666494,0.0012499999999999844,0.00016666666666666495,7.096293040650136e-05,1.813954635455483e-05,0.0003151937869787751,0,15,5
k2_symmetric,1800,64.0,poisson_gaussian,km_classic_U,new_model_vs_classic_spectral_baseline,20,0.0,0.0,0.0,0.0,0.0,0.0,0,20,0
k2_symmetric,1800,96.0,poisson_gaussian,km_classic_U,new_model_vs_classic_spectral_baseline,20,0.0,0.0,0.0,0.0,0.0,0.0,0,20,0
k3_disassortative,1800,4.0,poisson_gaussian,km_classic_U,new_model_vs_classic_spectral_baseline,20,0.5970000000000001,0.5489166666666667,0.048083333333333325,0.01064470471485878,0.025803710313060363,0.07036295635360629,3,0,17
k3_disassortative,1800,6.0,poisson_gaussian,km_classic_U,new_model_vs_classic_spectral_baseline,20,0.4773611111111111,0.44497222222222216,0.03238888888888891,0.01932511840661008,-0.008059048790434759,0.07283682656821258,9,0,11
k3_disassortative,1800,12.0,poisson_gaussian,km_classic_U,new_model_vs_classic_spectral_baseline,20,0.22549999999999998,0.38225,-0.15675,0.008156035467977427,-0.17382077842308408,-0.13967922157691592,20,0,0
k3_disassortative,1800,24.0,poisson_gaussian,km_classic_U,new_model_vs_classic_spectral_baseline,20,0.06530555555555553,0.3424722222222222,-0.2771666666666667,0.00461406936741911,-0.2868240248413834,-0.2675093084919499,20,0,0
k3_disassortative,1800,64.0,poisson_gaussian,km_classic_U,new_model_vs_classic_spectral_baseline,20,0.0044444444444444505,0.3291388888888888,-0.3246944444444444,0.0036018718961944147,-0.3322332489640766,-0.3171556399248122,20,0,0
k3_disassortative,1800,96.0,poisson_gaussian,km_classic_U,new_model_vs_classic_spectral_baseline,20,0.0006666666666666488,0.3166388888888889,-0.31597222222222227,0.003936606783698455,-0.32421163491325006,-0.3077328095311945,20,0,0
k3_equal_degree,1800,4.0,poisson_gaussian,km_classic_U,new_model_vs_classic_spectral_baseline,20,0.6238888888888887,0.5723888888888891,0.05149999999999999,0.008978902786903319,0.032706940484817544,0.07029305951518244,3,0,17
k3_equal_degree,1800,6.0,poisson_gaussian,km_classic_U,new_model_vs_classic_spectral_baseline,20,0.4487222222222223,0.45044444444444454,-0.001722222222222214,0.006734414538865761,-0.015817513844425292,0.012373069399980863,9,0,11
k3_equal_degree,1800,12.0,poisson_gaussian,km_classic_U,new_model_vs_classic_spectral_baseline,20,0.20869444444444443,0.18680555555555553,0.021888888888888874,0.014878782465017946,-0.009252760710702239,0.05303053848847999,11,0,9
k3_equal_degree,1800,24.0,poisson_gaussian,km_classic_U,new_model_vs_classic_spectral_baseline,20,0.02425,0.03458333333333333,-0.010333333333333328,0.0009024909575862875,-0.012222268616447417,-0.008444398050219239,20,0,0
k3_equal_degree,1800,64.0,poisson_gaussian,km_classic_U,new_model_vs_classic_spectral_baseline,20,0.0002499999999999947,0.0007499999999999784,-0.0004999999999999837,0.00013306503219862547,-0.000778508313192323,-0.00022149168680764454,11,8,1
k3_equal_degree,1800,96.0,poisson_gaussian,km_classic_U,new_model_vs_classic_spectral_baseline,20,0.0,0.0,0.0,0.0,0.0,0.0,0,20,0
k3_heterogeneous,1800,4.0,poisson_gaussian,km_classic_U,new_model_vs_classic_spectral_baseline,20,0.42030555555555554,0.5738888888888888,-0.15358333333333335,0.006625907933666079,-0.1674515180207913,-0.1397151486458754,20,0,0
k3_heterogeneous,1800,6.0,poisson_gaussian,km_classic_U,new_model_vs_classic_spectral_baseline,20,0.3458333333333333,0.5678333333333334,-0.22200000000000003,0.006747006170717966,-0.23612164621055404,-0.20787835378944602,20,0,0
k3_heterogeneous,1800,12.0,poisson_gaussian,km_classic_U,new_model_vs_classic_spectral_baseline,20,0.18750000000000003,0.51,-0.32249999999999995,0.0028472311367710927,-0.32845932325772215,-0.31654067674227776,20,0,0
k3_heterogeneous,1800,24.0,poisson_gaussian,km_classic_U,new_model_vs_classic_spectral_baseline,20,0.07519444444444448,0.4948055555555556,-0.41961111111111105,0.0022491424977774586,-0.42431862046075125,-0.41490360176147084,20,0,0
k3_heterogeneous,1800,64.0,poisson_gaussian,km_classic_U,new_model_vs_classic_spectral_baseline,20,0.006777777777777788,0.4923333333333334,-0.4855555555555555,0.001357241785076591,-0.4883962952593689,-0.48271481585174214,20,0,0
k3_heterogeneous,1800,96.0,poisson_gaussian,km_classic_U,new_model_vs_classic_spectral_baseline,20,0.0005277777777777714,0.010388888888888882,-0.009861111111111109,0.0006909267631759351,-0.011307237446272813,-0.008414984775949404,20,0,0
k4_equal_degree,1800,4.0,poisson_gaussian,km_classic_U,new_model_vs_classic_spectral_baseline,20,0.7228888888888889,0.7170833333333334,0.0058055555555555525,0.0020816172269181037,0.0014486806275452431,0.010162430483565861,5,1,14
k4_equal_degree,1800,6.0,poisson_gaussian,km_classic_U,new_model_vs_classic_spectral_baseline,20,0.6804722222222221,0.6667500000000001,0.013722222222222224,0.00787894728161109,-0.00276860396160474,0.030213048406049187,7,1,12
k4_equal_degree,1800,12.0,poisson_gaussian,km_classic_U,new_model_vs_classic_spectral_baseline,20,0.5185277777777777,0.4521944444444445,0.06633333333333333,0.010629045497462807,0.044086485431743344,0.08858018123492331,3,0,17
k4_equal_degree,1800,24.0,poisson_gaussian,km_classic_U,new_model_vs_classic_spectral_baseline,20,0.12841666666666668,0.10191666666666666,0.026500000000000013,0.02824562447785939,-0.03261877146394382,0.08561877146394385,8,0,12
k4_equal_degree,1800,64.0,poisson_gaussian,km_classic_U,new_model_vs_classic_spectral_baseline,20,0.0016944444444444372,0.008027777777777773,-0.006333333333333335,0.0034671951913797304,-0.01359025627021993,0.0009235896035532602,7,10,3
k4_equal_degree,1800,96.0,poisson_gaussian,km_classic_U,new_model_vs_classic_spectral_baseline,20,5.555555555555314e-05,0.02155555555555556,-0.02150000000000001,0.0019712438888011318,-0.025625860876366154,-0.017374139123633864,18,2,0
k4_hierarchical,1800,4.0,poisson_gaussian,km_classic_U,new_model_vs_classic_spectral_baseline,20,0.5759444444444444,0.6705555555555553,-0.09461111111111106,0.005522430485441782,-0.10616969095593846,-0.08305253126628366,20,0,0
k4_hierarchical,1800,6.0,poisson_gaussian,km_classic_U,new_model_vs_classic_spectral_baseline,20,0.502,0.641361111111111,-0.1393611111111111,0.005952114934183777,-0.15181903084296067,-0.12690319137926154,20,0,0
k4_hierarchical,1800,12.0,poisson_gaussian,km_classic_U,new_model_vs_classic_spectral_baseline,20,0.4095,0.5655555555555555,-0.15605555555555556,0.005282761574267035,-0.16711250260420038,-0.14499860850691074,20,0,0
k4_hierarchical,1800,24.0,poisson_gaussian,km_classic_U,new_model_vs_classic_spectral_baseline,20,0.28594444444444445,0.4813888888888889,-0.1954444444444444,0.007528114944651352,-0.21120097010795036,-0.17968791878093843,20,0,0
k4_hierarchical,1800,64.0,poisson_gaussian,km_classic_U,new_model_vs_classic_spectral_baseline,20,0.05622222222222223,0.38872222222222225,-0.3325,0.0022875982848678785,-0.3372879982370517,-0.32771200176294835,20,0,0
k4_hierarchical,1800,96.0,poisson_gaussian,km_classic_U,new_model_vs_classic_spectral_baseline,20,0.021972222222222226,0.37494444444444447,-0.3529722222222222,0.0016072624933554313,-0.3563362612825634,-0.34960818316188097,20,0,0
k2_symmetric,1800,4.0,gmm_full_spec,km_classic_U,gmm_vs_classic_spectral_baseline,20,0.473,0.4009444444444445,0.07205555555555554,0.013447011740767366,0.043910636522218494,0.10020047458889259,3,0,17
k2_symmetric,1800,6.0,gmm_full_spec,km_classic_U,gmm_vs_classic_spectral_baseline,20,0.3274722222222222,0.15552777777777776,0.17194444444444446,0.031842527478284886,0.10529726847923665,0.23859162040965226,0,0,20
k2_symmetric,1800,12.0,gmm_full_spec,km_classic_U,gmm_vs_classic_spectral_baseline,20,0.02950000000000001,0.02819444444444445,0.0013055555555555598,0.0006035887368257243,4.222981040939277e-05,0.002568881300701727,6,1,13
k2_symmetric,1800,24.0,gmm_full_spec,km_classic_U,gmm_vs_classic_spectral_baseline,20,0.0013611111111111018,0.0012499999999999844,0.00011111111111111738,9.537723058655052e-05,-8.851572674938076e-05,0.00031073794897161554,3,11,6
k2_symmetric,1800,64.0,gmm_full_spec,km_classic_U,gmm_vs_classic_spectral_baseline,20,0.0,0.0,0.0,0.0,0.0,0.0,0,20,0
k2_symmetric,1800,96.0,gmm_full_spec,km_classic_U,gmm_vs_classic_spectral_baseline,20,0.0,0.0,0.0,0.0,0.0,0.0,0,20,0
k3_disassortative,1800,4.0,gmm_full_spec,km_classic_U,gmm_vs_classic_spectral_baseline,20,0.5790555555555554,0.5489166666666667,0.030138888888888892,0.010387854891158527,0.008396858727991091,0.05188091904978669,5,0,15
k3_disassortative,1800,6.0,gmm_full_spec,km_classic_U,gmm_vs_classic_spectral_baseline,20,0.5510277777777778,0.44497222222222216,0.10605555555555557,0.009090718513567422,0.08702846303480401,0.12508264807630712,0,0,20
k3_disassortative,1800,12.0,gmm_full_spec,km_classic_U,gmm_vs_classic_spectral_baseline,20,0.28494444444444444,0.38225,-0.09730555555555555,0.014572546832403251,-0.12780624660976717,-0.06680486450134393,17,0,3
k3_disassortative,1800,24.0,gmm_full_spec,km_classic_U,gmm_vs_classic_spectral_baseline,20,0.09519444444444443,0.3424722222222222,-0.2472777777777778,0.0040748958058409316,-0.25580663271861037,-0.23874892283694518,20,0,0
k3_disassortative,1800,64.0,gmm_full_spec,km_classic_U,gmm_vs_classic_spectral_baseline,20,0.00899999999999999,0.3291388888888888,-0.32013888888888886,0.0034651975725813996,-0.327391630761579,-0.3128861470161987,20,0,0
k3_disassortative,1800,96.0,gmm_full_spec,km_classic_U,gmm_vs_classic_spectral_baseline,20,0.0013333333333333253,0.3166388888888889,-0.3153055555555556,0.0039499128143625694,-0.3235728180888321,-0.30703829302227914,20,0,0
k3_equal_degree,1800,4.0,gmm_full_spec,km_classic_U,gmm_vs_classic_spectral_baseline,20,0.6385833333333334,0.5723888888888891,0.06619444444444443,0.007559411103473545,0.05037241516771304,0.08201647372117582,0,0,20
k3_equal_degree,1800,6.0,gmm_full_spec,km_classic_U,gmm_vs_classic_spectral_baseline,20,0.5658333333333334,0.45044444444444454,0.1153888888888889,0.01707088287802414,0.07965912039519744,0.15111865738258035,2,0,18
k3_equal_degree,1800,12.0,gmm_full_spec,km_classic_U,gmm_vs_classic_spectral_baseline,20,0.29883333333333334,0.18680555555555553,0.11202777777777777,0.012948721465432168,0.08492579227679503,0.1391297632787605,1,0,19
k3_equal_degree,1800,24.0,gmm_full_spec,km_classic_U,gmm_vs_classic_spectral_baseline,20,0.026555555555555548,0.03458333333333333,-0.008027777777777778,0.0013087865953533965,-0.01076709960393959,-0.005288455951615966,18,0,2
k3_equal_degree,1800,64.0,gmm_full_spec,km_classic_U,gmm_vs_classic_spectral_baseline,20,0.0002777777777777712,0.0007499999999999784,-0.0004722222222222072,0.000129193781345701,-0.0007426279142587269,-0.00020181653018568757,11,8,1
k3_equal_degree,1800,96.0,gmm_full_spec,km_classic_U,gmm_vs_classic_spectral_baseline,20,0.0,0.0,0.0,0.0,0.0,0.0,0,20,0
k3_heterogeneous,1800,4.0,gmm_full_spec,km_classic_U,gmm_vs_classic_spectral_baseline,20,0.4184166666666666,0.5738888888888888,-0.15547222222222223,0.005179568717447951,-0.16631318413930157,-0.1446312603051429,20,0,0
k3_heterogeneous,1800,6.0,gmm_full_spec,km_classic_U,gmm_vs_classic_spectral_baseline,20,0.35513888888888895,0.5678333333333334,-0.21269444444444446,0.0073919853468754305,-0.2281660475852885,-0.19722284130360043,20,0,0
k3_heterogeneous,1800,12.0,gmm_full_spec,km_classic_U,gmm_vs_classic_spectral_baseline,20,0.23705555555555557,0.51,-0.27294444444444443,0.018923089952048878,-0.3125509268978149,-0.23333796199107396,20,0,0
k3_heterogeneous,1800,24.0,gmm_full_spec,km_classic_U,gmm_vs_classic_spectral_baseline,20,0.13822222222222222,0.4948055555555556,-0.3565833333333333,0.019589818925224062,-0.3975852955653304,-0.3155813711013362,20,0,0
k3_heterogeneous,1800,64.0,gmm_full_spec,km_classic_U,gmm_vs_classic_spectral_baseline,20,0.05958333333333332,0.4923333333333334,-0.4327500000000001,0.02465303331553583,-0.48434939174354597,-0.3811506082564542,20,0,0
k3_heterogeneous,1800,96.0,gmm_full_spec,km_classic_U,gmm_vs_classic_spectral_baseline,20,0.0009444444444444311,0.010388888888888882,-0.00944444444444445,0.000623088369582754,-0.010748583390003208,-0.008140305498885692,20,0,0
k4_equal_degree,1800,4.0,gmm_full_spec,km_classic_U,gmm_vs_classic_spectral_baseline,20,0.7262777777777778,0.7170833333333334,0.009194444444444432,0.002334681801939888,0.004307899273594912,0.014080989615293953,4,0,16
k4_equal_degree,1800,6.0,gmm_full_spec,km_classic_U,gmm_vs_classic_spectral_baseline,20,0.7208333333333332,0.6667500000000001,0.05408333333333335,0.0049476261200217765,0.04372783285190893,0.06443883381475778,0,0,20
k4_equal_degree,1800,12.0,gmm_full_spec,km_classic_U,gmm_vs_classic_spectral_baseline,20,0.5825555555555556,0.4521944444444445,0.1303611111111111,0.010104656621830065,0.10921182174008456,0.15151040048213762,0,0,20
k4_equal_degree,1800,24.0,gmm_full_spec,km_classic_U,gmm_vs_classic_spectral_baseline,20,0.19336111111111112,0.10191666666666666,0.09144444444444447,0.023356449145774606,0.042558834556773825,0.1403300543321151,2,0,18
k4_equal_degree,1800,64.0,gmm_full_spec,km_classic_U,gmm_vs_classic_spectral_baseline,20,0.0017499999999999905,0.008027777777777773,-0.006277777777777782,0.003492333569718569,-0.013587315945216383,0.0010317603896608189,7,8,5
k4_equal_degree,1800,96.0,gmm_full_spec,km_classic_U,gmm_vs_classic_spectral_baseline,20,2.777777777777657e-05,0.02155555555555556,-0.021527777777777785,0.0019826550513469513,-0.025677522491841093,-0.017378033063714476,18,2,0
k4_hierarchical,1800,4.0,gmm_full_spec,km_classic_U,gmm_vs_classic_spectral_baseline,20,0.5750277777777776,0.6705555555555553,-0.09552777777777777,0.00423587263253563,-0.10439356108908468,-0.08666199446647085,20,0,0
k4_hierarchical,1800,6.0,gmm_full_spec,km_classic_U,gmm_vs_classic_spectral_baseline,20,0.5233055555555557,0.641361111111111,-0.11805555555555558,0.006058452013981625,-0.13073604135329758,-0.10537506975781358,20,0,0
k4_hierarchical,1800,12.0,gmm_full_spec,km_classic_U,gmm_vs_classic_spectral_baseline,20,0.4140833333333333,0.5655555555555555,-0.15147222222222223,0.005491335694191607,-0.1629657199209962,-0.13997872452344826,20,0,0
k4_hierarchical,1800,24.0,gmm_full_spec,km_classic_U,gmm_vs_classic_spectral_baseline,20,0.36350000000000005,0.4813888888888889,-0.11788888888888885,0.01109813569859395,-0.14111755386513355,-0.09466022391264414,20,0,0
k4_hierarchical,1800,64.0,gmm_full_spec,km_classic_U,gmm_vs_classic_spectral_baseline,20,0.2694444444444445,0.38872222222222225,-0.11927777777777777,0.021010884737509065,-0.16325406493778466,-0.07530149061777089,19,0,1
k4_hierarchical,1800,96.0,gmm_full_spec,km_classic_U,gmm_vs_classic_spectral_baseline,20,0.20822222222222217,0.37494444444444447,-0.1667222222222222,0.02652799286523746,-0.22224594940433617,-0.1111984950401082,20,0,0
k2_symmetric,1800,4.0,spectral_bernoulli_surrogate,km_neighbor_degree,low_rank_likelihood_surrogate,20,0.4960555555555556,0.47088888888888886,0.02516666666666667,0.004666092278769903,0.015400423287112384,0.034932910046220955,0,0,20
k2_symmetric,1800,6.0,spectral_bernoulli_surrogate,km_neighbor_degree,low_rank_likelihood_surrogate,20,0.4967777777777778,0.4735555555555556,0.023222222222222227,0.004454046644790564,0.013899795455218956,0.0325446489892255,1,0,19
k2_symmetric,1800,12.0,spectral_bernoulli_surrogate,km_neighbor_degree,low_rank_likelihood_surrogate,20,0.028388888888888873,0.051916666666666667,-0.023527777777777793,0.023090784576507456,-0.07185734533156826,0.024801789776012682,10,6,4
k2_symmetric,1800,24.0,spectral_bernoulli_surrogate,km_neighbor_degree,low_rank_likelihood_surrogate,20,0.0012222222222222079,0.024222222222222207,-0.023,0.022883167967270693,-0.07089502099656325,0.024895020996563245,5,14,1
k2_symmetric,1800,64.0,spectral_bernoulli_surrogate,km_neighbor_degree,low_rank_likelihood_surrogate,20,0.0,0.0,0.0,0.0,0.0,0.0,0,20,0
k2_symmetric,1800,96.0,spectral_bernoulli_surrogate,km_neighbor_degree,low_rank_likelihood_surrogate,20,0.0,0.0,0.0,0.0,0.0,0.0,0,20,0
k3_disassortative,1800,4.0,spectral_bernoulli_surrogate,km_neighbor_degree,low_rank_likelihood_surrogate,20,0.5770000000000001,0.5008055555555554,0.07619444444444447,0.013056474709463365,0.04886692881176391,0.10352196007712502,1,0,19
k3_disassortative,1800,6.0,spectral_bernoulli_surrogate,km_neighbor_degree,low_rank_likelihood_surrogate,20,0.49372222222222223,0.4047777777777778,0.08894444444444446,0.010448122097325614,0.06707627357134696,0.11081261531754197,0,0,20
k3_disassortative,1800,12.0,spectral_bernoulli_surrogate,km_neighbor_degree,low_rank_likelihood_surrogate,20,0.33744444444444444,0.31752777777777774,0.019916666666666655,0.019271253551606148,-0.020418530575446566,0.060251863908779874,13,0,7
k3_disassortative,1800,24.0,spectral_bernoulli_surrogate,km_neighbor_degree,low_rank_likelihood_surrogate,20,0.15219444444444444,0.20244444444444443,-0.05025,0.04154566201378602,-0.13720606995117168,0.03670606995117166,15,0,5
k3_disassortative,1800,64.0,spectral_bernoulli_surrogate,km_neighbor_degree,low_rank_likelihood_surrogate,20,0.006722222222222213,0.04036111111111111,-0.0336388888888889,0.0011891286581199047,-0.036127763774120136,-0.031150014003657665,20,0,0
k3_disassortative,1800,96.0,spectral_bernoulli_surrogate,km_neighbor_degree,low_rank_likelihood_surrogate,20,0.0011388888888888837,0.01933333333333333,-0.018194444444444447,0.0009813688375537755,-0.02024847302769122,-0.016140415861197674,20,0,0
k3_equal_degree,1800,4.0,spectral_bernoulli_surrogate,km_neighbor_degree,low_rank_likelihood_surrogate,20,0.6317222222222222,0.5435555555555557,0.08816666666666668,0.014963573921674649,0.056847546508684774,0.1194857868246486,2,0,18
k3_equal_degree,1800,6.0,spectral_bernoulli_surrogate,km_neighbor_degree,low_rank_likelihood_surrogate,20,0.4793611111111112,0.4542222222222222,0.02513888888888887,0.02026501140227912,-0.01727626743893998,0.06755404521671772,12,0,8
k3_equal_degree,1800,12.0,spectral_bernoulli_surrogate,km_neighbor_degree,low_rank_likelihood_surrogate,20,0.36777777777777776,0.2669166666666667,0.10086111111111111,0.021735924508288568,0.055367298270460046,0.14635492395176217,4,0,16
k3_equal_degree,1800,24.0,spectral_bernoulli_surrogate,km_neighbor_degree,low_rank_likelihood_surrogate,20,0.023111111111111103,0.03474999999999999,-0.011638888888888888,0.0006677318488452647,-0.01303646771041656,-0.010241310067361216,20,0,0
k3_equal_degree,1800,64.0,spectral_bernoulli_surrogate,km_neighbor_degree,low_rank_likelihood_surrogate,20,0.0002222222222222181,0.0006944444444444198,-0.0004722222222222017,0.00010096191035449589,-0.0006835379291731769,-0.0002609065152712265,12,8,0
k3_equal_degree,1800,96.0,spectral_bernoulli_surrogate,km_neighbor_degree,low_rank_likelihood_surrogate,20,0.0,0.0,0.0,0.0,0.0,0.0,0,20,0
k3_heterogeneous,1800,4.0,spectral_bernoulli_surrogate,km_neighbor_degree,low_rank_likelihood_surrogate,20,0.5256666666666666,0.4926666666666667,0.03300000000000002,0.010277848901287023,0.011488215022032275,0.05451178497796777,4,0,16
k3_heterogeneous,1800,6.0,spectral_bernoulli_surrogate,km_neighbor_degree,low_rank_likelihood_surrogate,20,0.4721388888888889,0.4372222222222222,0.034916666666666665,0.019535263054258834,-0.0059711088150909974,0.07580444214842433,9,0,11
k3_heterogeneous,1800,12.0,spectral_bernoulli_surrogate,km_neighbor_degree,low_rank_likelihood_surrogate,20,0.38669444444444445,0.19927777777777778,0.18741666666666662,0.031066992396580655,0.12239270428250328,0.25244062905083,1,1,18
k3_heterogeneous,1800,24.0,spectral_bernoulli_surrogate,km_neighbor_degree,low_rank_likelihood_surrogate,20,0.1250277777777778,0.10049999999999999,0.024527777777777766,0.002088939824562517,0.020155576476756948,0.028899979078798585,0,0,20
k3_heterogeneous,1800,64.0,spectral_bernoulli_surrogate,km_neighbor_degree,low_rank_likelihood_surrogate,20,0.04538888888888888,0.014222222222222225,0.03116666666666666,0.0014786217525788981,0.028071875771147656,0.03426145756218566,0,0,20
k3_heterogeneous,1800,96.0,spectral_bernoulli_surrogate,km_neighbor_degree,low_rank_likelihood_surrogate,20,0.0009444444444444311,0.0021666666666666666,-0.0012222222222222356,0.00022656573833696857,-0.0016964297624662895,-0.0007480146819781817,16,3,1
k4_equal_degree,1800,4.0,spectral_bernoulli_surrogate,km_neighbor_degree,low_rank_likelihood_surrogate,20,0.72375,0.7057500000000001,0.01800000000000001,0.004870879908714667,0.007805131184926064,0.028194868815073954,4,0,16
k4_equal_degree,1800,6.0,spectral_bernoulli_surrogate,km_neighbor_degree,low_rank_likelihood_surrogate,20,0.7186666666666668,0.6575277777777778,0.061138888888888895,0.009804329562374025,0.040618191277493575,0.08165958650028421,0,0,20
k4_equal_degree,1800,12.0,spectral_bernoulli_surrogate,km_neighbor_degree,low_rank_likelihood_surrogate,20,0.46691666666666676,0.5293333333333333,-0.06241666666666666,0.020780821734998987,-0.10591142642839055,-0.018921906904942776,13,0,7
k4_equal_degree,1800,24.0,spectral_bernoulli_surrogate,km_neighbor_degree,low_rank_likelihood_surrogate,20,0.23119444444444448,0.33725000000000005,-0.10605555555555557,0.01769731884261071,-0.1430964695916732,-0.06901464151943795,19,0,1
k4_equal_degree,1800,64.0,spectral_bernoulli_surrogate,km_neighbor_degree,low_rank_likelihood_surrogate,20,0.00183333333333332,0.01880555555555557,-0.01697222222222225,0.010465177489944274,-0.03887609044232798,0.004931645997883483,11,6,3
k4_equal_degree,1800,96.0,spectral_bernoulli_surrogate,km_neighbor_degree,low_rank_likelihood_surrogate,20,5.555555555555314e-05,0.022361111111111102,-0.02230555555555555,0.0020780244248014704,-0.026654910662313017,-0.017956200448798084,20,0,0
k4_hierarchical,1800,4.0,spectral_bernoulli_surrogate,km_neighbor_degree,low_rank_likelihood_surrogate,20,0.6592777777777779,0.6132777777777778,0.046000000000000006,0.006234219845018573,0.032951627903906495,0.05904837209609352,0,1,19
k4_hierarchical,1800,6.0,spectral_bernoulli_surrogate,km_neighbor_degree,low_rank_likelihood_surrogate,20,0.6046388888888888,0.5554166666666667,0.049222222222222216,0.007457634295924405,0.03361321425187207,0.06483123019257236,1,0,19
k4_hierarchical,1800,12.0,spectral_bernoulli_surrogate,km_neighbor_degree,low_rank_likelihood_surrogate,20,0.39588888888888885,0.4456666666666667,-0.04977777777777777,0.004534969891501941,-0.05926957884670877,-0.04028597670884677,20,0,0
k4_hierarchical,1800,24.0,spectral_bernoulli_surrogate,km_neighbor_degree,low_rank_likelihood_surrogate,20,0.3975277777777777,0.272,0.12552777777777774,0.006790333854321994,0.11131544568321872,0.13974010987233676,0,0,20
k4_hierarchical,1800,64.0,spectral_bernoulli_surrogate,km_neighbor_degree,low_rank_likelihood_surrogate,20,0.09161111111111113,0.07444444444444445,0.017166666666666663,0.0020050699222501963,0.012970007088626405,0.021363326244706923,1,0,19
k4_hierarchical,1800,96.0,spectral_bernoulli_surrogate,km_neighbor_degree,low_rank_likelihood_surrogate,20,0.054888888888888876,0.03130555555555556,0.023583333333333317,0.0013199098902041064,0.020820730183484692,0.026345936483181943,0,0,20
k2_symmetric,1800,4.0,raw_bernoulli_vem,km_neighbor_degree,raw_adjacency_extra_information,20,0.4966666666666667,0.47088888888888886,0.02577777777777779,0.0045132466929585155,0.016331443885936867,0.03522411166961871,0,0,20
k2_symmetric,1800,6.0,raw_bernoulli_vem,km_neighbor_degree,raw_adjacency_extra_information,20,0.19555555555555557,0.4735555555555556,-0.27799999999999997,0.03581106565925848,-0.3529534218388233,-0.20304657816117663,16,0,4
k2_symmetric,1800,12.0,raw_bernoulli_vem,km_neighbor_degree,raw_adjacency_extra_information,20,0.015805555555555562,0.051916666666666667,-0.03611111111111111,0.02321128621311875,-0.08469289148892459,0.012470669266702379,20,0,0
k2_symmetric,1800,24.0,raw_bernoulli_vem,km_neighbor_degree,raw_adjacency_extra_information,20,0.0005555555555555369,0.024222222222222207,-0.02366666666666667,0.02293634721118018,-0.07167299309992772,0.024339659766594378,14,5,1
k2_symmetric,1800,64.0,raw_bernoulli_vem,km_neighbor_degree,raw_adjacency_extra_information,20,0.0,0.0,0.0,0.0,0.0,0.0,0,20,0
k2_symmetric,1800,96.0,raw_bernoulli_vem,km_neighbor_degree,raw_adjacency_extra_information,20,0.0,0.0,0.0,0.0,0.0,0.0,0,20,0
k3_disassortative,1800,4.0,raw_bernoulli_vem,km_neighbor_degree,raw_adjacency_extra_information,20,0.5846666666666668,0.5008055555555554,0.08386111111111114,0.01210365636495475,0.05852786719296861,0.10919435502925366,1,0,19
k3_disassortative,1800,6.0,raw_bernoulli_vem,km_neighbor_degree,raw_adjacency_extra_information,20,0.30216666666666664,0.4047777777777778,-0.10261111111111113,0.006149943078602067,-0.11548308990786714,-0.08973913231435511,20,0,0
k3_disassortative,1800,12.0,raw_bernoulli_vem,km_neighbor_degree,raw_adjacency_extra_information,20,0.14155555555555557,0.31752777777777774,-0.17597222222222222,0.002851898527503405,-0.1819413144410185,-0.17000313000342596,20,0,0
k3_disassortative,1800,24.0,raw_bernoulli_vem,km_neighbor_degree,raw_adjacency_extra_information,20,0.04680555555555556,0.20244444444444443,-0.15563888888888888,0.021228064587259426,-0.20006973869855604,-0.11120803907922172,20,0,0
k3_disassortative,1800,64.0,raw_bernoulli_vem,km_neighbor_degree,raw_adjacency_extra_information,20,0.0030277777777777738,0.04036111111111111,-0.03733333333333334,0.0011734002284669723,-0.03978928823696292,-0.034877378429703766,20,0,0
k3_disassortative,1800,96.0,raw_bernoulli_vem,km_neighbor_degree,raw_adjacency_extra_information,20,0.0004722222222222072,0.01933333333333333,-0.018861111111111124,0.0009203805679519452,-0.020787489779044526,-0.01693473244317772,20,0,0
k3_equal_degree,1800,4.0,raw_bernoulli_vem,km_neighbor_degree,raw_adjacency_extra_information,20,0.6640555555555554,0.5435555555555557,0.12050000000000002,0.010263891361805206,0.09901742848790807,0.14198257151209198,0,0,20
k3_equal_degree,1800,6.0,raw_bernoulli_vem,km_neighbor_degree,raw_adjacency_extra_information,20,0.38458333333333333,0.4542222222222222,-0.06963888888888892,0.004384885100994993,-0.07881655888108804,-0.06046121889668979,20,0,0
k3_equal_degree,1800,12.0,raw_bernoulli_vem,km_neighbor_degree,raw_adjacency_extra_information,20,0.10116666666666667,0.2669166666666667,-0.16575,0.0191493173024888,-0.2058299817396063,-0.12567001826039373,20,0,0
k3_equal_degree,1800,24.0,raw_bernoulli_vem,km_neighbor_degree,raw_adjacency_extra_information,20,0.012999999999999994,0.03474999999999999,-0.02175,0.0008242930694404048,-0.023475265222220824,-0.020024734777779173,20,0,0
k3_equal_degree,1800,64.0,raw_bernoulli_vem,km_neighbor_degree,raw_adjacency_extra_information,20,0.00013888888888888284,0.0006944444444444198,-0.0005555555555555369,0.00010663498554859613,-0.0007787451453502309,-0.00033236596576084287,15,4,1
k3_equal_degree,1800,96.0,raw_bernoulli_vem,km_neighbor_degree,raw_adjacency_extra_information,20,0.0,0.0,0.0,0.0,0.0,0.0,0,20,0
k3_heterogeneous,1800,4.0,raw_bernoulli_vem,km_neighbor_degree,raw_adjacency_extra_information,20,0.4229166666666666,0.4926666666666667,-0.06974999999999995,0.008616483421309851,-0.08778450706521188,-0.05171549293478803,19,0,1
k3_heterogeneous,1800,6.0,raw_bernoulli_vem,km_neighbor_degree,raw_adjacency_extra_information,20,0.3153055555555555,0.4372222222222222,-0.12191666666666665,0.013139643043029954,-0.14941825562206712,-0.09441507771126617,19,0,1
k3_heterogeneous,1800,12.0,raw_bernoulli_vem,km_neighbor_degree,raw_adjacency_extra_information,20,0.16669444444444442,0.19927777777777778,-0.032583333333333346,0.004020794510917627,-0.04099895296251683,-0.024167713704149864,20,0,0
k3_heterogeneous,1800,24.0,raw_bernoulli_vem,km_neighbor_degree,raw_adjacency_extra_information,20,0.04902777777777779,0.10049999999999999,-0.05147222222222222,0.002011288399668405,-0.05568189722308058,-0.04726254722136385,20,0,0
k3_heterogeneous,1800,64.0,raw_bernoulli_vem,km_neighbor_degree,raw_adjacency_extra_information,20,0.003416666666666679,0.014222222222222225,-0.010805555555555546,0.0006365964465322539,-0.012137967231098406,-0.009473143880012686,20,0,0
k3_heterogeneous,1800,96.0,raw_bernoulli_vem,km_neighbor_degree,raw_adjacency_extra_information,20,0.0002499999999999891,0.0021666666666666666,-0.0019166666666666776,0.00026878725545300395,-0.002479244857848206,-0.0013540884754851493,19,1,0
k4_equal_degree,1800,4.0,raw_bernoulli_vem,km_neighbor_degree,raw_adjacency_extra_information,20,0.7470277777777777,0.7057500000000001,0.04127777777777778,0.003924875268584231,0.03306291943007872,0.049492636125476844,0,0,20
k4_equal_degree,1800,6.0,raw_bernoulli_vem,km_neighbor_degree,raw_adjacency_extra_information,20,0.7441388888888889,0.6575277777777778,0.08661111111111108,0.006724275941658788,0.07253703981674016,0.10068518240548201,0,0,20
k4_equal_degree,1800,12.0,raw_bernoulli_vem,km_neighbor_degree,raw_adjacency_extra_information,20,0.5212777777777777,0.5293333333333333,-0.008055555555555548,0.01002518757754249,-0.02903851430530734,0.012927403194196243,9,0,11
k4_equal_degree,1800,24.0,raw_bernoulli_vem,km_neighbor_degree,raw_adjacency_extra_information,20,0.05358333333333335,0.33725000000000005,-0.2836666666666666,0.015741546820319034,-0.316614102815189,-0.25071923051814426,20,0,0
k4_equal_degree,1800,64.0,raw_bernoulli_vem,km_neighbor_degree,raw_adjacency_extra_information,20,0.000916666666666649,0.01880555555555557,-0.01788888888888892,0.010492083714056417,-0.03984907248327467,0.004071294705496831,17,3,0
k4_equal_degree,1800,96.0,raw_bernoulli_vem,km_neighbor_degree,raw_adjacency_extra_information,20,0.0,0.022361111111111102,-0.022361111111111102,0.002082163414199473,-0.02671912922223953,-0.018003092999982675,20,0,0
k4_hierarchical,1800,4.0,raw_bernoulli_vem,km_neighbor_degree,raw_adjacency_extra_information,20,0.5486944444444444,0.6132777777777778,-0.06458333333333333,0.006033111338575789,-0.07721078048789597,-0.051955886178770685,19,0,1
k4_hierarchical,1800,6.0,raw_bernoulli_vem,km_neighbor_degree,raw_adjacency_extra_information,20,0.5046666666666666,0.5554166666666667,-0.05075,0.00952385560243657,-0.07068365886661108,-0.030816341133388925,18,0,2
k4_hierarchical,1800,12.0,raw_bernoulli_vem,km_neighbor_degree,raw_adjacency_extra_information,20,0.4270555555555555,0.4456666666666667,-0.018611111111111116,0.009088270114340522,-0.03763307907338598,0.00041085685116374823,13,0,7
k4_hierarchical,1800,24.0,raw_bernoulli_vem,km_neighbor_degree,raw_adjacency_extra_information,20,0.2441111111111111,0.272,-0.02788888888888888,0.011678607089364646,-0.05233249444891249,-0.0034452833288652687,15,0,5
k4_hierarchical,1800,64.0,raw_bernoulli_vem,km_neighbor_degree,raw_adjacency_extra_information,20,0.0295,0.07444444444444445,-0.04494444444444445,0.001973632228035395,-0.04907530417227799,-0.0408135847166109,20,0,0
k4_hierarchical,1800,96.0,raw_bernoulli_vem,km_neighbor_degree,raw_adjacency_extra_information,20,0.009166666666666662,0.03130555555555556,-0.022138888888888895,0.0010496719683146878,-0.024335877567809652,-0.01994190020996814,20,0,0
