model,n,degree_target,method,stage,repetitions,error_mean,error_sd,ari_mean,seconds_mean,cap_mean,isolates_mean
k2_symmetric,1200,6.0,edge_only_oracle,reference,3,0.03944444444444447,0.003757708127352387,0.8483568609289702,0.0,0.013888888888888888,0.0016666666666666668
k2_symmetric,1200,6.0,gmm_full_neighbor_degree,decoded,3,0.16472222222222221,0.03584625090164526,0.4526231500121829,0.15584606466776071,0.013888888888888888,0.0016666666666666668
k2_symmetric,1200,6.0,gmm_full_neighbor_degree,initial,3,0.17194444444444446,0.036097219550254314,0.43349197787885463,0.15553524399971744,0.013888888888888888,0.0016666666666666668
k2_symmetric,1200,6.0,gmm_full_spec,decoded,3,0.30972222222222223,0.11697677040684108,0.18074890194489632,0.07370220133452676,0.013888888888888888,0.0016666666666666668
k2_symmetric,1200,6.0,gmm_full_spec,initial,3,0.37666666666666665,0.1478268506658306,0.11846991568726963,0.07334628900086197,0.013888888888888888,0.0016666666666666668
k2_symmetric,1200,6.0,gmm_full_spec_degree,decoded,3,0.31444444444444447,0.1205321917964627,0.17582195993684258,0.09369391932947717,0.013888888888888888,0.0016666666666666668
k2_symmetric,1200,6.0,gmm_full_spec_degree,initial,3,0.38472222222222224,0.1506751779798493,0.11299842747243034,0.0933673113322584,0.013888888888888888,0.0016666666666666668
k2_symmetric,1200,6.0,gmm_tied_spec,decoded,3,0.39361111111111113,0.022520566731899217,0.04630564502970256,0.08953767666389467,0.013888888888888888,0.0016666666666666668
k2_symmetric,1200,6.0,gmm_tied_spec,initial,3,0.42138888888888887,0.013393959390267994,0.024930864695843463,0.08923894033068791,0.013888888888888888,0.0016666666666666668
k2_symmetric,1200,6.0,km_ASE,decoded,3,0.19166666666666668,0.03209144918994953,0.38254034075623017,0.008975652332689302,0.013888888888888888,0.0016666666666666668
k2_symmetric,1200,6.0,km_ASE,initial,3,0.2019444444444444,0.02887152255796038,0.35707716391196204,0.008665976667543873,0.013888888888888888,0.0016666666666666668
k2_symmetric,1200,6.0,km_RRE,decoded,3,0.2061111111111111,0.03293863542564723,0.3478825610492408,0.007930233996982375,0.013888888888888888,0.0016666666666666668
k2_symmetric,1200,6.0,km_RRE,initial,3,0.22,0.032532035493238534,0.315920747847751,0.007649774997844361,0.013888888888888888,0.0016666666666666668
k2_symmetric,1200,6.0,km_classic_U,decoded,3,0.18444444444444444,0.03128424050066913,0.40043689883035727,0.012339399002181986,0.013888888888888888,0.0016666666666666668
k2_symmetric,1200,6.0,km_classic_U,initial,3,0.19500000000000003,0.03028796974231043,0.3740587485394886,0.011238062334693192,0.013888888888888888,0.0016666666666666668
k2_symmetric,1200,6.0,km_neighbor_degree,decoded,3,0.3925,0.11772437206363756,0.08243486789692991,0.008641503663966432,0.013888888888888888,0.0016666666666666668
k2_symmetric,1200,6.0,km_neighbor_degree,initial,3,0.4677777777777778,0.0353291402124103,0.006658415999107614,0.008344536331909088,0.013888888888888888,0.0016666666666666668
k2_symmetric,1200,6.0,km_spec,decoded,3,0.27805555555555556,0.02128401417165618,0.19773779063542254,0.008017675000398109,0.013888888888888888,0.0016666666666666668
k2_symmetric,1200,6.0,km_spec,initial,3,0.33166666666666667,0.012829003598617215,0.11324080752982381,0.007749615334129582,0.013888888888888888,0.0016666666666666668
k2_symmetric,1200,6.0,km_spec_degree,decoded,3,0.43583333333333335,0.06466258578188779,0.02686679140963565,0.008226512337084083,0.013888888888888888,0.0016666666666666668
k2_symmetric,1200,6.0,km_spec_degree,initial,3,0.4786111111111111,0.018111025903003404,0.001930808793252611,0.007916559666531006,0.013888888888888888,0.0016666666666666668
k2_symmetric,1200,6.0,poisson_gaussian,decoded,3,0.27944444444444444,0.11243619589859905,0.22768774113598045,0.10036126599879935,0.013888888888888888,0.0016666666666666668
k2_symmetric,1200,6.0,poisson_gaussian,initial,3,0.3680555555555555,0.15533640316470623,0.13329389771036845,0.10003817333442082,0.013888888888888888,0.0016666666666666668
k2_symmetric,1200,6.0,raw_bernoulli_vem,initial,3,0.2563888888888889,0.21123041219729,0.3561134657585249,0.08534485566390988,0.013888888888888888,0.0016666666666666668
k2_symmetric,1200,6.0,spectral_bernoulli_surrogate,decoded,3,0.4988888888888889,0.0009622504486494026,-7.686265196383498e-05,0.09222997033308881,0.013888888888888888,0.0016666666666666668
k2_symmetric,1200,6.0,spectral_bernoulli_surrogate,initial,3,0.49638888888888894,0.004882887730901916,-2.43565741496152e-05,0.09209138500106444,0.013888888888888888,0.0016666666666666668
k2_symmetric,1200,24.0,edge_only_oracle,reference,3,0.0011111111111110998,0.0012729376930432578,0.9955611126671897,0.0,0.0,0.0
k2_symmetric,1200,24.0,gmm_full_neighbor_degree,decoded,3,0.0022222222222221997,0.0012729376930432576,0.991127785558119,0.10680027066943391,0.0,0.0
k2_symmetric,1200,24.0,gmm_full_neighbor_degree,initial,3,0.0024999999999999836,0.0016666666666666496,0.9900240873390963,0.10647290166768168,0.0,0.0
k2_symmetric,1200,24.0,gmm_full_spec,decoded,3,0.0022222222222221997,0.0012729376930432576,0.991127785558119,0.04104140966470974,0.0,0.0
k2_symmetric,1200,24.0,gmm_full_spec,initial,3,0.0024999999999999836,0.0016666666666666496,0.9900240873390963,0.04071683799944973,0.0,0.0
k2_symmetric,1200,24.0,gmm_full_spec_degree,decoded,3,0.0022222222222221997,0.0012729376930432576,0.991127785558119,0.061405031997613456,0.0,0.0
k2_symmetric,1200,24.0,gmm_full_spec_degree,initial,3,0.0024999999999999836,0.0016666666666666496,0.9900240873390963,0.06105984233242149,0.0,0.0
k2_symmetric,1200,24.0,gmm_tied_spec,decoded,3,0.0022222222222221997,0.0012729376930432576,0.991127785558119,0.04942526966866959,0.0,0.0
k2_symmetric,1200,24.0,gmm_tied_spec,initial,3,0.0022222222222221997,0.0012729376930432576,0.991127785558119,0.049127985667534325,0.0,0.0
k2_symmetric,1200,24.0,km_ASE,decoded,3,0.0022222222222221997,0.0012729376930432576,0.991127785558119,0.00693665199893682,0.0,0.0
k2_symmetric,1200,24.0,km_ASE,initial,3,0.0022222222222221997,0.0012729376930432576,0.991127785558119,0.006649963999128279,0.0,0.0
k2_symmetric,1200,24.0,km_RRE,decoded,3,0.0022222222222221997,0.0012729376930432576,0.991127785558119,0.006719225006236229,0.0,0.0
k2_symmetric,1200,24.0,km_RRE,initial,3,0.0022222222222221997,0.0012729376930432576,0.991127785558119,0.00645331133758494,0.0,0.0
k2_symmetric,1200,24.0,km_classic_U,decoded,3,0.0022222222222221997,0.0012729376930432576,0.991127785558119,0.00909514900073797,0.0,0.0
k2_symmetric,1200,24.0,km_classic_U,initial,3,0.0022222222222221997,0.0012729376930432576,0.991127785558119,0.008612262332462706,0.0,0.0
k2_symmetric,1200,24.0,km_neighbor_degree,decoded,3,0.0022222222222221997,0.0012729376930432576,0.991127785558119,0.008576422000866538,0.0,0.0
k2_symmetric,1200,24.0,km_neighbor_degree,initial,3,0.0024999999999999836,0.0014433756729740337,0.9900222338593127,0.008264473001569664,0.0,0.0
k2_symmetric,1200,24.0,km_spec,decoded,3,0.0022222222222221997,0.0012729376930432576,0.991127785558119,0.007633953997962332,0.0,0.0
k2_symmetric,1200,24.0,km_spec,initial,3,0.0038888888888888675,0.004194352464039292,0.9845389585810619,0.007357444665103685,0.0,0.0
k2_symmetric,1200,24.0,km_spec_degree,decoded,3,0.22444444444444445,0.17927580655184575,0.3889269396487667,0.008952384334406815,0.0,0.0
k2_symmetric,1200,24.0,km_spec_degree,initial,3,0.4563888888888889,0.04027969344103435,0.011113293806578587,0.008617657333767662,0.0,0.0
k2_symmetric,1200,24.0,poisson_gaussian,decoded,3,0.0022222222222221997,0.0012729376930432576,0.991127785558119,0.07369710333296098,0.0,0.0
k2_symmetric,1200,24.0,poisson_gaussian,initial,3,0.0024999999999999836,0.0016666666666666496,0.9900240873390963,0.07337076900148531,0.0,0.0
k2_symmetric,1200,24.0,raw_bernoulli_vem,initial,3,0.0011111111111110998,0.0012729376930432578,0.9955611126671897,0.05975949999750204,0.0,0.0
k2_symmetric,1200,24.0,spectral_bernoulli_surrogate,decoded,3,0.0022222222222221997,0.0012729376930432576,0.991127785558119,0.05774847466576224,0.0,0.0
k2_symmetric,1200,24.0,spectral_bernoulli_surrogate,initial,3,0.0022222222222221997,0.0012729376930432576,0.991127785558119,0.057441599332378246,0.0,0.0
k2_symmetric,1200,96.0,edge_only_oracle,reference,3,0.0,0.0,1.0,0.0,0.0,0.0
k2_symmetric,1200,96.0,gmm_full_neighbor_degree,decoded,3,0.0,0.0,1.0,0.06896733499646264,0.0,0.0
k2_symmetric,1200,96.0,gmm_full_neighbor_degree,initial,3,0.0,0.0,1.0,0.06864232299509847,0.0,0.0
k2_symmetric,1200,96.0,gmm_full_spec,decoded,3,0.0,0.0,1.0,0.021272274333265766,0.0,0.0
k2_symmetric,1200,96.0,gmm_full_spec,initial,3,0.0,0.0,1.0,0.02093849233400154,0.0,0.0
k2_symmetric,1200,96.0,gmm_full_spec_degree,decoded,3,0.0,0.0,1.0,0.030175014335933763,0.0,0.0
k2_symmetric,1200,96.0,gmm_full_spec_degree,initial,3,0.0,0.0,1.0,0.029836608334638488,0.0,0.0
k2_symmetric,1200,96.0,gmm_tied_spec,decoded,3,0.0,0.0,1.0,0.022424862002177786,0.0,0.0
k2_symmetric,1200,96.0,gmm_tied_spec,initial,3,0.0,0.0,1.0,0.02210434300165313,0.0,0.0
k2_symmetric,1200,96.0,km_ASE,decoded,3,0.0,0.0,1.0,0.006481339999785026,0.0,0.0
k2_symmetric,1200,96.0,km_ASE,initial,3,0.0,0.0,1.0,0.006186546665655139,0.0,0.0
k2_symmetric,1200,96.0,km_RRE,decoded,3,0.0,0.0,1.0,0.006687083334933656,0.0,0.0
k2_symmetric,1200,96.0,km_RRE,initial,3,0.0,0.0,1.0,0.006388193333502083,0.0,0.0
k2_symmetric,1200,96.0,km_classic_U,decoded,3,0.0,0.0,1.0,0.0068890640007642405,0.0,0.0
k2_symmetric,1200,96.0,km_classic_U,initial,3,0.0,0.0,1.0,0.006556657332112081,0.0,0.0
k2_symmetric,1200,96.0,km_neighbor_degree,decoded,3,0.0,0.0,1.0,0.009523818999393066,0.0,0.0
k2_symmetric,1200,96.0,km_neighbor_degree,initial,3,0.0,0.0,1.0,0.009206184331560507,0.0,0.0
k2_symmetric,1200,96.0,km_spec,decoded,3,0.0,0.0,1.0,0.006723244997071258,0.0,0.0
k2_symmetric,1200,96.0,km_spec,initial,3,0.0,0.0,1.0,0.006447436331654899,0.0,0.0
k2_symmetric,1200,96.0,km_spec_degree,decoded,3,0.002500000000000021,0.0036324157862839142,0.9900518894917741,0.008314315331517719,0.0,0.0
k2_symmetric,1200,96.0,km_spec_degree,initial,3,0.4594444444444445,0.007742977702647984,0.005912268467001348,0.007994580334828546,0.0,0.0
k2_symmetric,1200,96.0,poisson_gaussian,decoded,3,0.0,0.0,1.0,0.050864101336628664,0.0,0.0
k2_symmetric,1200,96.0,poisson_gaussian,initial,3,0.0,0.0,1.0,0.050553317004717734,0.0,0.0
k2_symmetric,1200,96.0,raw_bernoulli_vem,initial,3,0.0,0.0,1.0,0.09854658933424314,0.0,0.0
k2_symmetric,1200,96.0,spectral_bernoulli_surrogate,decoded,3,0.0,0.0,1.0,0.042607144998328295,0.0,0.0
k2_symmetric,1200,96.0,spectral_bernoulli_surrogate,initial,3,0.0,0.0,1.0,0.04221403033443494,0.0,0.0
k3_heterogeneous,1200,6.0,edge_only_oracle,reference,3,0.17055555555555557,0.017085027016313065,0.5861753395637902,0.0,0.04138888888888889,0.007777777777777778
k3_heterogeneous,1200,6.0,gmm_full_neighbor_degree,decoded,3,0.5702777777777778,0.07688525601565363,0.07278557831752942,0.3997498436704821,0.04138888888888889,0.007777777777777778
k3_heterogeneous,1200,6.0,gmm_full_neighbor_degree,initial,3,0.34944444444444445,0.0326421393180542,0.3104384574214765,0.3993625810010902,0.04138888888888889,0.007777777777777778
k3_heterogeneous,1200,6.0,gmm_full_spec,decoded,3,0.6186111111111111,0.032019236116457864,0.007451517620227136,0.33758384732936975,0.04138888888888889,0.007777777777777778
k3_heterogeneous,1200,6.0,gmm_full_spec,initial,3,0.3383333333333334,0.016414763002993528,0.28945866921197355,0.3371511399988473,0.04138888888888889,0.007777777777777778
k3_heterogeneous,1200,6.0,gmm_full_spec_degree,decoded,3,0.6188888888888888,0.05329642820357906,0.01073732462234133,0.28409403633122565,0.04138888888888889,0.007777777777777778
k3_heterogeneous,1200,6.0,gmm_full_spec_degree,initial,3,0.3336111111111111,0.015840641588203593,0.29439554301109583,0.2837198363316323,0.04138888888888889,0.007777777777777778
k3_heterogeneous,1200,6.0,gmm_tied_spec,decoded,3,0.5308333333333333,0.015898986690282446,0.15340317393928812,0.09190001033372634,0.04138888888888889,0.007777777777777778
k3_heterogeneous,1200,6.0,gmm_tied_spec,initial,3,0.5636111111111112,0.013237502841604278,0.10314214618733365,0.09155361233327615,0.04138888888888889,0.007777777777777778
k3_heterogeneous,1200,6.0,km_ASE,decoded,3,0.5347222222222222,0.008093779046851914,0.19340195504763927,0.009372209334590783,0.04138888888888889,0.007777777777777778
k3_heterogeneous,1200,6.0,km_ASE,initial,3,0.543888888888889,0.008347210667398148,0.17940121127725492,0.009053669998441668,0.04138888888888889,0.007777777777777778
k3_heterogeneous,1200,6.0,km_RRE,decoded,3,0.535,0.005833333333333288,0.1999689798683548,0.008956864333110085,0.04138888888888889,0.007777777777777778
k3_heterogeneous,1200,6.0,km_RRE,initial,3,0.5388888888888889,0.010183501544346343,0.1963539610792049,0.008636936334369238,0.04138888888888889,0.007777777777777778
k3_heterogeneous,1200,6.0,km_classic_U,decoded,3,0.5302777777777777,0.014051822077713034,0.19416415959089373,0.009825708000183416,0.04138888888888889,0.007777777777777778
k3_heterogeneous,1200,6.0,km_classic_U,initial,3,0.5458333333333333,0.008779711460710623,0.1642250298436577,0.009425409334653523,0.04138888888888889,0.007777777777777778
k3_heterogeneous,1200,6.0,km_neighbor_degree,decoded,3,0.5663888888888889,0.0864835137361344,0.039963443251447864,0.00982478000272143,0.04138888888888889,0.007777777777777778
k3_heterogeneous,1200,6.0,km_neighbor_degree,initial,3,0.33416666666666667,0.02966245288426283,0.3167918731032841,0.009469502333862087,0.04138888888888889,0.007777777777777778
k3_heterogeneous,1200,6.0,km_spec,decoded,3,0.535,0.0036324157862839593,0.19775734727728447,0.009242507000938835,0.04138888888888889,0.007777777777777778
k3_heterogeneous,1200,6.0,km_spec,initial,3,0.5347222222222222,0.0074690720331937605,0.20472318949431415,0.008931766002206132,0.04138888888888889,0.007777777777777778
k3_heterogeneous,1200,6.0,km_spec_degree,decoded,3,0.47222222222222215,0.06231825426642514,0.16582970590968046,0.009653735998047827,0.04138888888888889,0.007777777777777778
k3_heterogeneous,1200,6.0,km_spec_degree,initial,3,0.43555555555555553,0.07284083358279912,0.20717363361933047,0.009298808998816336,0.04138888888888889,0.007777777777777778
k3_heterogeneous,1200,6.0,poisson_gaussian,decoded,3,0.6052777777777778,0.06419552020830438,0.023013276107256838,0.30012363000181114,0.04138888888888889,0.007777777777777778
k3_heterogeneous,1200,6.0,poisson_gaussian,initial,3,0.3213888888888889,0.01559766126818492,0.3378410608412917,0.29972823566640727,0.04138888888888889,0.007777777777777778
k3_heterogeneous,1200,6.0,raw_bernoulli_vem,initial,3,0.31166666666666665,0.03906013881752657,0.4403923484243271,0.17181579733248023,0.04138888888888889,0.007777777777777778
k3_heterogeneous,1200,6.0,spectral_bernoulli_surrogate,decoded,3,0.5472222222222222,0.09349069076255273,0.07783740287693777,0.18344060866365908,0.04138888888888889,0.007777777777777778
k3_heterogeneous,1200,6.0,spectral_bernoulli_surrogate,initial,3,0.44472222222222224,0.03057701266807642,0.15346543008733796,0.1831878449981256,0.04138888888888889,0.007777777777777778
k3_heterogeneous,1200,24.0,edge_only_oracle,reference,3,0.03666666666666666,0.00877971146071059,0.8960157371684291,0.0,0.0025,0.0
k3_heterogeneous,1200,24.0,gmm_full_neighbor_degree,decoded,3,0.5980555555555556,0.011912100912439804,0.017913001206170693,0.24921060933411354,0.0025,0.0
k3_heterogeneous,1200,24.0,gmm_full_neighbor_degree,initial,3,0.24305555555555555,0.08506669496690575,0.5660617341712384,0.2488333916674795,0.0025,0.0
k3_heterogeneous,1200,24.0,gmm_full_spec,decoded,3,0.4777777777777778,0.026011927463576574,0.22777457465522996,0.13460987500002375,0.0025,0.0
k3_heterogeneous,1200,24.0,gmm_full_spec,initial,3,0.22388888888888892,0.2095801579171859,0.6406625087663217,0.13423692733582962,0.0025,0.0
k3_heterogeneous,1200,24.0,gmm_full_spec_degree,decoded,3,0.48361111111111105,0.01900901345658402,0.21941954059756275,0.14114956566966916,0.0025,0.0
k3_heterogeneous,1200,24.0,gmm_full_spec_degree,initial,3,0.22138888888888889,0.20377740670025585,0.640540703389176,0.1408001699989351,0.0025,0.0
k3_heterogeneous,1200,24.0,gmm_tied_spec,decoded,3,0.4666666666666666,0.018390063742261577,0.44906072295922334,0.09151627000392182,0.0025,0.0
k3_heterogeneous,1200,24.0,gmm_tied_spec,initial,3,0.4405555555555556,0.014101155718330047,0.4538042720747635,0.09107542033598293,0.0025,0.0
k3_heterogeneous,1200,24.0,km_ASE,decoded,3,0.49472222222222223,0.0031549490810001144,0.4428786477487368,0.008320971329036789,0.0025,0.0
k3_heterogeneous,1200,24.0,km_ASE,initial,3,0.4930555555555555,0.005912165737164629,0.43740386190594993,0.00798709533167615,0.0025,0.0
k3_heterogeneous,1200,24.0,km_RRE,decoded,3,0.4886111111111111,0.006684005230842188,0.4434892534002708,0.007964134667417966,0.0025,0.0
k3_heterogeneous,1200,24.0,km_RRE,initial,3,0.48333333333333334,0.00794949334514123,0.4378658439159817,0.007653457001045656,0.0025,0.0
k3_heterogeneous,1200,24.0,km_classic_U,decoded,3,0.49444444444444446,0.0020971762320196497,0.44287678306917133,0.009311444666915728,0.0025,0.0
k3_heterogeneous,1200,24.0,km_classic_U,initial,3,0.49444444444444446,0.003938179688543869,0.42856873359677367,0.008939261332367701,0.0025,0.0
k3_heterogeneous,1200,24.0,km_neighbor_degree,decoded,3,0.5583333333333333,0.06385204251496836,0.0434602541027479,0.009014220663326947,0.0025,0.0
k3_heterogeneous,1200,24.0,km_neighbor_degree,initial,3,0.10000000000000002,0.003004626062886667,0.7423520875594177,0.008607305331679527,0.0025,0.0
k3_heterogeneous,1200,24.0,km_spec,decoded,3,0.49499999999999994,0.0036324157862838765,0.4428753496246573,0.008535216671589296,0.0025,0.0
k3_heterogeneous,1200,24.0,km_spec,initial,3,0.49361111111111117,0.006684005230842188,0.4365784378762516,0.008231676668704798,0.0025,0.0
k3_heterogeneous,1200,24.0,km_spec_degree,decoded,3,0.4886111111111111,0.006684005230842188,0.4434892534002708,0.008998049665630484,0.0025,0.0
k3_heterogeneous,1200,24.0,km_spec_degree,initial,3,0.4863888888888889,0.009141379262169088,0.4262693041884232,0.008649451667830968,0.0025,0.0
k3_heterogeneous,1200,24.0,poisson_gaussian,decoded,3,0.5944444444444444,0.060244486454348205,0.02387037368674272,0.1403599476640617,0.0025,0.0
k3_heterogeneous,1200,24.0,poisson_gaussian,initial,3,0.07250000000000001,0.011023963796102421,0.8059631832161886,0.13995335933335204,0.0025,0.0
k3_heterogeneous,1200,24.0,raw_bernoulli_vem,initial,3,0.04416666666666669,0.008819171036881984,0.8762289558181058,0.11145251533404614,0.0025,0.0
k3_heterogeneous,1200,24.0,spectral_bernoulli_surrogate,decoded,3,0.6083333333333333,0.06785912695512007,0.023134656398325515,0.1470950659980493,0.0025,0.0
k3_heterogeneous,1200,24.0,spectral_bernoulli_surrogate,initial,3,0.13166666666666668,0.00803637563416075,0.6836813095337977,0.1467054096647189,0.0025,0.0
k3_heterogeneous,1200,96.0,edge_only_oracle,reference,3,0.0,0.0,1.0,0.0,0.0,0.0
k3_heterogeneous,1200,96.0,gmm_full_neighbor_degree,decoded,3,0.001666666666666668,0.0008333333333332972,0.9950062569654551,0.07052407399654233,0.0,0.0
k3_heterogeneous,1200,96.0,gmm_full_neighbor_degree,initial,3,0.0008333333333333526,0.0008333333333333526,0.9975010407989755,0.07012906299739068,0.0,0.0
k3_heterogeneous,1200,96.0,gmm_full_spec,decoded,3,0.001666666666666668,0.0008333333333332972,0.9950062569654551,0.05677250100416131,0.0,0.0
k3_heterogeneous,1200,96.0,gmm_full_spec,initial,3,0.0016666666666666312,0.0014433756729740337,0.9950104741207156,0.05642043466650648,0.0,0.0
k3_heterogeneous,1200,96.0,gmm_full_spec_degree,decoded,3,0.001666666666666668,0.0008333333333332972,0.9950062569654551,0.03505585500291394,0.0,0.0
k3_heterogeneous,1200,96.0,gmm_full_spec_degree,initial,3,0.0016666666666666312,0.0014433756729740337,0.9950104741207156,0.034715199333732016,0.0,0.0
k3_heterogeneous,1200,96.0,gmm_tied_spec,decoded,3,0.001666666666666668,0.0008333333333332972,0.9950062569654551,0.029477575337902334,0.0,0.0
k3_heterogeneous,1200,96.0,gmm_tied_spec,initial,3,0.0019444444444444524,0.00048112522432463515,0.9941746815048024,0.02914189000148326,0.0,0.0
k3_heterogeneous,1200,96.0,km_ASE,decoded,3,0.001666666666666668,0.0008333333333332972,0.9950062569654551,0.007448332003453591,0.0,0.0
k3_heterogeneous,1200,96.0,km_ASE,initial,3,0.00694444444444442,0.0009622504486493344,0.9793526189149543,0.007124017002449061,0.0,0.0
k3_heterogeneous,1200,96.0,km_RRE,decoded,3,0.001666666666666668,0.0008333333333332972,0.9950062569654551,0.007564455670944881,0.0,0.0
k3_heterogeneous,1200,96.0,km_RRE,initial,3,0.0019444444444444524,0.0012729376930432578,0.9941788464123139,0.007239423667973218,0.0,0.0
k3_heterogeneous,1200,96.0,km_classic_U,decoded,3,0.001666666666666668,0.0008333333333332972,0.9950062569654551,0.008353453670376135,0.0,0.0
k3_heterogeneous,1200,96.0,km_classic_U,initial,3,0.010277777777777755,0.0020971762320196423,0.9696058520069024,0.007992634333883567,0.0,0.0
k3_heterogeneous,1200,96.0,km_neighbor_degree,decoded,3,0.001666666666666668,0.0008333333333332972,0.9950062569654551,0.011451286334098162,0.0,0.0
k3_heterogeneous,1200,96.0,km_neighbor_degree,initial,3,0.003333333333333336,0.0014433756729740337,0.9900398596156066,0.011061917333184587,0.0,0.0
k3_heterogeneous,1200,96.0,km_spec,decoded,3,0.001666666666666668,0.0008333333333332972,0.9950062569654551,0.007445063332852442,0.0,0.0
k3_heterogeneous,1200,96.0,km_spec,initial,3,0.008333333333333304,0.0008333333333333526,0.9752740939481715,0.0071252023335546255,0.0,0.0
k3_heterogeneous,1200,96.0,km_spec_degree,decoded,3,0.001666666666666668,0.0008333333333332972,0.9950062569654551,0.007736154334755459,0.0,0.0
k3_heterogeneous,1200,96.0,km_spec_degree,initial,3,0.004166666666666652,0.0014433756729740977,0.9875638204566842,0.007420623000750008,0.0,0.0
k3_heterogeneous,1200,96.0,poisson_gaussian,decoded,3,0.001666666666666668,0.0008333333333332972,0.9950062569654551,0.052812903333688155,0.0,0.0
k3_heterogeneous,1200,96.0,poisson_gaussian,initial,3,0.001388888888888884,0.00127293769304327,0.9958399592825801,0.052484008665487636,0.0,0.0
k3_heterogeneous,1200,96.0,raw_bernoulli_vem,initial,3,0.0,0.0,1.0,0.08163996466707128,0.0,0.0
k3_heterogeneous,1200,96.0,spectral_bernoulli_surrogate,decoded,3,0.001666666666666668,0.0008333333333332972,0.9950062569654551,0.028385581002415467,0.0,0.0
k3_heterogeneous,1200,96.0,spectral_bernoulli_surrogate,initial,3,0.001666666666666668,0.0008333333333332971,0.9950062639388636,0.028053588001057506,0.0,0.0
k4_hierarchical,1200,6.0,edge_only_oracle,reference,3,0.2827777777777778,0.009366508500048583,0.43555869865407687,0.0,0.03222222222222222,0.004722222222222222
k4_hierarchical,1200,6.0,gmm_full_neighbor_degree,decoded,3,0.6952777777777778,0.05220374968794366,0.017876325411788806,0.4644662066663538,0.03222222222222222,0.004722222222222222
k4_hierarchical,1200,6.0,gmm_full_neighbor_degree,initial,3,0.5263888888888889,0.00384900179459745,0.19571181302058438,0.464024528664595,0.03222222222222222,0.004722222222222222
k4_hierarchical,1200,6.0,gmm_full_spec,decoded,3,0.7097222222222221,0.03490396878632907,0.011174436213711171,0.3874357136664912,0.03222222222222222,0.004722222222222222
k4_hierarchical,1200,6.0,gmm_full_spec,initial,3,0.5175,0.014743171677461713,0.1842400397076183,0.3869059806650815,0.03222222222222222,0.004722222222222222
k4_hierarchical,1200,6.0,gmm_full_spec_degree,decoded,3,0.7033333333333335,0.029615592739861443,0.010242680592306165,0.4485317503325253,0.03222222222222222,0.004722222222222222
k4_hierarchical,1200,6.0,gmm_full_spec_degree,initial,3,0.5091666666666667,0.012990381056766575,0.19490321945334318,0.44811769400015083,0.03222222222222222,0.004722222222222222
k4_hierarchical,1200,6.0,gmm_tied_spec,decoded,3,0.6444444444444445,0.022381374531648457,0.043330259844922205,0.18117276533060553,0.03222222222222222,0.004722222222222222
k4_hierarchical,1200,6.0,gmm_tied_spec,initial,3,0.6938888888888889,0.006735753140545669,0.02832432970049113,0.18076465466583613,0.03222222222222222,0.004722222222222222
k4_hierarchical,1200,6.0,km_ASE,decoded,3,0.6375000000000001,0.03253203549323851,0.11377247150961323,0.009863500667658323,0.03222222222222222,0.004722222222222222
k4_hierarchical,1200,6.0,km_ASE,initial,3,0.6427777777777778,0.010419444074172793,0.09868966117397247,0.009504974666924682,0.03222222222222222,0.004722222222222222
k4_hierarchical,1200,6.0,km_RRE,decoded,3,0.6475,0.05678908345800278,0.08519862903237192,0.010052144668103816,0.03222222222222222,0.004722222222222222
k4_hierarchical,1200,6.0,km_RRE,initial,3,0.6386111111111111,0.01185366016297328,0.10899897549238698,0.00972570366866421,0.03222222222222222,0.004722222222222222
k4_hierarchical,1200,6.0,km_classic_U,decoded,3,0.6591666666666667,0.055845769759221675,0.0538371357903936,0.0110176373370147,0.03222222222222222,0.004722222222222222
k4_hierarchical,1200,6.0,km_classic_U,initial,3,0.6458333333333334,0.013017082793177766,0.09252560801750527,0.010637305002698364,0.03222222222222222,0.004722222222222222
k4_hierarchical,1200,6.0,km_neighbor_degree,decoded,3,0.6516666666666667,0.03499999999999995,0.06982072565116877,0.01142490000105075,0.03222222222222222,0.004722222222222222
k4_hierarchical,1200,6.0,km_neighbor_degree,initial,3,0.5961111111111111,0.015485955405295914,0.20571745520753926,0.011076559334469493,0.03222222222222222,0.004722222222222222
k4_hierarchical,1200,6.0,km_spec,decoded,3,0.6369444444444444,0.030003857776650718,0.1169060875646508,0.010479136668436695,0.03222222222222222,0.004722222222222222
k4_hierarchical,1200,6.0,km_spec,initial,3,0.6338888888888888,0.009179284245476826,0.11838279170803519,0.01014223333428769,0.03222222222222222,0.004722222222222222
k4_hierarchical,1200,6.0,km_spec_degree,decoded,3,0.6316666666666667,0.04041451884327382,0.06683685752953238,0.01136225866745614,0.03222222222222222,0.004722222222222222
k4_hierarchical,1200,6.0,km_spec_degree,initial,3,0.6191666666666666,0.006666666666666668,0.1102452050268133,0.011015420001058374,0.03222222222222222,0.004722222222222222
k4_hierarchical,1200,6.0,poisson_gaussian,decoded,3,0.6947222222222221,0.023955011847056017,0.017180244442594337,0.3748274806663782,0.03222222222222222,0.004722222222222222
k4_hierarchical,1200,6.0,poisson_gaussian,initial,3,0.513888888888889,0.040245197551085875,0.20009368112491396,0.3744721899978079,0.03222222222222222,0.004722222222222222
k4_hierarchical,1200,6.0,raw_bernoulli_vem,initial,3,0.4955555555555556,0.020367003088692562,0.38631162901340227,0.15763817632978316,0.03222222222222222,0.004722222222222222
k4_hierarchical,1200,6.0,spectral_bernoulli_surrogate,decoded,3,0.6772222222222223,0.015642120250334565,0.02517863767730834,0.27899847866744193,0.03222222222222222,0.004722222222222222
k4_hierarchical,1200,6.0,spectral_bernoulli_surrogate,initial,3,0.6338888888888888,0.020418083851041224,0.08655131033874752,0.2785949950023981,0.03222222222222222,0.004722222222222222
k4_hierarchical,1200,24.0,edge_only_oracle,reference,3,0.10777777777777779,0.021895162665487276,0.7488280078962634,0.0,0.0005555555555555556,0.0
k4_hierarchical,1200,24.0,gmm_full_neighbor_degree,decoded,3,0.46722222222222226,0.11489226032018639,0.2715702294203491,0.35510141700069653,0.0005555555555555556,0.0
k4_hierarchical,1200,24.0,gmm_full_neighbor_degree,initial,3,0.36611111111111105,0.04379032533097456,0.42155750639160905,0.35473316000085714,0.0005555555555555556,0.0
k4_hierarchical,1200,24.0,gmm_full_spec,decoded,3,0.626388888888889,0.05096522053031559,0.10060544168177445,0.35077225166605785,0.0005555555555555556,0.0
k4_hierarchical,1200,24.0,gmm_full_spec,initial,3,0.3725,0.004330127018922169,0.4082469663366169,0.3503385593333708,0.0005555555555555556,0.0
k4_hierarchical,1200,24.0,gmm_full_spec_degree,decoded,3,0.6366666666666667,0.0379784295503529,0.09150844602633101,0.35777862366618746,0.0005555555555555556,0.0
k4_hierarchical,1200,24.0,gmm_full_spec_degree,initial,3,0.3499999999999999,0.014240006242195883,0.4335867658048427,0.3574074516654946,0.0005555555555555556,0.0
k4_hierarchical,1200,24.0,gmm_tied_spec,decoded,3,0.6188888888888889,0.1650448872725684,0.16372251287821857,0.15343093066379274,0.0005555555555555556,0.0
k4_hierarchical,1200,24.0,gmm_tied_spec,initial,3,0.3622222222222222,0.1100042086736954,0.49877488635359696,0.1530573016643757,0.0005555555555555556,0.0
k4_hierarchical,1200,24.0,km_ASE,decoded,3,0.48388888888888887,0.03778900976817549,0.4472662811447982,0.010282484334311448,0.0005555555555555556,0.0
k4_hierarchical,1200,24.0,km_ASE,initial,3,0.4855555555555555,0.03387408602019697,0.4404014192562095,0.009938640665495768,0.0005555555555555556,0.0
k4_hierarchical,1200,24.0,km_RRE,decoded,3,0.4797222222222222,0.0411664417447747,0.45048107121893133,0.009555871998600196,0.0005555555555555556,0.0
k4_hierarchical,1200,24.0,km_RRE,initial,3,0.4725,0.033819373146171776,0.4489588408409833,0.009241622331804441,0.0005555555555555556,0.0
k4_hierarchical,1200,24.0,km_classic_U,decoded,3,0.49222222222222217,0.03197582999241306,0.44076433033110324,0.01073913166571098,0.0005555555555555556,0.0
k4_hierarchical,1200,24.0,km_classic_U,initial,3,0.49638888888888894,0.03078073591881301,0.4283264388886665,0.010348707665495263,0.0005555555555555556,0.0
k4_hierarchical,1200,24.0,km_neighbor_degree,decoded,3,0.6005555555555556,0.012369691154562405,0.06733685154449066,0.010768725665305586,0.0005555555555555556,0.0
k4_hierarchical,1200,24.0,km_neighbor_degree,initial,3,0.2986111111111111,0.05604024678085618,0.43980295390364704,0.010440425333702782,0.0005555555555555556,0.0
k4_hierarchical,1200,24.0,km_spec,decoded,3,0.48305555555555557,0.03622205180600678,0.4453778018279732,0.009988455337103611,0.0005555555555555556,0.0
k4_hierarchical,1200,24.0,km_spec,initial,3,0.48194444444444445,0.03351340251523481,0.4369133362734905,0.009673084336100146,0.0005555555555555556,0.0
k4_hierarchical,1200,24.0,km_spec_degree,decoded,3,0.4716666666666667,0.05196152422706637,0.45972345950633464,0.010885661664360669,0.0005555555555555556,0.0
k4_hierarchical,1200,24.0,km_spec_degree,initial,3,0.47833333333333333,0.052500000000000005,0.4293822745127915,0.010497581330128014,0.0005555555555555556,0.0
k4_hierarchical,1200,24.0,poisson_gaussian,decoded,3,0.5850000000000001,0.05664828133119111,0.15393799971281874,0.2514659096705145,0.0005555555555555556,0.0
k4_hierarchical,1200,24.0,poisson_gaussian,initial,3,0.2683333333333333,0.04267936009100628,0.49779096972912534,0.2510258510010317,0.0005555555555555556,0.0
k4_hierarchical,1200,24.0,raw_bernoulli_vem,initial,3,0.23138888888888887,0.02657971936423486,0.5552788236413196,0.3193503443350589,0.0005555555555555556,0.0
k4_hierarchical,1200,24.0,spectral_bernoulli_surrogate,decoded,3,0.5661111111111111,0.04520273262798432,0.1363993538411067,0.3627883929996945,0.0005555555555555556,0.0
k4_hierarchical,1200,24.0,spectral_bernoulli_surrogate,initial,3,0.38138888888888883,0.006028481781725203,0.4111002245965305,0.36237436666851863,0.0005555555555555556,0.0
k4_hierarchical,1200,96.0,edge_only_oracle,reference,3,0.0047222222222222205,0.0009622504486493986,0.9874986021734636,0.0,0.0,0.0
k4_hierarchical,1200,96.0,gmm_full_neighbor_degree,decoded,3,0.4616666666666666,0.07044994282782951,0.2103752605123271,0.12198055000044405,0.0,0.0
k4_hierarchical,1200,96.0,gmm_full_neighbor_degree,initial,3,0.01833333333333335,0.0014433756729740341,0.9525029480364373,0.12159711666754447,0.0,0.0
k4_hierarchical,1200,96.0,gmm_full_spec,decoded,3,0.3247222222222222,0.04584343323062062,0.64710922330281,0.20089650266648582,0.0,0.0
k4_hierarchical,1200,96.0,gmm_full_spec,initial,3,0.315,0.03844187531556932,0.6519640926679439,0.20050265033448036,0.0,0.0
k4_hierarchical,1200,96.0,gmm_full_spec_degree,decoded,3,0.35055555555555556,0.12254628755124568,0.514233309436986,0.2185364050019416,0.0,0.0
k4_hierarchical,1200,96.0,gmm_full_spec_degree,initial,3,0.19833333333333336,0.12485269097798592,0.7490886324450484,0.21815060433436884,0.0,0.0
k4_hierarchical,1200,96.0,gmm_tied_spec,decoded,3,0.49833333333333335,0.13370780746754385,0.1831283957935493,0.1324992166676869,0.0,0.0
k4_hierarchical,1200,96.0,gmm_tied_spec,initial,3,0.046666666666666634,0.004166666666666652,0.8861968885277585,0.1321242623331879,0.0,0.0
k4_hierarchical,1200,96.0,km_ASE,decoded,3,0.37083333333333335,0.0008333333333333526,0.6261887454101766,0.008480970995151438,0.0,0.0
k4_hierarchical,1200,96.0,km_ASE,initial,3,0.3711111111111111,0.0017347216662218197,0.6237121917739431,0.008131338664194724,0.0,0.0
k4_hierarchical,1200,96.0,km_RRE,decoded,3,0.37166666666666665,0.0016666666666666566,0.6257012804510067,0.008377441998163704,0.0,0.0
k4_hierarchical,1200,96.0,km_RRE,initial,3,0.37027777777777776,0.0009622504486494026,0.6263162193581174,0.008042992332775611,0.0,0.0
k4_hierarchical,1200,96.0,km_classic_U,decoded,3,0.3719444444444444,0.0033678765702728434,0.6271113822508435,0.009834433670524353,0.0,0.0
k4_hierarchical,1200,96.0,km_classic_U,initial,3,0.38388888888888895,0.007087417123429482,0.6055211919039697,0.009481606335612014,0.0,0.0
k4_hierarchical,1200,96.0,km_neighbor_degree,decoded,3,0.4816666666666667,0.020966242709015207,0.18270093678935115,0.008875570997285346,0.0,0.0
k4_hierarchical,1200,96.0,km_neighbor_degree,initial,3,0.029444444444444457,0.003154949081000122,0.9254822724744746,0.00852614233008353,0.0,0.0
k4_hierarchical,1200,96.0,km_spec,decoded,3,0.36972222222222223,0.0009622504486494026,0.6262592232201775,0.008991916336526629,0.0,0.0
k4_hierarchical,1200,96.0,km_spec,initial,3,0.3780555555555556,0.002926570486903549,0.613897666918781,0.008642037001360828,0.0,0.0
k4_hierarchical,1200,96.0,km_spec_degree,decoded,3,0.37027777777777776,0.00048112522432469527,0.6262174414093806,0.009431344333279412,0.0,0.0
k4_hierarchical,1200,96.0,km_spec_degree,initial,3,0.37083333333333335,0.004409585518440981,0.6237689652196442,0.009108729000824193,0.0,0.0
k4_hierarchical,1200,96.0,poisson_gaussian,decoded,3,0.5061111111111111,0.09150111312822214,0.1709130252663913,0.1270096169998093,0.0,0.0
k4_hierarchical,1200,96.0,poisson_gaussian,initial,3,0.01722222222222225,0.0017347216662217551,0.9553197124902523,0.126640348333846,0.0,0.0
k4_hierarchical,1200,96.0,raw_bernoulli_vem,initial,3,0.006666666666666672,0.0008333333333332972,0.9824178015254064,0.14604487800291585,0.0,0.0
k4_hierarchical,1200,96.0,spectral_bernoulli_surrogate,decoded,3,0.49833333333333335,0.20966242709015206,0.209634890484958,0.10511795100319432,0.0,0.0
k4_hierarchical,1200,96.0,spectral_bernoulli_surrogate,initial,3,0.04944444444444444,0.0012729376930432576,0.8802399489779719,0.10474776733462932,0.0,0.0
