graph,model,n,ch,seed,method,errors,error_rate,exact,converged,iterations,objective
disassortative3_n1000_ch0.8_s5000,disassortative3,1000,0.8,5000,gmm_direct_X,17,0.017,0,True,4,-3497.618008684779
disassortative3_n1000_ch0.8_s5000,disassortative3,1000,0.8,5000,km_X,15,0.015,0,,4,-88897.07445034813
disassortative3_n1000_ch0.8_s5000,disassortative3,1000,0.8,5000,soft_Ucal_Xinit_tau1,13,0.013,0,True,2,-9621.68517935997
disassortative3_n1000_ch0.8_s5001,disassortative3,1000,0.8,5001,gmm_direct_X,7,0.007,0,True,4,-3438.774521002065
disassortative3_n1000_ch0.8_s5001,disassortative3,1000,0.8,5001,km_X,6,0.006,0,,5,-91812.02225798625
disassortative3_n1000_ch0.8_s5001,disassortative3,1000,0.8,5001,soft_Ucal_Xinit_tau1,6,0.006,0,True,2,-9543.75184071064
disassortative3_n1000_ch0.8_s5002,disassortative3,1000,0.8,5002,gmm_direct_X,6,0.006,0,True,5,-3496.0151170582394
disassortative3_n1000_ch0.8_s5002,disassortative3,1000,0.8,5002,km_X,7,0.007,0,,4,-86917.39273633636
disassortative3_n1000_ch0.8_s5002,disassortative3,1000,0.8,5002,soft_Ucal_Xinit_tau1,7,0.007,0,True,2,-9537.330239596631
disassortative3_n1000_ch0.8_s5003,disassortative3,1000,0.8,5003,gmm_direct_X,7,0.007,0,True,3,-3368.9440793517406
disassortative3_n1000_ch0.8_s5003,disassortative3,1000,0.8,5003,km_X,9,0.009,0,,5,-79220.7821465952
disassortative3_n1000_ch0.8_s5003,disassortative3,1000,0.8,5003,soft_Ucal_Xinit_tau1,7,0.007,0,True,2,-8993.53015005878
disassortative3_n1000_ch0.8_s5004,disassortative3,1000,0.8,5004,gmm_direct_X,10,0.01,0,True,3,-3478.478535138737
disassortative3_n1000_ch0.8_s5004,disassortative3,1000,0.8,5004,km_X,10,0.01,0,,4,-87646.88881860097
disassortative3_n1000_ch0.8_s5004,disassortative3,1000,0.8,5004,soft_Ucal_Xinit_tau1,10,0.01,0,True,2,-9494.173419375473
disassortative3_n1000_ch0.8_s5005,disassortative3,1000,0.8,5005,gmm_direct_X,7,0.007,0,True,3,-3470.292496528297
disassortative3_n1000_ch0.8_s5005,disassortative3,1000,0.8,5005,km_X,7,0.007,0,,4,-89602.9664634904
disassortative3_n1000_ch0.8_s5005,disassortative3,1000,0.8,5005,soft_Ucal_Xinit_tau1,7,0.007,0,True,2,-9504.011959534437
disassortative3_n1000_ch0.8_s5006,disassortative3,1000,0.8,5006,gmm_direct_X,13,0.013,0,True,4,-3504.242185623827
disassortative3_n1000_ch0.8_s5006,disassortative3,1000,0.8,5006,km_X,7,0.007,0,,4,-91969.9521488752
disassortative3_n1000_ch0.8_s5006,disassortative3,1000,0.8,5006,soft_Ucal_Xinit_tau1,9,0.009,0,True,60,-9622.1583898091
disassortative3_n1000_ch0.8_s5007,disassortative3,1000,0.8,5007,gmm_direct_X,7,0.007,0,True,5,-3460.766112627624
disassortative3_n1000_ch0.8_s5007,disassortative3,1000,0.8,5007,km_X,5,0.005,0,,5,-82006.68054927517
disassortative3_n1000_ch0.8_s5007,disassortative3,1000,0.8,5007,soft_Ucal_Xinit_tau1,5,0.005,0,True,2,-9331.783237160718
disassortative3_n1000_ch0.8_s5008,disassortative3,1000,0.8,5008,gmm_direct_X,7,0.007,0,True,4,-3383.7242647575044
disassortative3_n1000_ch0.8_s5008,disassortative3,1000,0.8,5008,km_X,6,0.006,0,,4,-86572.23637277535
disassortative3_n1000_ch0.8_s5008,disassortative3,1000,0.8,5008,soft_Ucal_Xinit_tau1,6,0.006,0,True,2,-9288.925957370582
disassortative3_n1000_ch0.8_s5009,disassortative3,1000,0.8,5009,gmm_direct_X,7,0.007,0,True,4,-3502.3983570601868
disassortative3_n1000_ch0.8_s5009,disassortative3,1000,0.8,5009,km_X,5,0.005,0,,5,-80545.36252587016
disassortative3_n1000_ch0.8_s5009,disassortative3,1000,0.8,5009,soft_Ucal_Xinit_tau1,6,0.006,0,True,2,-9304.048816884682
disassortative3_n1000_ch1.4_s5000,disassortative3,1000,1.4,5000,gmm_direct_X,0,0.0,1,True,2,-2788.765873799188
disassortative3_n1000_ch1.4_s5000,disassortative3,1000,1.4,5000,km_X,0,0.0,1,,3,-129105.16090056176
disassortative3_n1000_ch1.4_s5000,disassortative3,1000,1.4,5000,soft_Ucal_Xinit_tau1,0,0.0,1,True,28,-9288.91433721938
disassortative3_n1000_ch1.4_s5001,disassortative3,1000,1.4,5001,gmm_direct_X,0,0.0,1,True,1,-2780.3010070155874
disassortative3_n1000_ch1.4_s5001,disassortative3,1000,1.4,5001,km_X,0,0.0,1,,2,-124224.62477359544
disassortative3_n1000_ch1.4_s5001,disassortative3,1000,1.4,5001,soft_Ucal_Xinit_tau1,0,0.0,1,True,27,-9206.620751092456
disassortative3_n1000_ch1.4_s5002,disassortative3,1000,1.4,5002,gmm_direct_X,0,0.0,1,True,1,-2787.971431278332
disassortative3_n1000_ch1.4_s5002,disassortative3,1000,1.4,5002,km_X,0,0.0,1,,3,-122760.49329628338
disassortative3_n1000_ch1.4_s5002,disassortative3,1000,1.4,5002,soft_Ucal_Xinit_tau1,0,0.0,1,True,27,-9221.807218504457
disassortative3_n1000_ch1.4_s5003,disassortative3,1000,1.4,5003,gmm_direct_X,0,0.0,1,True,1,-2782.426087808939
disassortative3_n1000_ch1.4_s5003,disassortative3,1000,1.4,5003,km_X,0,0.0,1,,3,-124398.19776750788
disassortative3_n1000_ch1.4_s5003,disassortative3,1000,1.4,5003,soft_Ucal_Xinit_tau1,0,0.0,1,True,28,-9248.948586278992
disassortative3_n1000_ch1.4_s5004,disassortative3,1000,1.4,5004,gmm_direct_X,0,0.0,1,True,1,-2691.500626112048
disassortative3_n1000_ch1.4_s5004,disassortative3,1000,1.4,5004,km_X,0,0.0,1,,3,-121235.83449142284
disassortative3_n1000_ch1.4_s5004,disassortative3,1000,1.4,5004,soft_Ucal_Xinit_tau1,0,0.0,1,True,32,-9052.659322377724
disassortative3_n1000_ch1.4_s5005,disassortative3,1000,1.4,5005,gmm_direct_X,0,0.0,1,True,1,-2767.214333190227
disassortative3_n1000_ch1.4_s5005,disassortative3,1000,1.4,5005,km_X,0,0.0,1,,3,-133579.93268813044
disassortative3_n1000_ch1.4_s5005,disassortative3,1000,1.4,5005,soft_Ucal_Xinit_tau1,0,0.0,1,True,30,-9347.103141043595
disassortative3_n1000_ch1.4_s5006,disassortative3,1000,1.4,5006,gmm_direct_X,0,0.0,1,True,1,-2900.690926128126
disassortative3_n1000_ch1.4_s5006,disassortative3,1000,1.4,5006,km_X,0,0.0,1,,3,-134442.09136563653
disassortative3_n1000_ch1.4_s5006,disassortative3,1000,1.4,5006,soft_Ucal_Xinit_tau1,0,0.0,1,True,26,-9512.022600082506
disassortative3_n1000_ch1.4_s5007,disassortative3,1000,1.4,5007,gmm_direct_X,1,0.001,0,True,2,-2802.164812954208
disassortative3_n1000_ch1.4_s5007,disassortative3,1000,1.4,5007,km_X,1,0.001,0,,4,-121962.3984604177
disassortative3_n1000_ch1.4_s5007,disassortative3,1000,1.4,5007,soft_Ucal_Xinit_tau1,1,0.001,0,True,22,-9219.577361206748
disassortative3_n1000_ch1.4_s5008,disassortative3,1000,1.4,5008,gmm_direct_X,1,0.001,0,True,2,-2736.4662897499256
disassortative3_n1000_ch1.4_s5008,disassortative3,1000,1.4,5008,km_X,1,0.001,0,,5,-128868.39861263652
disassortative3_n1000_ch1.4_s5008,disassortative3,1000,1.4,5008,soft_Ucal_Xinit_tau1,1,0.001,0,True,33,-9248.117817876751
disassortative3_n1000_ch1.4_s5009,disassortative3,1000,1.4,5009,gmm_direct_X,0,0.0,1,True,1,-2799.0247237977
disassortative3_n1000_ch1.4_s5009,disassortative3,1000,1.4,5009,km_X,0,0.0,1,,3,-124443.03514953612
disassortative3_n1000_ch1.4_s5009,disassortative3,1000,1.4,5009,soft_Ucal_Xinit_tau1,0,0.0,1,True,24,-9236.292189424825
disassortative3_n2000_ch0.8_s5000,disassortative3,2000,0.8,5000,gmm_direct_X,17,0.0085,0,True,3,-6818.198276069708
disassortative3_n2000_ch0.8_s5000,disassortative3,2000,0.8,5000,km_X,17,0.0085,0,,5,-193434.5068432203
disassortative3_n2000_ch0.8_s5000,disassortative3,2000,0.8,5000,soft_Ucal_Xinit_tau1,16,0.008,0,True,25,-19071.682469886207
disassortative3_n2000_ch0.8_s5001,disassortative3,2000,0.8,5001,gmm_direct_X,14,0.007,0,True,3,-6779.813216705973
disassortative3_n2000_ch0.8_s5001,disassortative3,2000,0.8,5001,km_X,13,0.0065,0,,4,-186535.38066058635
disassortative3_n2000_ch0.8_s5001,disassortative3,2000,0.8,5001,soft_Ucal_Xinit_tau1,14,0.007,0,True,31,-18806.55789617014
disassortative3_n2000_ch0.8_s5002,disassortative3,2000,0.8,5002,gmm_direct_X,8,0.004,0,True,3,-6717.328618677007
disassortative3_n2000_ch0.8_s5002,disassortative3,2000,0.8,5002,km_X,8,0.004,0,,6,-193457.61260481595
disassortative3_n2000_ch0.8_s5002,disassortative3,2000,0.8,5002,soft_Ucal_Xinit_tau1,9,0.0045,0,True,2,-19056.253425691128
disassortative3_n2000_ch0.8_s5003,disassortative3,2000,0.8,5003,gmm_direct_X,9,0.0045,0,True,3,-6833.469726053216
disassortative3_n2000_ch0.8_s5003,disassortative3,2000,0.8,5003,km_X,8,0.004,0,,4,-188252.92852404335
disassortative3_n2000_ch0.8_s5003,disassortative3,2000,0.8,5003,soft_Ucal_Xinit_tau1,8,0.004,0,True,2,-19075.47552844337
disassortative3_n2000_ch0.8_s5004,disassortative3,2000,0.8,5004,gmm_direct_X,6,0.003,0,True,4,-6656.845998333409
disassortative3_n2000_ch0.8_s5004,disassortative3,2000,0.8,5004,km_X,7,0.0035,0,,4,-188589.3980558341
disassortative3_n2000_ch0.8_s5004,disassortative3,2000,0.8,5004,soft_Ucal_Xinit_tau1,7,0.0035,0,True,2,-18766.53164354789
disassortative3_n2000_ch0.8_s5005,disassortative3,2000,0.8,5005,gmm_direct_X,10,0.005,0,True,3,-6778.8318318593165
disassortative3_n2000_ch0.8_s5005,disassortative3,2000,0.8,5005,km_X,8,0.004,0,,5,-188251.1359789868
disassortative3_n2000_ch0.8_s5005,disassortative3,2000,0.8,5005,soft_Ucal_Xinit_tau1,8,0.004,0,True,2,-18945.398517681133
disassortative3_n2000_ch0.8_s5006,disassortative3,2000,0.8,5006,gmm_direct_X,16,0.008,0,True,3,-6765.779338583454
disassortative3_n2000_ch0.8_s5006,disassortative3,2000,0.8,5006,km_X,12,0.006,0,,5,-196664.4258494256
disassortative3_n2000_ch0.8_s5006,disassortative3,2000,0.8,5006,soft_Ucal_Xinit_tau1,12,0.006,0,True,2,-19173.77533526488
disassortative3_n2000_ch0.8_s5007,disassortative3,2000,0.8,5007,gmm_direct_X,14,0.007,0,True,3,-6878.645143064498
disassortative3_n2000_ch0.8_s5007,disassortative3,2000,0.8,5007,km_X,13,0.0065,0,,4,-196099.6612830054
disassortative3_n2000_ch0.8_s5007,disassortative3,2000,0.8,5007,soft_Ucal_Xinit_tau1,11,0.0055,0,True,2,-19447.9665750552
disassortative3_n2000_ch0.8_s5008,disassortative3,2000,0.8,5008,gmm_direct_X,10,0.005,0,True,3,-6741.756750484287
disassortative3_n2000_ch0.8_s5008,disassortative3,2000,0.8,5008,km_X,11,0.0055,0,,4,-194595.8525042841
disassortative3_n2000_ch0.8_s5008,disassortative3,2000,0.8,5008,soft_Ucal_Xinit_tau1,11,0.0055,0,True,2,-19158.38237674168
disassortative3_n2000_ch0.8_s5009,disassortative3,2000,0.8,5009,gmm_direct_X,11,0.0055,0,True,3,-6731.444066438184
disassortative3_n2000_ch0.8_s5009,disassortative3,2000,0.8,5009,km_X,10,0.005,0,,4,-190964.8874088126
disassortative3_n2000_ch0.8_s5009,disassortative3,2000,0.8,5009,soft_Ucal_Xinit_tau1,10,0.005,0,True,2,-18956.82227623273
disassortative3_n2000_ch1.4_s5000,disassortative3,2000,1.4,5000,gmm_direct_X,0,0.0,1,True,1,-5415.3315836391175
disassortative3_n2000_ch1.4_s5000,disassortative3,2000,1.4,5000,km_X,0,0.0,1,,3,-272094.87046395603
disassortative3_n2000_ch1.4_s5000,disassortative3,2000,1.4,5000,soft_Ucal_Xinit_tau1,0,0.0,1,True,14,-18677.47547727038
disassortative3_n2000_ch1.4_s5001,disassortative3,2000,1.4,5001,gmm_direct_X,0,0.0,1,True,1,-5413.717902182657
disassortative3_n2000_ch1.4_s5001,disassortative3,2000,1.4,5001,km_X,0,0.0,1,,3,-273819.4188911628
disassortative3_n2000_ch1.4_s5001,disassortative3,2000,1.4,5001,soft_Ucal_Xinit_tau1,0,0.0,1,True,13,-18659.41207265081
disassortative3_n2000_ch1.4_s5002,disassortative3,2000,1.4,5002,gmm_direct_X,0,0.0,1,True,1,-5309.927684184451
disassortative3_n2000_ch1.4_s5002,disassortative3,2000,1.4,5002,km_X,0,0.0,1,,2,-281870.79453354166
disassortative3_n2000_ch1.4_s5002,disassortative3,2000,1.4,5002,soft_Ucal_Xinit_tau1,0,0.0,1,True,30,-18683.529520481366
disassortative3_n2000_ch1.4_s5003,disassortative3,2000,1.4,5003,gmm_direct_X,0,0.0,1,True,1,-5423.413952990619
disassortative3_n2000_ch1.4_s5003,disassortative3,2000,1.4,5003,km_X,0,0.0,1,,2,-284888.20648836624
disassortative3_n2000_ch1.4_s5003,disassortative3,2000,1.4,5003,soft_Ucal_Xinit_tau1,0,0.0,1,True,24,-18782.14861525014
disassortative3_n2000_ch1.4_s5004,disassortative3,2000,1.4,5004,gmm_direct_X,0,0.0,1,True,1,-5366.175158096292
disassortative3_n2000_ch1.4_s5004,disassortative3,2000,1.4,5004,km_X,0,0.0,1,,3,-273882.2747998443
disassortative3_n2000_ch1.4_s5004,disassortative3,2000,1.4,5004,soft_Ucal_Xinit_tau1,0,0.0,1,True,15,-18639.35235260819
disassortative3_n2000_ch1.4_s5005,disassortative3,2000,1.4,5005,gmm_direct_X,0,0.0,1,True,1,-5411.342952435383
disassortative3_n2000_ch1.4_s5005,disassortative3,2000,1.4,5005,km_X,0,0.0,1,,3,-280952.6025699928
disassortative3_n2000_ch1.4_s5005,disassortative3,2000,1.4,5005,soft_Ucal_Xinit_tau1,0,0.0,1,True,14,-18736.31649377485
disassortative3_n2000_ch1.4_s5006,disassortative3,2000,1.4,5006,gmm_direct_X,0,0.0,1,True,1,-5448.664013008163
disassortative3_n2000_ch1.4_s5006,disassortative3,2000,1.4,5006,km_X,0,0.0,1,,2,-287082.2128696551
disassortative3_n2000_ch1.4_s5006,disassortative3,2000,1.4,5006,soft_Ucal_Xinit_tau1,0,0.0,1,True,14,-18861.80924929448
disassortative3_n2000_ch1.4_s5007,disassortative3,2000,1.4,5007,gmm_direct_X,0,0.0,1,True,1,-5526.969847874473
disassortative3_n2000_ch1.4_s5007,disassortative3,2000,1.4,5007,km_X,0,0.0,1,,3,-284806.16681572475
disassortative3_n2000_ch1.4_s5007,disassortative3,2000,1.4,5007,soft_Ucal_Xinit_tau1,0,0.0,1,True,22,-18976.13767894345
disassortative3_n2000_ch1.4_s5008,disassortative3,2000,1.4,5008,gmm_direct_X,0,0.0,1,True,1,-5394.696614078141
disassortative3_n2000_ch1.4_s5008,disassortative3,2000,1.4,5008,km_X,0,0.0,1,,3,-283574.3926471761
disassortative3_n2000_ch1.4_s5008,disassortative3,2000,1.4,5008,soft_Ucal_Xinit_tau1,0,0.0,1,True,15,-18791.416732030622
disassortative3_n2000_ch1.4_s5009,disassortative3,2000,1.4,5009,gmm_direct_X,0,0.0,1,True,1,-5391.619543599778
disassortative3_n2000_ch1.4_s5009,disassortative3,2000,1.4,5009,km_X,0,0.0,1,,3,-287836.42383856524
disassortative3_n2000_ch1.4_s5009,disassortative3,2000,1.4,5009,soft_Ucal_Xinit_tau1,0,0.0,1,True,13,-18783.23579695671
equal3_n1000_ch0.8_s5000,equal3,1000,0.8,5000,gmm_direct_X,1,0.001,0,True,2,-2172.495326184792
equal3_n1000_ch0.8_s5000,equal3,1000,0.8,5000,km_X,1,0.001,0,,4,-83825.44492349174
equal3_n1000_ch0.8_s5000,equal3,1000,0.8,5000,soft_Ucal_Xinit_tau1,1,0.001,0,True,4,-7976.666702026564
equal3_n1000_ch0.8_s5001,equal3,1000,0.8,5001,gmm_direct_X,0,0.0,1,True,2,-2153.0618785017223
equal3_n1000_ch0.8_s5001,equal3,1000,0.8,5001,km_X,0,0.0,1,,3,-78218.74014764705
equal3_n1000_ch0.8_s5001,equal3,1000,0.8,5001,soft_Ucal_Xinit_tau1,0,0.0,1,True,4,-7918.888081493502
equal3_n1000_ch0.8_s5002,equal3,1000,0.8,5002,gmm_direct_X,1,0.001,0,True,2,-2127.265367354661
equal3_n1000_ch0.8_s5002,equal3,1000,0.8,5002,km_X,1,0.001,0,,3,-84613.5133069739
equal3_n1000_ch0.8_s5002,equal3,1000,0.8,5002,soft_Ucal_Xinit_tau1,1,0.001,0,True,4,-7970.151035195635
equal3_n1000_ch0.8_s5003,equal3,1000,0.8,5003,gmm_direct_X,2,0.002,0,True,2,-2173.8731806611795
equal3_n1000_ch0.8_s5003,equal3,1000,0.8,5003,km_X,2,0.002,0,,3,-76499.88059531734
equal3_n1000_ch0.8_s5003,equal3,1000,0.8,5003,soft_Ucal_Xinit_tau1,2,0.002,0,True,4,-7909.031810511349
equal3_n1000_ch0.8_s5004,equal3,1000,0.8,5004,gmm_direct_X,0,0.0,1,True,2,-2178.0835166858988
equal3_n1000_ch0.8_s5004,equal3,1000,0.8,5004,km_X,0,0.0,1,,3,-81828.77962625388
equal3_n1000_ch0.8_s5004,equal3,1000,0.8,5004,soft_Ucal_Xinit_tau1,0,0.0,1,True,4,-7963.15080080576
equal3_n1000_ch0.8_s5005,equal3,1000,0.8,5005,gmm_direct_X,2,0.002,0,True,3,-2213.9264959269044
equal3_n1000_ch0.8_s5005,equal3,1000,0.8,5005,km_X,2,0.002,0,,4,-84044.06471559367
equal3_n1000_ch0.8_s5005,equal3,1000,0.8,5005,soft_Ucal_Xinit_tau1,2,0.002,0,True,4,-8015.269469352241
equal3_n1000_ch0.8_s5006,equal3,1000,0.8,5006,gmm_direct_X,2,0.002,0,True,3,-2207.090281348592
equal3_n1000_ch0.8_s5006,equal3,1000,0.8,5006,km_X,1,0.001,0,,3,-86190.99399278936
equal3_n1000_ch0.8_s5006,equal3,1000,0.8,5006,soft_Ucal_Xinit_tau1,1,0.001,0,True,4,-8072.849442795684
equal3_n1000_ch0.8_s5007,equal3,1000,0.8,5007,gmm_direct_X,0,0.0,1,True,2,-2107.3718116681785
equal3_n1000_ch0.8_s5007,equal3,1000,0.8,5007,km_X,0,0.0,1,,3,-87199.76569267294
equal3_n1000_ch0.8_s5007,equal3,1000,0.8,5007,soft_Ucal_Xinit_tau1,0,0.0,1,True,4,-7976.883345556712
equal3_n1000_ch0.8_s5008,equal3,1000,0.8,5008,gmm_direct_X,0,0.0,1,True,2,-2185.123829117995
equal3_n1000_ch0.8_s5008,equal3,1000,0.8,5008,km_X,0,0.0,1,,2,-88042.97658426943
equal3_n1000_ch0.8_s5008,equal3,1000,0.8,5008,soft_Ucal_Xinit_tau1,0,0.0,1,True,4,-8039.246244012811
equal3_n1000_ch0.8_s5009,equal3,1000,0.8,5009,gmm_direct_X,0,0.0,1,True,2,-2041.766957545538
equal3_n1000_ch0.8_s5009,equal3,1000,0.8,5009,km_X,0,0.0,1,,3,-81893.27321016134
equal3_n1000_ch0.8_s5009,equal3,1000,0.8,5009,soft_Ucal_Xinit_tau1,0,0.0,1,True,4,-7895.854923171184
equal3_n1000_ch1.4_s5000,equal3,1000,1.4,5000,gmm_direct_X,0,0.0,1,True,1,-1636.5143760163842
equal3_n1000_ch1.4_s5000,equal3,1000,1.4,5000,km_X,0,0.0,1,,2,-121183.5003639666
equal3_n1000_ch1.4_s5000,equal3,1000,1.4,5000,soft_Ucal_Xinit_tau1,0,0.0,1,True,2,-8596.486678551857
equal3_n1000_ch1.4_s5001,equal3,1000,1.4,5001,gmm_direct_X,0,0.0,1,True,1,-1595.153263710833
equal3_n1000_ch1.4_s5001,equal3,1000,1.4,5001,km_X,0,0.0,1,,2,-128141.2244657357
equal3_n1000_ch1.4_s5001,equal3,1000,1.4,5001,soft_Ucal_Xinit_tau1,0,0.0,1,True,3,-8608.209404855605
equal3_n1000_ch1.4_s5002,equal3,1000,1.4,5002,gmm_direct_X,0,0.0,1,True,1,-1509.9736717979304
equal3_n1000_ch1.4_s5002,equal3,1000,1.4,5002,km_X,0,0.0,1,,2,-134282.78572680356
equal3_n1000_ch1.4_s5002,equal3,1000,1.4,5002,soft_Ucal_Xinit_tau1,0,0.0,1,True,3,-8588.585241092907
equal3_n1000_ch1.4_s5003,equal3,1000,1.4,5003,gmm_direct_X,0,0.0,1,True,1,-1491.911204973268
equal3_n1000_ch1.4_s5003,equal3,1000,1.4,5003,km_X,0,0.0,1,,3,-120605.05641191796
equal3_n1000_ch1.4_s5003,equal3,1000,1.4,5003,soft_Ucal_Xinit_tau1,0,0.0,1,True,3,-8530.582052287167
equal3_n1000_ch1.4_s5004,equal3,1000,1.4,5004,gmm_direct_X,0,0.0,1,True,1,-1490.3261836839977
equal3_n1000_ch1.4_s5004,equal3,1000,1.4,5004,km_X,0,0.0,1,,2,-122064.6717246756
equal3_n1000_ch1.4_s5004,equal3,1000,1.4,5004,soft_Ucal_Xinit_tau1,0,0.0,1,True,3,-8548.657182124152
equal3_n1000_ch1.4_s5005,equal3,1000,1.4,5005,gmm_direct_X,0,0.0,1,True,1,-1675.239733085284
equal3_n1000_ch1.4_s5005,equal3,1000,1.4,5005,km_X,0,0.0,1,,3,-135223.50821718728
equal3_n1000_ch1.4_s5005,equal3,1000,1.4,5005,soft_Ucal_Xinit_tau1,0,0.0,1,True,3,-8705.937541479856
equal3_n1000_ch1.4_s5006,equal3,1000,1.4,5006,gmm_direct_X,0,0.0,1,True,1,-1570.833185368457
equal3_n1000_ch1.4_s5006,equal3,1000,1.4,5006,km_X,0,0.0,1,,2,-123972.15854942832
equal3_n1000_ch1.4_s5006,equal3,1000,1.4,5006,soft_Ucal_Xinit_tau1,0,0.0,1,True,2,-8622.66000148264
equal3_n1000_ch1.4_s5007,equal3,1000,1.4,5007,gmm_direct_X,0,0.0,1,True,1,-1583.1317914446809
equal3_n1000_ch1.4_s5007,equal3,1000,1.4,5007,km_X,0,0.0,1,,2,-127036.56455765491
equal3_n1000_ch1.4_s5007,equal3,1000,1.4,5007,soft_Ucal_Xinit_tau1,0,0.0,1,True,3,-8598.640044187061
equal3_n1000_ch1.4_s5008,equal3,1000,1.4,5008,gmm_direct_X,0,0.0,1,True,1,-1622.3737968908747
equal3_n1000_ch1.4_s5008,equal3,1000,1.4,5008,km_X,0,0.0,1,,2,-124533.2340110385
equal3_n1000_ch1.4_s5008,equal3,1000,1.4,5008,soft_Ucal_Xinit_tau1,0,0.0,1,True,3,-8637.58510841459
equal3_n1000_ch1.4_s5009,equal3,1000,1.4,5009,gmm_direct_X,0,0.0,1,True,1,-1481.7851974246964
equal3_n1000_ch1.4_s5009,equal3,1000,1.4,5009,km_X,0,0.0,1,,2,-122211.7498764175
equal3_n1000_ch1.4_s5009,equal3,1000,1.4,5009,soft_Ucal_Xinit_tau1,0,0.0,1,True,3,-8516.907238573815
equal3_n2000_ch0.8_s5000,equal3,2000,0.8,5000,gmm_direct_X,0,0.0,1,True,1,-4106.7190795636925
equal3_n2000_ch0.8_s5000,equal3,2000,0.8,5000,km_X,0,0.0,1,,2,-174021.22531259517
equal3_n2000_ch0.8_s5000,equal3,2000,0.8,5000,soft_Ucal_Xinit_tau1,0,0.0,1,True,4,-16086.964730701517
equal3_n2000_ch0.8_s5001,equal3,2000,0.8,5001,gmm_direct_X,0,0.0,1,True,2,-4135.096133359912
equal3_n2000_ch0.8_s5001,equal3,2000,0.8,5001,km_X,0,0.0,1,,3,-179096.07882194995
equal3_n2000_ch0.8_s5001,equal3,2000,0.8,5001,soft_Ucal_Xinit_tau1,0,0.0,1,True,4,-16154.217974414049
equal3_n2000_ch0.8_s5002,equal3,2000,0.8,5002,gmm_direct_X,0,0.0,1,True,1,-4100.972043793643
equal3_n2000_ch0.8_s5002,equal3,2000,0.8,5002,km_X,0,0.0,1,,2,-181290.597791073
equal3_n2000_ch0.8_s5002,equal3,2000,0.8,5002,soft_Ucal_Xinit_tau1,0,0.0,1,True,4,-16140.630609737857
equal3_n2000_ch0.8_s5003,equal3,2000,0.8,5003,gmm_direct_X,0,0.0,1,True,2,-4101.459223061289
equal3_n2000_ch0.8_s5003,equal3,2000,0.8,5003,km_X,1,0.0005,0,,2,-180993.9546552275
equal3_n2000_ch0.8_s5003,equal3,2000,0.8,5003,soft_Ucal_Xinit_tau1,1,0.0005,0,True,4,-16179.02907558615
equal3_n2000_ch0.8_s5004,equal3,2000,0.8,5004,gmm_direct_X,1,0.0005,0,True,2,-4145.282525021259
equal3_n2000_ch0.8_s5004,equal3,2000,0.8,5004,km_X,1,0.0005,0,,3,-186669.62931328727
equal3_n2000_ch0.8_s5004,equal3,2000,0.8,5004,soft_Ucal_Xinit_tau1,1,0.0005,0,True,4,-16263.838214288007
equal3_n2000_ch0.8_s5005,equal3,2000,0.8,5005,gmm_direct_X,0,0.0,1,True,2,-4099.309676524534
equal3_n2000_ch0.8_s5005,equal3,2000,0.8,5005,km_X,0,0.0,1,,3,-178359.33206167692
equal3_n2000_ch0.8_s5005,equal3,2000,0.8,5005,soft_Ucal_Xinit_tau1,0,0.0,1,True,4,-16121.115802801793
equal3_n2000_ch0.8_s5006,equal3,2000,0.8,5006,gmm_direct_X,0,0.0,1,True,1,-4063.5453360167567
equal3_n2000_ch0.8_s5006,equal3,2000,0.8,5006,km_X,0,0.0,1,,3,-188441.03187765472
equal3_n2000_ch0.8_s5006,equal3,2000,0.8,5006,soft_Ucal_Xinit_tau1,0,0.0,1,True,4,-16204.754312608977
equal3_n2000_ch0.8_s5007,equal3,2000,0.8,5007,gmm_direct_X,1,0.0005,0,True,2,-4162.347664930331
equal3_n2000_ch0.8_s5007,equal3,2000,0.8,5007,km_X,1,0.0005,0,,3,-188627.9607993684
equal3_n2000_ch0.8_s5007,equal3,2000,0.8,5007,soft_Ucal_Xinit_tau1,1,0.0005,0,True,4,-16267.654288487454
equal3_n2000_ch0.8_s5008,equal3,2000,0.8,5008,gmm_direct_X,1,0.0005,0,True,2,-3934.923696379192
equal3_n2000_ch0.8_s5008,equal3,2000,0.8,5008,km_X,1,0.0005,0,,3,-181942.1165379192
equal3_n2000_ch0.8_s5008,equal3,2000,0.8,5008,soft_Ucal_Xinit_tau1,1,0.0005,0,True,4,-16101.881379938915
equal3_n2000_ch0.8_s5009,equal3,2000,0.8,5009,gmm_direct_X,1,0.0005,0,True,2,-4165.339463361635
equal3_n2000_ch0.8_s5009,equal3,2000,0.8,5009,km_X,1,0.0005,0,,3,-175979.0100994554
equal3_n2000_ch0.8_s5009,equal3,2000,0.8,5009,soft_Ucal_Xinit_tau1,1,0.0005,0,True,4,-16162.041995340114
equal3_n2000_ch1.4_s5000,equal3,2000,1.4,5000,gmm_direct_X,0,0.0,1,True,1,-2910.946199977449
equal3_n2000_ch1.4_s5000,equal3,2000,1.4,5000,km_X,0,0.0,1,,2,-296581.92456548224
equal3_n2000_ch1.4_s5000,equal3,2000,1.4,5000,soft_Ucal_Xinit_tau1,0,0.0,1,True,2,-17514.466944796477
equal3_n2000_ch1.4_s5001,equal3,2000,1.4,5001,gmm_direct_X,0,0.0,1,True,1,-2931.207942148657
equal3_n2000_ch1.4_s5001,equal3,2000,1.4,5001,km_X,0,0.0,1,,2,-277069.8005786937
equal3_n2000_ch1.4_s5001,equal3,2000,1.4,5001,soft_Ucal_Xinit_tau1,0,0.0,1,True,2,-17442.057493154694
equal3_n2000_ch1.4_s5002,equal3,2000,1.4,5002,gmm_direct_X,0,0.0,1,True,1,-3021.125653185082
equal3_n2000_ch1.4_s5002,equal3,2000,1.4,5002,km_X,0,0.0,1,,2,-293921.9227371899
equal3_n2000_ch1.4_s5002,equal3,2000,1.4,5002,soft_Ucal_Xinit_tau1,0,0.0,1,True,2,-17558.333160591013
equal3_n2000_ch1.4_s5003,equal3,2000,1.4,5003,gmm_direct_X,0,0.0,1,True,1,-3012.78136024418
equal3_n2000_ch1.4_s5003,equal3,2000,1.4,5003,km_X,0,0.0,1,,2,-288254.5294227379
equal3_n2000_ch1.4_s5003,equal3,2000,1.4,5003,soft_Ucal_Xinit_tau1,0,0.0,1,True,2,-17565.288194199635
equal3_n2000_ch1.4_s5004,equal3,2000,1.4,5004,gmm_direct_X,0,0.0,1,True,1,-2987.865265132579
equal3_n2000_ch1.4_s5004,equal3,2000,1.4,5004,km_X,0,0.0,1,,2,-288091.92310562776
equal3_n2000_ch1.4_s5004,equal3,2000,1.4,5004,soft_Ucal_Xinit_tau1,0,0.0,1,True,2,-17545.922484822746
equal3_n2000_ch1.4_s5005,equal3,2000,1.4,5005,gmm_direct_X,0,0.0,1,True,1,-2884.842124860207
equal3_n2000_ch1.4_s5005,equal3,2000,1.4,5005,km_X,0,0.0,1,,2,-295814.1604862472
equal3_n2000_ch1.4_s5005,equal3,2000,1.4,5005,soft_Ucal_Xinit_tau1,0,0.0,1,True,3,-17514.77878899606
equal3_n2000_ch1.4_s5006,equal3,2000,1.4,5006,gmm_direct_X,0,0.0,1,True,1,-2990.110420187361
equal3_n2000_ch1.4_s5006,equal3,2000,1.4,5006,km_X,0,0.0,1,,2,-294040.40217610984
equal3_n2000_ch1.4_s5006,equal3,2000,1.4,5006,soft_Ucal_Xinit_tau1,0,0.0,1,True,3,-17563.697736757847
equal3_n2000_ch1.4_s5007,equal3,2000,1.4,5007,gmm_direct_X,0,0.0,1,True,1,-2968.083819496563
equal3_n2000_ch1.4_s5007,equal3,2000,1.4,5007,km_X,0,0.0,1,,3,-292641.06319522805
equal3_n2000_ch1.4_s5007,equal3,2000,1.4,5007,soft_Ucal_Xinit_tau1,0,0.0,1,True,2,-17531.465738382823
equal3_n2000_ch1.4_s5008,equal3,2000,1.4,5008,gmm_direct_X,0,0.0,1,True,1,-2943.1324953858725
equal3_n2000_ch1.4_s5008,equal3,2000,1.4,5008,km_X,0,0.0,1,,2,-286345.30863754806
equal3_n2000_ch1.4_s5008,equal3,2000,1.4,5008,soft_Ucal_Xinit_tau1,0,0.0,1,True,2,-17528.491183720478
equal3_n2000_ch1.4_s5009,equal3,2000,1.4,5009,gmm_direct_X,0,0.0,1,True,1,-2924.241570931299
equal3_n2000_ch1.4_s5009,equal3,2000,1.4,5009,km_X,0,0.0,1,,2,-280061.3827747815
equal3_n2000_ch1.4_s5009,equal3,2000,1.4,5009,soft_Ucal_Xinit_tau1,0,0.0,1,True,3,-17481.447312646902
heterogeneous3_n1000_ch0.8_s5000,heterogeneous3,1000,0.8,5000,gmm_direct_X,137,0.137,0,True,100,-445.5129954943045
heterogeneous3_n1000_ch0.8_s5000,heterogeneous3,1000,0.8,5000,km_X,31,0.031,0,,4,-134913.88652766138
heterogeneous3_n1000_ch0.8_s5000,heterogeneous3,1000,0.8,5000,soft_Ucal_Xinit_tau1,3,0.003,0,True,32,-7933.466595172088
heterogeneous3_n1000_ch0.8_s5001,heterogeneous3,1000,0.8,5001,gmm_direct_X,132,0.132,0,True,25,-522.5230255522199
heterogeneous3_n1000_ch0.8_s5001,heterogeneous3,1000,0.8,5001,km_X,22,0.022,0,,2,-140620.6273821821
heterogeneous3_n1000_ch0.8_s5001,heterogeneous3,1000,0.8,5001,soft_Ucal_Xinit_tau1,7,0.007,0,True,27,-7803.479018213888
heterogeneous3_n1000_ch0.8_s5002,heterogeneous3,1000,0.8,5002,gmm_direct_X,6,0.006,0,True,8,-721.399774721858
heterogeneous3_n1000_ch0.8_s5002,heterogeneous3,1000,0.8,5002,km_X,18,0.018,0,,3,-138009.14234060253
heterogeneous3_n1000_ch0.8_s5002,heterogeneous3,1000,0.8,5002,soft_Ucal_Xinit_tau1,3,0.003,0,True,16,-7799.635865989732
heterogeneous3_n1000_ch0.8_s5003,heterogeneous3,1000,0.8,5003,gmm_direct_X,137,0.137,0,True,34,-340.75302280574795
heterogeneous3_n1000_ch0.8_s5003,heterogeneous3,1000,0.8,5003,km_X,24,0.024,0,,3,-127826.02720572324
heterogeneous3_n1000_ch0.8_s5003,heterogeneous3,1000,0.8,5003,soft_Ucal_Xinit_tau1,7,0.007,0,True,33,-7588.422261125369
heterogeneous3_n1000_ch0.8_s5004,heterogeneous3,1000,0.8,5004,gmm_direct_X,139,0.139,0,True,23,-440.3036767832207
heterogeneous3_n1000_ch0.8_s5004,heterogeneous3,1000,0.8,5004,km_X,35,0.035,0,,5,-133574.67215808466
heterogeneous3_n1000_ch0.8_s5004,heterogeneous3,1000,0.8,5004,soft_Ucal_Xinit_tau1,2,0.002,0,True,28,-7658.65157146208
heterogeneous3_n1000_ch0.8_s5005,heterogeneous3,1000,0.8,5005,gmm_direct_X,163,0.163,0,True,124,-623.1516086833908
heterogeneous3_n1000_ch0.8_s5005,heterogeneous3,1000,0.8,5005,km_X,34,0.034,0,,5,-134548.39498033497
heterogeneous3_n1000_ch0.8_s5005,heterogeneous3,1000,0.8,5005,soft_Ucal_Xinit_tau1,3,0.003,0,True,27,-7793.668441486991
heterogeneous3_n1000_ch0.8_s5006,heterogeneous3,1000,0.8,5006,gmm_direct_X,140,0.14,0,True,34,-355.46973200875834
heterogeneous3_n1000_ch0.8_s5006,heterogeneous3,1000,0.8,5006,km_X,31,0.031,0,,5,-144131.27914892652
heterogeneous3_n1000_ch0.8_s5006,heterogeneous3,1000,0.8,5006,soft_Ucal_Xinit_tau1,2,0.002,0,True,25,-7815.290050190338
heterogeneous3_n1000_ch0.8_s5007,heterogeneous3,1000,0.8,5007,gmm_direct_X,142,0.142,0,True,48,-503.3418616599643
heterogeneous3_n1000_ch0.8_s5007,heterogeneous3,1000,0.8,5007,km_X,29,0.029,0,,5,-134375.23077105047
heterogeneous3_n1000_ch0.8_s5007,heterogeneous3,1000,0.8,5007,soft_Ucal_Xinit_tau1,6,0.006,0,True,31,-7810.0983863157235
heterogeneous3_n1000_ch0.8_s5008,heterogeneous3,1000,0.8,5008,gmm_direct_X,138,0.138,0,True,53,-396.0822808349884
heterogeneous3_n1000_ch0.8_s5008,heterogeneous3,1000,0.8,5008,km_X,30,0.03,0,,3,-136842.8374643275
heterogeneous3_n1000_ch0.8_s5008,heterogeneous3,1000,0.8,5008,soft_Ucal_Xinit_tau1,5,0.005,0,True,34,-7726.749763083115
heterogeneous3_n1000_ch0.8_s5009,heterogeneous3,1000,0.8,5009,gmm_direct_X,12,0.012,0,True,11,-657.0952231071881
heterogeneous3_n1000_ch0.8_s5009,heterogeneous3,1000,0.8,5009,km_X,27,0.027,0,,4,-137548.1270130078
heterogeneous3_n1000_ch0.8_s5009,heterogeneous3,1000,0.8,5009,soft_Ucal_Xinit_tau1,4,0.004,0,True,37,-7737.108257730973
heterogeneous3_n1000_ch1.4_s5000,heterogeneous3,1000,1.4,5000,gmm_direct_X,1,0.001,0,True,5,-162.16337754909574
heterogeneous3_n1000_ch1.4_s5000,heterogeneous3,1000,1.4,5000,km_X,9,0.009,0,,3,-220297.74878462093
heterogeneous3_n1000_ch1.4_s5000,heterogeneous3,1000,1.4,5000,soft_Ucal_Xinit_tau1,1,0.001,0,True,12,-8266.061269557573
heterogeneous3_n1000_ch1.4_s5001,heterogeneous3,1000,1.4,5001,gmm_direct_X,0,0.0,1,True,3,-171.9079880437747
heterogeneous3_n1000_ch1.4_s5001,heterogeneous3,1000,1.4,5001,km_X,3,0.003,0,,4,-217499.44507663607
heterogeneous3_n1000_ch1.4_s5001,heterogeneous3,1000,1.4,5001,soft_Ucal_Xinit_tau1,0,0.0,1,True,12,-8300.08482394508
heterogeneous3_n1000_ch1.4_s5002,heterogeneous3,1000,1.4,5002,gmm_direct_X,0,0.0,1,True,3,-176.58232586960395
heterogeneous3_n1000_ch1.4_s5002,heterogeneous3,1000,1.4,5002,km_X,2,0.002,0,,3,-224402.2362647999
heterogeneous3_n1000_ch1.4_s5002,heterogeneous3,1000,1.4,5002,soft_Ucal_Xinit_tau1,0,0.0,1,True,10,-8271.718421908678
heterogeneous3_n1000_ch1.4_s5003,heterogeneous3,1000,1.4,5003,gmm_direct_X,0,0.0,1,True,5,2.2078178701129545
heterogeneous3_n1000_ch1.4_s5003,heterogeneous3,1000,1.4,5003,km_X,6,0.006,0,,2,-211447.27411993544
heterogeneous3_n1000_ch1.4_s5003,heterogeneous3,1000,1.4,5003,soft_Ucal_Xinit_tau1,0,0.0,1,True,13,-8081.564128666648
heterogeneous3_n1000_ch1.4_s5004,heterogeneous3,1000,1.4,5004,gmm_direct_X,1,0.001,0,True,4,-178.2519746724577
heterogeneous3_n1000_ch1.4_s5004,heterogeneous3,1000,1.4,5004,km_X,9,0.009,0,,3,-213473.7629269966
heterogeneous3_n1000_ch1.4_s5004,heterogeneous3,1000,1.4,5004,soft_Ucal_Xinit_tau1,0,0.0,1,True,14,-8237.569537782512
heterogeneous3_n1000_ch1.4_s5005,heterogeneous3,1000,1.4,5005,gmm_direct_X,0,0.0,1,True,4,-206.8370190134174
heterogeneous3_n1000_ch1.4_s5005,heterogeneous3,1000,1.4,5005,km_X,4,0.004,0,,3,-213502.98532307547
heterogeneous3_n1000_ch1.4_s5005,heterogeneous3,1000,1.4,5005,soft_Ucal_Xinit_tau1,0,0.0,1,True,11,-8219.8974593566
heterogeneous3_n1000_ch1.4_s5006,heterogeneous3,1000,1.4,5006,gmm_direct_X,4,0.004,0,True,11,-107.38271385489958
heterogeneous3_n1000_ch1.4_s5006,heterogeneous3,1000,1.4,5006,km_X,2,0.002,0,,2,-221453.0798827184
heterogeneous3_n1000_ch1.4_s5006,heterogeneous3,1000,1.4,5006,soft_Ucal_Xinit_tau1,0,0.0,1,True,23,-8195.438618958993
heterogeneous3_n1000_ch1.4_s5007,heterogeneous3,1000,1.4,5007,gmm_direct_X,1,0.001,0,True,5,-127.83355811875856
heterogeneous3_n1000_ch1.4_s5007,heterogeneous3,1000,1.4,5007,km_X,5,0.005,0,,3,-232201.06101915977
heterogeneous3_n1000_ch1.4_s5007,heterogeneous3,1000,1.4,5007,soft_Ucal_Xinit_tau1,0,0.0,1,True,11,-8362.957113478953
heterogeneous3_n1000_ch1.4_s5008,heterogeneous3,1000,1.4,5008,gmm_direct_X,2,0.002,0,True,5,-196.416545152358
heterogeneous3_n1000_ch1.4_s5008,heterogeneous3,1000,1.4,5008,km_X,5,0.005,0,,2,-219642.13810001747
heterogeneous3_n1000_ch1.4_s5008,heterogeneous3,1000,1.4,5008,soft_Ucal_Xinit_tau1,1,0.001,0,True,11,-8272.823131241126
heterogeneous3_n1000_ch1.4_s5009,heterogeneous3,1000,1.4,5009,gmm_direct_X,2,0.002,0,True,6,-96.676629648136
heterogeneous3_n1000_ch1.4_s5009,heterogeneous3,1000,1.4,5009,km_X,4,0.004,0,,3,-227653.69836896897
heterogeneous3_n1000_ch1.4_s5009,heterogeneous3,1000,1.4,5009,soft_Ucal_Xinit_tau1,0,0.0,1,True,12,-8264.088207735029
heterogeneous3_n2000_ch0.8_s5000,heterogeneous3,2000,0.8,5000,gmm_direct_X,32,0.016,0,True,22,-1081.390602406174
heterogeneous3_n2000_ch0.8_s5000,heterogeneous3,2000,0.8,5000,km_X,30,0.015,0,,4,-317812.05623833044
heterogeneous3_n2000_ch0.8_s5000,heterogeneous3,2000,0.8,5000,soft_Ucal_Xinit_tau1,6,0.003,0,True,36,-15849.13961446076
heterogeneous3_n2000_ch0.8_s5001,heterogeneous3,2000,0.8,5001,gmm_direct_X,302,0.151,0,True,114,-875.9882775576057
heterogeneous3_n2000_ch0.8_s5001,heterogeneous3,2000,0.8,5001,km_X,49,0.0245,0,,4,-312013.29692585964
heterogeneous3_n2000_ch0.8_s5001,heterogeneous3,2000,0.8,5001,soft_Ucal_Xinit_tau1,6,0.003,0,True,20,-16021.110300463046
heterogeneous3_n2000_ch0.8_s5002,heterogeneous3,2000,0.8,5002,gmm_direct_X,29,0.0145,0,True,10,-758.8114711158175
heterogeneous3_n2000_ch0.8_s5002,heterogeneous3,2000,0.8,5002,km_X,40,0.02,0,,3,-309499.99812497565
heterogeneous3_n2000_ch0.8_s5002,heterogeneous3,2000,0.8,5002,soft_Ucal_Xinit_tau1,2,0.001,0,True,25,-15732.821098056724
heterogeneous3_n2000_ch0.8_s5003,heterogeneous3,2000,0.8,5003,gmm_direct_X,19,0.0095,0,True,9,-1107.078800665648
heterogeneous3_n2000_ch0.8_s5003,heterogeneous3,2000,0.8,5003,km_X,28,0.014,0,,3,-297641.5694156644
heterogeneous3_n2000_ch0.8_s5003,heterogeneous3,2000,0.8,5003,soft_Ucal_Xinit_tau1,2,0.001,0,True,29,-15698.365423174077
heterogeneous3_n2000_ch0.8_s5004,heterogeneous3,2000,0.8,5004,gmm_direct_X,25,0.0125,0,True,11,-1089.567972532941
heterogeneous3_n2000_ch0.8_s5004,heterogeneous3,2000,0.8,5004,km_X,47,0.0235,0,,4,-307647.9297090491
heterogeneous3_n2000_ch0.8_s5004,heterogeneous3,2000,0.8,5004,soft_Ucal_Xinit_tau1,3,0.0015,0,True,20,-15788.785551679011
heterogeneous3_n2000_ch0.8_s5005,heterogeneous3,2000,0.8,5005,gmm_direct_X,23,0.0115,0,True,11,-939.0728491962392
heterogeneous3_n2000_ch0.8_s5005,heterogeneous3,2000,0.8,5005,km_X,49,0.0245,0,,4,-326792.0811540806
heterogeneous3_n2000_ch0.8_s5005,heterogeneous3,2000,0.8,5005,soft_Ucal_Xinit_tau1,6,0.003,0,True,35,-16017.735271917732
heterogeneous3_n2000_ch0.8_s5006,heterogeneous3,2000,0.8,5006,gmm_direct_X,21,0.0105,0,True,11,-1174.0985490979306
heterogeneous3_n2000_ch0.8_s5006,heterogeneous3,2000,0.8,5006,km_X,38,0.019,0,,4,-310334.5390141035
heterogeneous3_n2000_ch0.8_s5006,heterogeneous3,2000,0.8,5006,soft_Ucal_Xinit_tau1,6,0.003,0,True,26,-15849.89501240697
heterogeneous3_n2000_ch0.8_s5007,heterogeneous3,2000,0.8,5007,gmm_direct_X,313,0.1565,0,True,51,-692.3734604814935
heterogeneous3_n2000_ch0.8_s5007,heterogeneous3,2000,0.8,5007,km_X,44,0.022,0,,3,-323168.2192976876
heterogeneous3_n2000_ch0.8_s5007,heterogeneous3,2000,0.8,5007,soft_Ucal_Xinit_tau1,9,0.0045,0,True,22,-15875.663902981009
heterogeneous3_n2000_ch0.8_s5008,heterogeneous3,2000,0.8,5008,gmm_direct_X,20,0.01,0,True,10,-1043.5102187634177
heterogeneous3_n2000_ch0.8_s5008,heterogeneous3,2000,0.8,5008,km_X,29,0.0145,0,,3,-311672.1243215761
heterogeneous3_n2000_ch0.8_s5008,heterogeneous3,2000,0.8,5008,soft_Ucal_Xinit_tau1,5,0.0025,0,True,22,-16016.88197845634
heterogeneous3_n2000_ch0.8_s5009,heterogeneous3,2000,0.8,5009,gmm_direct_X,103,0.0515,0,True,51,-1212.543663125221
heterogeneous3_n2000_ch0.8_s5009,heterogeneous3,2000,0.8,5009,km_X,35,0.0175,0,,4,-311139.27634801023
heterogeneous3_n2000_ch0.8_s5009,heterogeneous3,2000,0.8,5009,soft_Ucal_Xinit_tau1,6,0.003,0,True,19,-15904.723436812706
heterogeneous3_n2000_ch1.4_s5000,heterogeneous3,2000,1.4,5000,gmm_direct_X,4,0.002,0,True,9,34.69877145960081
heterogeneous3_n2000_ch1.4_s5000,heterogeneous3,2000,1.4,5000,km_X,9,0.0045,0,,3,-530927.3181274438
heterogeneous3_n2000_ch1.4_s5000,heterogeneous3,2000,1.4,5000,soft_Ucal_Xinit_tau1,0,0.0,1,True,10,-17108.09884013337
heterogeneous3_n2000_ch1.4_s5001,heterogeneous3,2000,1.4,5001,gmm_direct_X,0,0.0,1,True,4,124.74171267295183
heterogeneous3_n2000_ch1.4_s5001,heterogeneous3,2000,1.4,5001,km_X,6,0.003,0,,3,-514494.1958535501
heterogeneous3_n2000_ch1.4_s5001,heterogeneous3,2000,1.4,5001,soft_Ucal_Xinit_tau1,0,0.0,1,True,11,-16715.900500865304
heterogeneous3_n2000_ch1.4_s5002,heterogeneous3,2000,1.4,5002,gmm_direct_X,3,0.0015,0,True,6,87.65996497328668
heterogeneous3_n2000_ch1.4_s5002,heterogeneous3,2000,1.4,5002,km_X,3,0.0015,0,,2,-510736.7519303576
heterogeneous3_n2000_ch1.4_s5002,heterogeneous3,2000,1.4,5002,soft_Ucal_Xinit_tau1,0,0.0,1,True,13,-16795.13454699773
heterogeneous3_n2000_ch1.4_s5003,heterogeneous3,2000,1.4,5003,gmm_direct_X,1,0.0005,0,True,6,99.7049197067648
heterogeneous3_n2000_ch1.4_s5003,heterogeneous3,2000,1.4,5003,km_X,2,0.001,0,,2,-501113.5305389304
heterogeneous3_n2000_ch1.4_s5003,heterogeneous3,2000,1.4,5003,soft_Ucal_Xinit_tau1,0,0.0,1,True,10,-16742.563622380105
heterogeneous3_n2000_ch1.4_s5004,heterogeneous3,2000,1.4,5004,gmm_direct_X,3,0.0015,0,True,8,14.742742069186413
heterogeneous3_n2000_ch1.4_s5004,heterogeneous3,2000,1.4,5004,km_X,5,0.0025,0,,4,-518879.2123792365
heterogeneous3_n2000_ch1.4_s5004,heterogeneous3,2000,1.4,5004,soft_Ucal_Xinit_tau1,0,0.0,1,True,10,-17058.57123289672
heterogeneous3_n2000_ch1.4_s5005,heterogeneous3,2000,1.4,5005,gmm_direct_X,4,0.002,0,True,5,79.28799651898149
heterogeneous3_n2000_ch1.4_s5005,heterogeneous3,2000,1.4,5005,km_X,6,0.003,0,,2,-541997.3473534639
heterogeneous3_n2000_ch1.4_s5005,heterogeneous3,2000,1.4,5005,soft_Ucal_Xinit_tau1,0,0.0,1,True,12,-17010.911669907917
heterogeneous3_n2000_ch1.4_s5006,heterogeneous3,2000,1.4,5006,gmm_direct_X,5,0.0025,0,True,6,-85.7938063571628
heterogeneous3_n2000_ch1.4_s5006,heterogeneous3,2000,1.4,5006,km_X,6,0.003,0,,3,-520098.2707765061
heterogeneous3_n2000_ch1.4_s5006,heterogeneous3,2000,1.4,5006,soft_Ucal_Xinit_tau1,0,0.0,1,True,9,-17010.674693157893
heterogeneous3_n2000_ch1.4_s5007,heterogeneous3,2000,1.4,5007,gmm_direct_X,1,0.0005,0,True,5,-51.822388296609965
heterogeneous3_n2000_ch1.4_s5007,heterogeneous3,2000,1.4,5007,km_X,11,0.0055,0,,3,-532371.6131938931
heterogeneous3_n2000_ch1.4_s5007,heterogeneous3,2000,1.4,5007,soft_Ucal_Xinit_tau1,1,0.0005,0,True,11,-16964.110969380486
heterogeneous3_n2000_ch1.4_s5008,heterogeneous3,2000,1.4,5008,gmm_direct_X,1,0.0005,0,True,5,69.72924313867212
heterogeneous3_n2000_ch1.4_s5008,heterogeneous3,2000,1.4,5008,km_X,4,0.002,0,,3,-513964.2505992922
heterogeneous3_n2000_ch1.4_s5008,heterogeneous3,2000,1.4,5008,soft_Ucal_Xinit_tau1,0,0.0,1,True,10,-16924.290634196852
heterogeneous3_n2000_ch1.4_s5009,heterogeneous3,2000,1.4,5009,gmm_direct_X,2,0.001,0,True,5,-44.78043709094213
heterogeneous3_n2000_ch1.4_s5009,heterogeneous3,2000,1.4,5009,km_X,7,0.0035,0,,2,-507331.6648955849
heterogeneous3_n2000_ch1.4_s5009,heterogeneous3,2000,1.4,5009,soft_Ucal_Xinit_tau1,1,0.0005,0,True,11,-16821.70966413876
hierarchical4_n1000_ch0.8_s5000,hierarchical4,1000,0.8,5000,gmm_direct_X,1,0.001,0,True,4,-1745.5258266943977
hierarchical4_n1000_ch0.8_s5000,hierarchical4,1000,0.8,5000,km_X,0,0.0,1,,3,-91066.37780687877
hierarchical4_n1000_ch0.8_s5000,hierarchical4,1000,0.8,5000,soft_Ucal_Xinit_tau1,0,0.0,1,True,12,-9089.230233456665
hierarchical4_n1000_ch0.8_s5001,hierarchical4,1000,0.8,5001,gmm_direct_X,1,0.001,0,True,2,-1785.8413153756069
hierarchical4_n1000_ch0.8_s5001,hierarchical4,1000,0.8,5001,km_X,0,0.0,1,,5,-96851.7220984612
hierarchical4_n1000_ch0.8_s5001,hierarchical4,1000,0.8,5001,soft_Ucal_Xinit_tau1,0,0.0,1,True,11,-9138.610795122486
hierarchical4_n1000_ch0.8_s5002,hierarchical4,1000,0.8,5002,gmm_direct_X,1,0.001,0,True,4,-1933.702091386755
hierarchical4_n1000_ch0.8_s5002,hierarchical4,1000,0.8,5002,km_X,0,0.0,1,,3,-97649.74974034964
hierarchical4_n1000_ch0.8_s5002,hierarchical4,1000,0.8,5002,soft_Ucal_Xinit_tau1,0,0.0,1,True,10,-9247.458257193804
hierarchical4_n1000_ch0.8_s5003,hierarchical4,1000,0.8,5003,gmm_direct_X,0,0.0,1,True,2,-1702.6832755513342
hierarchical4_n1000_ch0.8_s5003,hierarchical4,1000,0.8,5003,km_X,0,0.0,1,,4,-91197.15701304772
hierarchical4_n1000_ch0.8_s5003,hierarchical4,1000,0.8,5003,soft_Ucal_Xinit_tau1,0,0.0,1,True,11,-9078.210176670518
hierarchical4_n1000_ch0.8_s5004,hierarchical4,1000,0.8,5004,gmm_direct_X,1,0.001,0,True,3,-1741.1346397105465
hierarchical4_n1000_ch0.8_s5004,hierarchical4,1000,0.8,5004,km_X,0,0.0,1,,4,-95386.37768348971
hierarchical4_n1000_ch0.8_s5004,hierarchical4,1000,0.8,5004,soft_Ucal_Xinit_tau1,0,0.0,1,True,11,-9082.277017276983
hierarchical4_n1000_ch0.8_s5005,hierarchical4,1000,0.8,5005,gmm_direct_X,0,0.0,1,True,2,-1846.468137344723
hierarchical4_n1000_ch0.8_s5005,hierarchical4,1000,0.8,5005,km_X,0,0.0,1,,2,-98291.59254608872
hierarchical4_n1000_ch0.8_s5005,hierarchical4,1000,0.8,5005,soft_Ucal_Xinit_tau1,0,0.0,1,True,10,-9261.604440059557
hierarchical4_n1000_ch0.8_s5006,hierarchical4,1000,0.8,5006,gmm_direct_X,0,0.0,1,True,3,-1655.7904639378912
hierarchical4_n1000_ch0.8_s5006,hierarchical4,1000,0.8,5006,km_X,1,0.001,0,,3,-95373.482601703
hierarchical4_n1000_ch0.8_s5006,hierarchical4,1000,0.8,5006,soft_Ucal_Xinit_tau1,0,0.0,1,True,10,-9164.615325669916
hierarchical4_n1000_ch0.8_s5007,hierarchical4,1000,0.8,5007,gmm_direct_X,3,0.003,0,True,3,-1701.552149880382
hierarchical4_n1000_ch0.8_s5007,hierarchical4,1000,0.8,5007,km_X,1,0.001,0,,3,-98668.15676752284
hierarchical4_n1000_ch0.8_s5007,hierarchical4,1000,0.8,5007,soft_Ucal_Xinit_tau1,1,0.001,0,True,10,-9190.009842566487
hierarchical4_n1000_ch0.8_s5008,hierarchical4,1000,0.8,5008,gmm_direct_X,2,0.002,0,True,2,-1897.0832168355405
hierarchical4_n1000_ch0.8_s5008,hierarchical4,1000,0.8,5008,km_X,1,0.001,0,,3,-90125.23346060734
hierarchical4_n1000_ch0.8_s5008,hierarchical4,1000,0.8,5008,soft_Ucal_Xinit_tau1,1,0.001,0,True,10,-9141.43872961562
hierarchical4_n1000_ch0.8_s5009,hierarchical4,1000,0.8,5009,gmm_direct_X,0,0.0,1,True,2,-1668.4450910607725
hierarchical4_n1000_ch0.8_s5009,hierarchical4,1000,0.8,5009,km_X,0,0.0,1,,2,-90149.87049141416
hierarchical4_n1000_ch0.8_s5009,hierarchical4,1000,0.8,5009,soft_Ucal_Xinit_tau1,0,0.0,1,True,11,-9034.5035175095
hierarchical4_n1000_ch1.4_s5000,hierarchical4,1000,1.4,5000,gmm_direct_X,0,0.0,1,True,1,-961.10830827079
hierarchical4_n1000_ch1.4_s5000,hierarchical4,1000,1.4,5000,km_X,0,0.0,1,,2,-134663.14740885654
hierarchical4_n1000_ch1.4_s5000,hierarchical4,1000,1.4,5000,soft_Ucal_Xinit_tau1,0,0.0,1,True,6,-9856.369735883143
hierarchical4_n1000_ch1.4_s5001,hierarchical4,1000,1.4,5001,gmm_direct_X,0,0.0,1,True,1,-844.3753641960525
hierarchical4_n1000_ch1.4_s5001,hierarchical4,1000,1.4,5001,km_X,0,0.0,1,,2,-143269.9332694247
hierarchical4_n1000_ch1.4_s5001,hierarchical4,1000,1.4,5001,soft_Ucal_Xinit_tau1,0,0.0,1,True,7,-9850.534669585511
hierarchical4_n1000_ch1.4_s5002,hierarchical4,1000,1.4,5002,gmm_direct_X,0,0.0,1,True,1,-1016.8913138741384
hierarchical4_n1000_ch1.4_s5002,hierarchical4,1000,1.4,5002,km_X,0,0.0,1,,2,-149900.54693136958
hierarchical4_n1000_ch1.4_s5002,hierarchical4,1000,1.4,5002,soft_Ucal_Xinit_tau1,0,0.0,1,True,6,-10000.471211337352
hierarchical4_n1000_ch1.4_s5003,hierarchical4,1000,1.4,5003,gmm_direct_X,0,0.0,1,True,1,-875.9966894934689
hierarchical4_n1000_ch1.4_s5003,hierarchical4,1000,1.4,5003,km_X,0,0.0,1,,2,-135406.38345915326
hierarchical4_n1000_ch1.4_s5003,hierarchical4,1000,1.4,5003,soft_Ucal_Xinit_tau1,0,0.0,1,True,6,-9835.045471516934
hierarchical4_n1000_ch1.4_s5004,hierarchical4,1000,1.4,5004,gmm_direct_X,0,0.0,1,True,1,-826.3820334622527
hierarchical4_n1000_ch1.4_s5004,hierarchical4,1000,1.4,5004,km_X,0,0.0,1,,3,-140220.1602444667
hierarchical4_n1000_ch1.4_s5004,hierarchical4,1000,1.4,5004,soft_Ucal_Xinit_tau1,0,0.0,1,True,7,-9816.500987251307
hierarchical4_n1000_ch1.4_s5005,hierarchical4,1000,1.4,5005,gmm_direct_X,0,0.0,1,True,1,-1036.7229388266385
hierarchical4_n1000_ch1.4_s5005,hierarchical4,1000,1.4,5005,km_X,0,0.0,1,,2,-144330.91301708462
hierarchical4_n1000_ch1.4_s5005,hierarchical4,1000,1.4,5005,soft_Ucal_Xinit_tau1,0,0.0,1,True,6,-10004.18647975751
hierarchical4_n1000_ch1.4_s5006,hierarchical4,1000,1.4,5006,gmm_direct_X,0,0.0,1,True,1,-858.7773246513079
hierarchical4_n1000_ch1.4_s5006,hierarchical4,1000,1.4,5006,km_X,0,0.0,1,,2,-139422.1786459179
hierarchical4_n1000_ch1.4_s5006,hierarchical4,1000,1.4,5006,soft_Ucal_Xinit_tau1,0,0.0,1,True,6,-9910.183769472784
hierarchical4_n1000_ch1.4_s5007,hierarchical4,1000,1.4,5007,gmm_direct_X,0,0.0,1,True,1,-866.8951597409514
hierarchical4_n1000_ch1.4_s5007,hierarchical4,1000,1.4,5007,km_X,0,0.0,1,,2,-143219.80747774424
hierarchical4_n1000_ch1.4_s5007,hierarchical4,1000,1.4,5007,soft_Ucal_Xinit_tau1,0,0.0,1,True,6,-9867.816786938793
hierarchical4_n1000_ch1.4_s5008,hierarchical4,1000,1.4,5008,gmm_direct_X,0,0.0,1,True,1,-1012.1308831425524
hierarchical4_n1000_ch1.4_s5008,hierarchical4,1000,1.4,5008,km_X,0,0.0,1,,2,-137138.16820758992
hierarchical4_n1000_ch1.4_s5008,hierarchical4,1000,1.4,5008,soft_Ucal_Xinit_tau1,0,0.0,1,True,7,-9872.637585648816
hierarchical4_n1000_ch1.4_s5009,hierarchical4,1000,1.4,5009,gmm_direct_X,0,0.0,1,True,1,-874.0999638214953
hierarchical4_n1000_ch1.4_s5009,hierarchical4,1000,1.4,5009,km_X,0,0.0,1,,3,-128024.0869905017
hierarchical4_n1000_ch1.4_s5009,hierarchical4,1000,1.4,5009,soft_Ucal_Xinit_tau1,0,0.0,1,True,6,-9814.454535311665
hierarchical4_n2000_ch0.8_s5000,hierarchical4,2000,0.8,5000,gmm_direct_X,1,0.0005,0,True,3,-3339.1529740064307
hierarchical4_n2000_ch0.8_s5000,hierarchical4,2000,0.8,5000,km_X,0,0.0,1,,4,-211581.1277504144
hierarchical4_n2000_ch0.8_s5000,hierarchical4,2000,0.8,5000,soft_Ucal_Xinit_tau1,0,0.0,1,True,9,-18573.83175856807
hierarchical4_n2000_ch0.8_s5001,hierarchical4,2000,0.8,5001,gmm_direct_X,2,0.001,0,True,2,-3225.8756093044085
hierarchical4_n2000_ch0.8_s5001,hierarchical4,2000,0.8,5001,km_X,2,0.001,0,,3,-205130.0565031347
hierarchical4_n2000_ch0.8_s5001,hierarchical4,2000,0.8,5001,soft_Ucal_Xinit_tau1,2,0.001,0,True,9,-18490.90817459982
hierarchical4_n2000_ch0.8_s5002,hierarchical4,2000,0.8,5002,gmm_direct_X,1,0.0005,0,True,2,-3484.5843005007296
hierarchical4_n2000_ch0.8_s5002,hierarchical4,2000,0.8,5002,km_X,0,0.0,1,,3,-216987.789798292
hierarchical4_n2000_ch0.8_s5002,hierarchical4,2000,0.8,5002,soft_Ucal_Xinit_tau1,1,0.0005,0,True,9,-18713.316794889084
hierarchical4_n2000_ch0.8_s5003,hierarchical4,2000,0.8,5003,gmm_direct_X,1,0.0005,0,True,2,-3336.478215332444
hierarchical4_n2000_ch0.8_s5003,hierarchical4,2000,0.8,5003,km_X,1,0.0005,0,,3,-202872.0958257928
hierarchical4_n2000_ch0.8_s5003,hierarchical4,2000,0.8,5003,soft_Ucal_Xinit_tau1,1,0.0005,0,True,9,-18516.869532002285
hierarchical4_n2000_ch0.8_s5004,hierarchical4,2000,0.8,5004,gmm_direct_X,0,0.0,1,True,2,-3455.4126034365827
hierarchical4_n2000_ch0.8_s5004,hierarchical4,2000,0.8,5004,km_X,0,0.0,1,,3,-206790.73104274116
hierarchical4_n2000_ch0.8_s5004,hierarchical4,2000,0.8,5004,soft_Ucal_Xinit_tau1,0,0.0,1,True,10,-18583.43835949617
hierarchical4_n2000_ch0.8_s5005,hierarchical4,2000,0.8,5005,gmm_direct_X,0,0.0,1,True,2,-3425.1309025270466
hierarchical4_n2000_ch0.8_s5005,hierarchical4,2000,0.8,5005,km_X,1,0.0005,0,,4,-213730.339871792
hierarchical4_n2000_ch0.8_s5005,hierarchical4,2000,0.8,5005,soft_Ucal_Xinit_tau1,1,0.0005,0,True,9,-18670.90937869801
hierarchical4_n2000_ch0.8_s5006,hierarchical4,2000,0.8,5006,gmm_direct_X,0,0.0,1,True,2,-3254.2840854368296
hierarchical4_n2000_ch0.8_s5006,hierarchical4,2000,0.8,5006,km_X,0,0.0,1,,3,-208792.2454496069
hierarchical4_n2000_ch0.8_s5006,hierarchical4,2000,0.8,5006,soft_Ucal_Xinit_tau1,0,0.0,1,True,10,-18579.24783326997
hierarchical4_n2000_ch0.8_s5007,hierarchical4,2000,0.8,5007,gmm_direct_X,1,0.0005,0,True,2,-3379.6930408787675
hierarchical4_n2000_ch0.8_s5007,hierarchical4,2000,0.8,5007,km_X,1,0.0005,0,,3,-208540.46690242013
hierarchical4_n2000_ch0.8_s5007,hierarchical4,2000,0.8,5007,soft_Ucal_Xinit_tau1,1,0.0005,0,True,9,-18623.25701624174
hierarchical4_n2000_ch0.8_s5008,hierarchical4,2000,0.8,5008,gmm_direct_X,0,0.0,1,True,2,-3403.8120786643
hierarchical4_n2000_ch0.8_s5008,hierarchical4,2000,0.8,5008,km_X,0,0.0,1,,3,-208666.2225712441
hierarchical4_n2000_ch0.8_s5008,hierarchical4,2000,0.8,5008,soft_Ucal_Xinit_tau1,0,0.0,1,True,9,-18596.576079833238
hierarchical4_n2000_ch0.8_s5009,hierarchical4,2000,0.8,5009,gmm_direct_X,1,0.0005,0,True,2,-3446.233775557851
hierarchical4_n2000_ch0.8_s5009,hierarchical4,2000,0.8,5009,km_X,0,0.0,1,,3,-200981.32594136105
hierarchical4_n2000_ch0.8_s5009,hierarchical4,2000,0.8,5009,soft_Ucal_Xinit_tau1,0,0.0,1,True,9,-18573.48012203992
hierarchical4_n2000_ch1.4_s5000,hierarchical4,2000,1.4,5000,gmm_direct_X,0,0.0,1,True,1,-1594.9899966478554
hierarchical4_n2000_ch1.4_s5000,hierarchical4,2000,1.4,5000,km_X,0,0.0,1,,3,-336068.83470850973
hierarchical4_n2000_ch1.4_s5000,hierarchical4,2000,1.4,5000,soft_Ucal_Xinit_tau1,0,0.0,1,True,6,-20197.93100988346
hierarchical4_n2000_ch1.4_s5001,hierarchical4,2000,1.4,5001,gmm_direct_X,0,0.0,1,True,1,-1519.2016943260005
hierarchical4_n2000_ch1.4_s5001,hierarchical4,2000,1.4,5001,km_X,0,0.0,1,,3,-306342.2266898252
hierarchical4_n2000_ch1.4_s5001,hierarchical4,2000,1.4,5001,soft_Ucal_Xinit_tau1,0,0.0,1,True,6,-20026.228141669588
hierarchical4_n2000_ch1.4_s5002,hierarchical4,2000,1.4,5002,gmm_direct_X,0,0.0,1,True,1,-1718.1091173283844
hierarchical4_n2000_ch1.4_s5002,hierarchical4,2000,1.4,5002,km_X,0,0.0,1,,2,-334348.21634176606
hierarchical4_n2000_ch1.4_s5002,hierarchical4,2000,1.4,5002,soft_Ucal_Xinit_tau1,0,0.0,1,True,6,-20281.318531959965
hierarchical4_n2000_ch1.4_s5003,hierarchical4,2000,1.4,5003,gmm_direct_X,0,0.0,1,True,1,-1556.754892013893
hierarchical4_n2000_ch1.4_s5003,hierarchical4,2000,1.4,5003,km_X,0,0.0,1,,3,-330811.2382074309
hierarchical4_n2000_ch1.4_s5003,hierarchical4,2000,1.4,5003,soft_Ucal_Xinit_tau1,0,0.0,1,True,6,-20162.561412529445
hierarchical4_n2000_ch1.4_s5004,hierarchical4,2000,1.4,5004,gmm_direct_X,0,0.0,1,True,1,-1662.3632338034636
hierarchical4_n2000_ch1.4_s5004,hierarchical4,2000,1.4,5004,km_X,0,0.0,1,,2,-320276.5823458472
hierarchical4_n2000_ch1.4_s5004,hierarchical4,2000,1.4,5004,soft_Ucal_Xinit_tau1,0,0.0,1,True,6,-20210.12185287008
hierarchical4_n2000_ch1.4_s5005,hierarchical4,2000,1.4,5005,gmm_direct_X,0,0.0,1,True,1,-1491.512479022595
hierarchical4_n2000_ch1.4_s5005,hierarchical4,2000,1.4,5005,km_X,0,0.0,1,,2,-330549.1974861217
hierarchical4_n2000_ch1.4_s5005,hierarchical4,2000,1.4,5005,soft_Ucal_Xinit_tau1,0,0.0,1,True,6,-20215.03734024273
hierarchical4_n2000_ch1.4_s5006,hierarchical4,2000,1.4,5006,gmm_direct_X,0,0.0,1,True,1,-1608.707293033357
hierarchical4_n2000_ch1.4_s5006,hierarchical4,2000,1.4,5006,km_X,0,0.0,1,,2,-315996.3866375347
hierarchical4_n2000_ch1.4_s5006,hierarchical4,2000,1.4,5006,soft_Ucal_Xinit_tau1,0,0.0,1,True,6,-20134.191421125663
hierarchical4_n2000_ch1.4_s5007,hierarchical4,2000,1.4,5007,gmm_direct_X,0,0.0,1,True,1,-1655.3267916059244
hierarchical4_n2000_ch1.4_s5007,hierarchical4,2000,1.4,5007,km_X,0,0.0,1,,2,-319730.4807900258
hierarchical4_n2000_ch1.4_s5007,hierarchical4,2000,1.4,5007,soft_Ucal_Xinit_tau1,0,0.0,1,True,6,-20189.75770210965
hierarchical4_n2000_ch1.4_s5008,hierarchical4,2000,1.4,5008,gmm_direct_X,0,0.0,1,True,1,-1616.825771808137
hierarchical4_n2000_ch1.4_s5008,hierarchical4,2000,1.4,5008,km_X,0,0.0,1,,3,-328760.2016772413
hierarchical4_n2000_ch1.4_s5008,hierarchical4,2000,1.4,5008,soft_Ucal_Xinit_tau1,0,0.0,1,True,6,-20190.55166434689
hierarchical4_n2000_ch1.4_s5009,hierarchical4,2000,1.4,5009,gmm_direct_X,0,0.0,1,True,1,-1542.073014563156
hierarchical4_n2000_ch1.4_s5009,hierarchical4,2000,1.4,5009,km_X,0,0.0,1,,3,-305707.43226207286
hierarchical4_n2000_ch1.4_s5009,hierarchical4,2000,1.4,5009,soft_Ucal_Xinit_tau1,0,0.0,1,True,6,-20042.63156668679
symmetric2_n1000_ch0.8_s5000,symmetric2,1000,0.8,5000,gmm_direct_X,1,0.001,0,True,2,-2164.1999883426106
symmetric2_n1000_ch0.8_s5000,symmetric2,1000,0.8,5000,km_X,1,0.001,0,,3,-64413.02953334868
symmetric2_n1000_ch0.8_s5000,symmetric2,1000,0.8,5000,soft_Ucal_Xinit_tau1,1,0.001,0,True,2,-6150.844743139678
symmetric2_n1000_ch0.8_s5001,symmetric2,1000,0.8,5001,gmm_direct_X,0,0.0,1,True,2,-2129.983436318636
symmetric2_n1000_ch0.8_s5001,symmetric2,1000,0.8,5001,km_X,0,0.0,1,,3,-61661.57669626952
symmetric2_n1000_ch0.8_s5001,symmetric2,1000,0.8,5001,soft_Ucal_Xinit_tau1,0,0.0,1,True,2,-6110.925419900626
symmetric2_n1000_ch0.8_s5002,symmetric2,1000,0.8,5002,gmm_direct_X,0,0.0,1,True,2,-2132.783837329137
symmetric2_n1000_ch0.8_s5002,symmetric2,1000,0.8,5002,km_X,0,0.0,1,,4,-67205.67949559899
symmetric2_n1000_ch0.8_s5002,symmetric2,1000,0.8,5002,soft_Ucal_Xinit_tau1,0,0.0,1,True,1,-6155.482503520616
symmetric2_n1000_ch0.8_s5003,symmetric2,1000,0.8,5003,gmm_direct_X,3,0.003,0,True,2,-2180.780026380536
symmetric2_n1000_ch0.8_s5003,symmetric2,1000,0.8,5003,km_X,3,0.003,0,,3,-58825.73207549329
symmetric2_n1000_ch0.8_s5003,symmetric2,1000,0.8,5003,soft_Ucal_Xinit_tau1,3,0.003,0,True,2,-6073.115241682506
symmetric2_n1000_ch0.8_s5004,symmetric2,1000,0.8,5004,gmm_direct_X,1,0.001,0,True,2,-2155.933498663399
symmetric2_n1000_ch0.8_s5004,symmetric2,1000,0.8,5004,km_X,2,0.002,0,,3,-61942.15270231915
symmetric2_n1000_ch0.8_s5004,symmetric2,1000,0.8,5004,soft_Ucal_Xinit_tau1,2,0.002,0,True,2,-6114.088725424431
symmetric2_n1000_ch0.8_s5005,symmetric2,1000,0.8,5005,gmm_direct_X,1,0.001,0,True,2,-2173.828232432791
symmetric2_n1000_ch0.8_s5005,symmetric2,1000,0.8,5005,km_X,2,0.002,0,,2,-67442.14470352887
symmetric2_n1000_ch0.8_s5005,symmetric2,1000,0.8,5005,soft_Ucal_Xinit_tau1,2,0.002,0,True,2,-6191.553199769103
symmetric2_n1000_ch0.8_s5006,symmetric2,1000,0.8,5006,gmm_direct_X,2,0.002,0,True,2,-2190.2610330550788
symmetric2_n1000_ch0.8_s5006,symmetric2,1000,0.8,5006,km_X,2,0.002,0,,3,-67215.69150011946
symmetric2_n1000_ch0.8_s5006,symmetric2,1000,0.8,5006,soft_Ucal_Xinit_tau1,2,0.002,0,True,2,-6199.958417726097
symmetric2_n1000_ch0.8_s5007,symmetric2,1000,0.8,5007,gmm_direct_X,2,0.002,0,True,2,-2155.3367008479263
symmetric2_n1000_ch0.8_s5007,symmetric2,1000,0.8,5007,km_X,2,0.002,0,,3,-61925.34154727053
symmetric2_n1000_ch0.8_s5007,symmetric2,1000,0.8,5007,soft_Ucal_Xinit_tau1,2,0.002,0,True,2,-6112.746238014281
symmetric2_n1000_ch0.8_s5008,symmetric2,1000,0.8,5008,gmm_direct_X,1,0.001,0,True,2,-2189.556936774319
symmetric2_n1000_ch0.8_s5008,symmetric2,1000,0.8,5008,km_X,2,0.002,0,,4,-68184.14580844367
symmetric2_n1000_ch0.8_s5008,symmetric2,1000,0.8,5008,soft_Ucal_Xinit_tau1,2,0.002,0,True,2,-6208.671790169689
symmetric2_n1000_ch0.8_s5009,symmetric2,1000,0.8,5009,gmm_direct_X,1,0.001,0,True,2,-2131.815874002556
symmetric2_n1000_ch0.8_s5009,symmetric2,1000,0.8,5009,km_X,1,0.001,0,,3,-64218.36909669407
symmetric2_n1000_ch0.8_s5009,symmetric2,1000,0.8,5009,soft_Ucal_Xinit_tau1,1,0.001,0,True,2,-6139.11725079005
symmetric2_n1000_ch1.4_s5000,symmetric2,1000,1.4,5000,gmm_direct_X,0,0.0,1,True,1,-1858.1603343122613
symmetric2_n1000_ch1.4_s5000,symmetric2,1000,1.4,5000,km_X,0,0.0,1,,2,-93340.33606217436
symmetric2_n1000_ch1.4_s5000,symmetric2,1000,1.4,5000,soft_Ucal_Xinit_tau1,0,0.0,1,True,1,-6515.733630076733
symmetric2_n1000_ch1.4_s5001,symmetric2,1000,1.4,5001,gmm_direct_X,0,0.0,1,True,1,-1860.312056528974
symmetric2_n1000_ch1.4_s5001,symmetric2,1000,1.4,5001,km_X,0,0.0,1,,2,-97889.62675641043
symmetric2_n1000_ch1.4_s5001,symmetric2,1000,1.4,5001,soft_Ucal_Xinit_tau1,0,0.0,1,True,1,-6550.924574966375
symmetric2_n1000_ch1.4_s5002,symmetric2,1000,1.4,5002,gmm_direct_X,0,0.0,1,True,1,-1856.6757616477669
symmetric2_n1000_ch1.4_s5002,symmetric2,1000,1.4,5002,km_X,0,0.0,1,,3,-100756.70548370028
symmetric2_n1000_ch1.4_s5002,symmetric2,1000,1.4,5002,soft_Ucal_Xinit_tau1,0,0.0,1,True,1,-6564.5903086907365
symmetric2_n1000_ch1.4_s5003,symmetric2,1000,1.4,5003,gmm_direct_X,0,0.0,1,True,1,-1863.4357638240756
symmetric2_n1000_ch1.4_s5003,symmetric2,1000,1.4,5003,km_X,0,0.0,1,,3,-90954.11449896664
symmetric2_n1000_ch1.4_s5003,symmetric2,1000,1.4,5003,soft_Ucal_Xinit_tau1,0,0.0,1,True,1,-6479.2211651819625
symmetric2_n1000_ch1.4_s5004,symmetric2,1000,1.4,5004,gmm_direct_X,0,0.0,1,True,1,-1872.8961629932069
symmetric2_n1000_ch1.4_s5004,symmetric2,1000,1.4,5004,km_X,0,0.0,1,,2,-99039.06860417937
symmetric2_n1000_ch1.4_s5004,symmetric2,1000,1.4,5004,soft_Ucal_Xinit_tau1,0,0.0,1,True,1,-6555.608189607639
symmetric2_n1000_ch1.4_s5005,symmetric2,1000,1.4,5005,gmm_direct_X,0,0.0,1,True,1,-1909.1394133178364
symmetric2_n1000_ch1.4_s5005,symmetric2,1000,1.4,5005,km_X,0,0.0,1,,2,-110513.38045437598
symmetric2_n1000_ch1.4_s5005,symmetric2,1000,1.4,5005,soft_Ucal_Xinit_tau1,0,0.0,1,True,1,-6667.7921594037925
symmetric2_n1000_ch1.4_s5006,symmetric2,1000,1.4,5006,gmm_direct_X,0,0.0,1,True,1,-1857.881814444273
symmetric2_n1000_ch1.4_s5006,symmetric2,1000,1.4,5006,km_X,0,0.0,1,,2,-104750.93755627968
symmetric2_n1000_ch1.4_s5006,symmetric2,1000,1.4,5006,soft_Ucal_Xinit_tau1,0,0.0,1,True,1,-6596.151305241617
symmetric2_n1000_ch1.4_s5007,symmetric2,1000,1.4,5007,gmm_direct_X,0,0.0,1,True,1,-1906.4471209500769
symmetric2_n1000_ch1.4_s5007,symmetric2,1000,1.4,5007,km_X,0,0.0,1,,2,-98064.39361218322
symmetric2_n1000_ch1.4_s5007,symmetric2,1000,1.4,5007,soft_Ucal_Xinit_tau1,0,0.0,1,True,1,-6574.857796700506
symmetric2_n1000_ch1.4_s5008,symmetric2,1000,1.4,5008,gmm_direct_X,0,0.0,1,True,1,-1894.1152666769
symmetric2_n1000_ch1.4_s5008,symmetric2,1000,1.4,5008,km_X,0,0.0,1,,3,-100329.79320070692
symmetric2_n1000_ch1.4_s5008,symmetric2,1000,1.4,5008,soft_Ucal_Xinit_tau1,0,0.0,1,True,1,-6574.908669157063
symmetric2_n1000_ch1.4_s5009,symmetric2,1000,1.4,5009,gmm_direct_X,0,0.0,1,True,1,-1826.9936905744755
symmetric2_n1000_ch1.4_s5009,symmetric2,1000,1.4,5009,km_X,0,0.0,1,,2,-96742.06691867903
symmetric2_n1000_ch1.4_s5009,symmetric2,1000,1.4,5009,soft_Ucal_Xinit_tau1,0,0.0,1,True,1,-6537.317941342579
symmetric2_n2000_ch0.8_s5000,symmetric2,2000,0.8,5000,gmm_direct_X,1,0.0005,0,True,2,-4228.496917470263
symmetric2_n2000_ch0.8_s5000,symmetric2,2000,0.8,5000,km_X,2,0.001,0,,2,-135801.15039997993
symmetric2_n2000_ch0.8_s5000,symmetric2,2000,0.8,5000,soft_Ucal_Xinit_tau1,1,0.0005,0,True,2,-12381.10600125916
symmetric2_n2000_ch0.8_s5001,symmetric2,2000,0.8,5001,gmm_direct_X,1,0.0005,0,True,2,-4157.7674019031565
symmetric2_n2000_ch0.8_s5001,symmetric2,2000,0.8,5001,km_X,0,0.0,1,,3,-131039.86375788132
symmetric2_n2000_ch0.8_s5001,symmetric2,2000,0.8,5001,soft_Ucal_Xinit_tau1,0,0.0,1,True,2,-12310.299285471836
symmetric2_n2000_ch0.8_s5002,symmetric2,2000,0.8,5002,gmm_direct_X,1,0.0005,0,True,1,-4200.888877246481
symmetric2_n2000_ch0.8_s5002,symmetric2,2000,0.8,5002,km_X,1,0.0005,0,,3,-143254.45206657183
symmetric2_n2000_ch0.8_s5002,symmetric2,2000,0.8,5002,soft_Ucal_Xinit_tau1,1,0.0005,0,True,1,-12428.7060478675
symmetric2_n2000_ch0.8_s5003,symmetric2,2000,0.8,5003,gmm_direct_X,0,0.0,1,True,1,-4222.933063325467
symmetric2_n2000_ch0.8_s5003,symmetric2,2000,0.8,5003,km_X,0,0.0,1,,3,-145737.48322955577
symmetric2_n2000_ch0.8_s5003,symmetric2,2000,0.8,5003,soft_Ucal_Xinit_tau1,0,0.0,1,True,2,-12495.99177159433
symmetric2_n2000_ch0.8_s5004,symmetric2,2000,0.8,5004,gmm_direct_X,0,0.0,1,True,2,-4274.304519394617
symmetric2_n2000_ch0.8_s5004,symmetric2,2000,0.8,5004,km_X,1,0.0005,0,,3,-143476.9227716355
symmetric2_n2000_ch0.8_s5004,symmetric2,2000,0.8,5004,soft_Ucal_Xinit_tau1,1,0.0005,0,True,2,-12514.613201187363
symmetric2_n2000_ch0.8_s5005,symmetric2,2000,0.8,5005,gmm_direct_X,0,0.0,1,True,2,-4224.679568932666
symmetric2_n2000_ch0.8_s5005,symmetric2,2000,0.8,5005,km_X,0,0.0,1,,2,-141917.9886013856
symmetric2_n2000_ch0.8_s5005,symmetric2,2000,0.8,5005,soft_Ucal_Xinit_tau1,0,0.0,1,True,2,-12457.995611351684
symmetric2_n2000_ch0.8_s5006,symmetric2,2000,0.8,5006,gmm_direct_X,1,0.0005,0,True,1,-4240.195208407533
symmetric2_n2000_ch0.8_s5006,symmetric2,2000,0.8,5006,km_X,1,0.0005,0,,3,-143862.8236533379
symmetric2_n2000_ch0.8_s5006,symmetric2,2000,0.8,5006,soft_Ucal_Xinit_tau1,1,0.0005,0,True,2,-12542.516012988424
symmetric2_n2000_ch0.8_s5007,symmetric2,2000,0.8,5007,gmm_direct_X,0,0.0,1,True,2,-4295.455561364689
symmetric2_n2000_ch0.8_s5007,symmetric2,2000,0.8,5007,km_X,0,0.0,1,,3,-148263.25204925376
symmetric2_n2000_ch0.8_s5007,symmetric2,2000,0.8,5007,soft_Ucal_Xinit_tau1,0,0.0,1,True,2,-12587.725524366931
symmetric2_n2000_ch0.8_s5008,symmetric2,2000,0.8,5008,gmm_direct_X,0,0.0,1,True,2,-4180.692247834157
symmetric2_n2000_ch0.8_s5008,symmetric2,2000,0.8,5008,km_X,0,0.0,1,,3,-141364.307793532
symmetric2_n2000_ch0.8_s5008,symmetric2,2000,0.8,5008,soft_Ucal_Xinit_tau1,0,0.0,1,True,1,-12414.160842096277
symmetric2_n2000_ch0.8_s5009,symmetric2,2000,0.8,5009,gmm_direct_X,1,0.0005,0,True,2,-4263.29169690855
symmetric2_n2000_ch0.8_s5009,symmetric2,2000,0.8,5009,km_X,1,0.0005,0,,2,-138706.4565074172
symmetric2_n2000_ch0.8_s5009,symmetric2,2000,0.8,5009,soft_Ucal_Xinit_tau1,1,0.0005,0,True,2,-12452.44083174393
symmetric2_n2000_ch1.4_s5000,symmetric2,2000,1.4,5000,gmm_direct_X,0,0.0,1,True,1,-3657.120496842644
symmetric2_n2000_ch1.4_s5000,symmetric2,2000,1.4,5000,km_X,0,0.0,1,,2,-221339.33316206056
symmetric2_n2000_ch1.4_s5000,symmetric2,2000,1.4,5000,soft_Ucal_Xinit_tau1,0,0.0,1,True,1,-13326.753482914875
symmetric2_n2000_ch1.4_s5001,symmetric2,2000,1.4,5001,gmm_direct_X,0,0.0,1,True,1,-3590.590236789848
symmetric2_n2000_ch1.4_s5001,symmetric2,2000,1.4,5001,km_X,0,0.0,1,,2,-214999.10212148167
symmetric2_n2000_ch1.4_s5001,symmetric2,2000,1.4,5001,soft_Ucal_Xinit_tau1,0,0.0,1,True,1,-13260.791032807774
symmetric2_n2000_ch1.4_s5002,symmetric2,2000,1.4,5002,gmm_direct_X,0,0.0,1,True,1,-3659.792562626592
symmetric2_n2000_ch1.4_s5002,symmetric2,2000,1.4,5002,km_X,0,0.0,1,,2,-228683.5301783456
symmetric2_n2000_ch1.4_s5002,symmetric2,2000,1.4,5002,soft_Ucal_Xinit_tau1,0,0.0,1,True,1,-13350.984106701271
symmetric2_n2000_ch1.4_s5003,symmetric2,2000,1.4,5003,gmm_direct_X,0,0.0,1,True,1,-3652.188560670742
symmetric2_n2000_ch1.4_s5003,symmetric2,2000,1.4,5003,km_X,0,0.0,1,,2,-228137.06275819105
symmetric2_n2000_ch1.4_s5003,symmetric2,2000,1.4,5003,soft_Ucal_Xinit_tau1,0,0.0,1,True,1,-13363.311598881235
symmetric2_n2000_ch1.4_s5004,symmetric2,2000,1.4,5004,gmm_direct_X,0,0.0,1,True,1,-3659.48751757339
symmetric2_n2000_ch1.4_s5004,symmetric2,2000,1.4,5004,km_X,0,0.0,1,,2,-217693.2606046066
symmetric2_n2000_ch1.4_s5004,symmetric2,2000,1.4,5004,soft_Ucal_Xinit_tau1,0,0.0,1,True,1,-13298.615381074414
symmetric2_n2000_ch1.4_s5005,symmetric2,2000,1.4,5005,gmm_direct_X,0,0.0,1,True,1,-3671.038554982017
symmetric2_n2000_ch1.4_s5005,symmetric2,2000,1.4,5005,km_X,0,0.0,1,,2,-229669.29429627335
symmetric2_n2000_ch1.4_s5005,symmetric2,2000,1.4,5005,soft_Ucal_Xinit_tau1,0,0.0,1,True,1,-13406.818831649314
symmetric2_n2000_ch1.4_s5006,symmetric2,2000,1.4,5006,gmm_direct_X,0,0.0,1,True,1,-3658.814646458817
symmetric2_n2000_ch1.4_s5006,symmetric2,2000,1.4,5006,km_X,0,0.0,1,,2,-226358.40362442445
symmetric2_n2000_ch1.4_s5006,symmetric2,2000,1.4,5006,soft_Ucal_Xinit_tau1,0,0.0,1,True,1,-13405.773782527373
symmetric2_n2000_ch1.4_s5007,symmetric2,2000,1.4,5007,gmm_direct_X,0,0.0,1,True,1,-3662.4740721747594
symmetric2_n2000_ch1.4_s5007,symmetric2,2000,1.4,5007,km_X,0,0.0,1,,2,-231307.45994802957
symmetric2_n2000_ch1.4_s5007,symmetric2,2000,1.4,5007,soft_Ucal_Xinit_tau1,0,0.0,1,True,1,-13391.954711035072
symmetric2_n2000_ch1.4_s5008,symmetric2,2000,1.4,5008,gmm_direct_X,0,0.0,1,True,1,-3619.240383625192
symmetric2_n2000_ch1.4_s5008,symmetric2,2000,1.4,5008,km_X,0,0.0,1,,2,-235071.1853489588
symmetric2_n2000_ch1.4_s5008,symmetric2,2000,1.4,5008,soft_Ucal_Xinit_tau1,0,0.0,1,True,1,-13361.86220787042
symmetric2_n2000_ch1.4_s5009,symmetric2,2000,1.4,5009,gmm_direct_X,0,0.0,1,True,1,-3622.0057354533
symmetric2_n2000_ch1.4_s5009,symmetric2,2000,1.4,5009,km_X,0,0.0,1,,2,-213899.32714210803
symmetric2_n2000_ch1.4_s5009,symmetric2,2000,1.4,5009,soft_Ucal_Xinit_tau1,0,0.0,1,True,1,-13275.29385888976
unequal3_n1000_ch0.8_s5000,unequal3,1000,0.8,5000,gmm_direct_X,0,0.0,1,True,2,-1671.0717436248028
unequal3_n1000_ch0.8_s5000,unequal3,1000,0.8,5000,km_X,1,0.001,0,,5,-73993.57318532666
unequal3_n1000_ch0.8_s5000,unequal3,1000,0.8,5000,soft_Ucal_Xinit_tau1,0,0.0,1,True,6,-7692.217119033481
unequal3_n1000_ch0.8_s5001,unequal3,1000,0.8,5001,gmm_direct_X,0,0.0,1,True,4,-1733.7744483874008
unequal3_n1000_ch0.8_s5001,unequal3,1000,0.8,5001,km_X,2,0.002,0,,5,-73996.569365778
unequal3_n1000_ch0.8_s5001,unequal3,1000,0.8,5001,soft_Ucal_Xinit_tau1,0,0.0,1,True,7,-7820.604798294544
unequal3_n1000_ch0.8_s5002,unequal3,1000,0.8,5002,gmm_direct_X,2,0.002,0,True,3,-1811.0054922629104
unequal3_n1000_ch0.8_s5002,unequal3,1000,0.8,5002,km_X,2,0.002,0,,3,-79066.38025488908
unequal3_n1000_ch0.8_s5002,unequal3,1000,0.8,5002,soft_Ucal_Xinit_tau1,1,0.001,0,True,7,-8046.24953355413
unequal3_n1000_ch0.8_s5003,unequal3,1000,0.8,5003,gmm_direct_X,2,0.002,0,True,3,-1867.7033857131023
unequal3_n1000_ch0.8_s5003,unequal3,1000,0.8,5003,km_X,0,0.0,1,,2,-74466.21396031448
unequal3_n1000_ch0.8_s5003,unequal3,1000,0.8,5003,soft_Ucal_Xinit_tau1,0,0.0,1,True,6,-8124.556030579662
unequal3_n1000_ch0.8_s5004,unequal3,1000,0.8,5004,gmm_direct_X,0,0.0,1,True,3,-1791.80045483795
unequal3_n1000_ch0.8_s5004,unequal3,1000,0.8,5004,km_X,2,0.002,0,,3,-72622.44094966142
unequal3_n1000_ch0.8_s5004,unequal3,1000,0.8,5004,soft_Ucal_Xinit_tau1,0,0.0,1,True,6,-7960.88883035054
unequal3_n1000_ch0.8_s5005,unequal3,1000,0.8,5005,gmm_direct_X,3,0.003,0,True,4,-1859.817322175874
unequal3_n1000_ch0.8_s5005,unequal3,1000,0.8,5005,km_X,2,0.002,0,,3,-78226.00099953442
unequal3_n1000_ch0.8_s5005,unequal3,1000,0.8,5005,soft_Ucal_Xinit_tau1,2,0.002,0,True,6,-8034.217294483358
unequal3_n1000_ch0.8_s5006,unequal3,1000,0.8,5006,gmm_direct_X,1,0.001,0,True,3,-1841.4435970744807
unequal3_n1000_ch0.8_s5006,unequal3,1000,0.8,5006,km_X,1,0.001,0,,4,-79321.69367654693
unequal3_n1000_ch0.8_s5006,unequal3,1000,0.8,5006,soft_Ucal_Xinit_tau1,0,0.0,1,True,7,-8041.450696049156
unequal3_n1000_ch0.8_s5007,unequal3,1000,0.8,5007,gmm_direct_X,1,0.001,0,True,3,-1833.5765611021195
unequal3_n1000_ch0.8_s5007,unequal3,1000,0.8,5007,km_X,2,0.002,0,,5,-77291.23456372999
unequal3_n1000_ch0.8_s5007,unequal3,1000,0.8,5007,soft_Ucal_Xinit_tau1,0,0.0,1,True,6,-8135.775080310774
unequal3_n1000_ch0.8_s5008,unequal3,1000,0.8,5008,gmm_direct_X,1,0.001,0,True,3,-1873.09303893089
unequal3_n1000_ch0.8_s5008,unequal3,1000,0.8,5008,km_X,4,0.004,0,,3,-77392.81216021492
unequal3_n1000_ch0.8_s5008,unequal3,1000,0.8,5008,soft_Ucal_Xinit_tau1,1,0.001,0,True,7,-8053.088686442691
unequal3_n1000_ch0.8_s5009,unequal3,1000,0.8,5009,gmm_direct_X,1,0.001,0,True,4,-1719.47638006072
unequal3_n1000_ch0.8_s5009,unequal3,1000,0.8,5009,km_X,2,0.002,0,,3,-70949.18687172572
unequal3_n1000_ch0.8_s5009,unequal3,1000,0.8,5009,soft_Ucal_Xinit_tau1,0,0.0,1,True,6,-7826.341362616091
unequal3_n1000_ch1.4_s5000,unequal3,1000,1.4,5000,gmm_direct_X,0,0.0,1,True,1,-701.9039422615245
unequal3_n1000_ch1.4_s5000,unequal3,1000,1.4,5000,km_X,0,0.0,1,,2,-98690.67774978445
unequal3_n1000_ch1.4_s5000,unequal3,1000,1.4,5000,soft_Ucal_Xinit_tau1,0,0.0,1,True,3,-8100.113361566916
unequal3_n1000_ch1.4_s5001,unequal3,1000,1.4,5001,gmm_direct_X,0,0.0,1,True,1,-744.3211241141303
unequal3_n1000_ch1.4_s5001,unequal3,1000,1.4,5001,km_X,0,0.0,1,,3,-110711.1560592059
unequal3_n1000_ch1.4_s5001,unequal3,1000,1.4,5001,soft_Ucal_Xinit_tau1,0,0.0,1,True,3,-8157.231400174291
unequal3_n1000_ch1.4_s5002,unequal3,1000,1.4,5002,gmm_direct_X,0,0.0,1,True,1,-789.9685965503496
unequal3_n1000_ch1.4_s5002,unequal3,1000,1.4,5002,km_X,0,0.0,1,,2,-112246.62085101444
unequal3_n1000_ch1.4_s5002,unequal3,1000,1.4,5002,soft_Ucal_Xinit_tau1,0,0.0,1,True,4,-8230.81118190775
unequal3_n1000_ch1.4_s5003,unequal3,1000,1.4,5003,gmm_direct_X,0,0.0,1,True,1,-750.9115755728526
unequal3_n1000_ch1.4_s5003,unequal3,1000,1.4,5003,km_X,0,0.0,1,,2,-104921.3986795543
unequal3_n1000_ch1.4_s5003,unequal3,1000,1.4,5003,soft_Ucal_Xinit_tau1,0,0.0,1,True,4,-8168.570886336754
unequal3_n1000_ch1.4_s5004,unequal3,1000,1.4,5004,gmm_direct_X,0,0.0,1,True,1,-749.3048080336155
unequal3_n1000_ch1.4_s5004,unequal3,1000,1.4,5004,km_X,0,0.0,1,,2,-106685.0773733445
unequal3_n1000_ch1.4_s5004,unequal3,1000,1.4,5004,soft_Ucal_Xinit_tau1,0,0.0,1,True,4,-8134.322171967287
unequal3_n1000_ch1.4_s5005,unequal3,1000,1.4,5005,gmm_direct_X,0,0.0,1,True,1,-837.0736926339986
unequal3_n1000_ch1.4_s5005,unequal3,1000,1.4,5005,km_X,0,0.0,1,,2,-110506.38108874254
unequal3_n1000_ch1.4_s5005,unequal3,1000,1.4,5005,soft_Ucal_Xinit_tau1,0,0.0,1,True,4,-8261.157640952813
unequal3_n1000_ch1.4_s5006,unequal3,1000,1.4,5006,gmm_direct_X,0,0.0,1,True,1,-805.1496657817977
unequal3_n1000_ch1.4_s5006,unequal3,1000,1.4,5006,km_X,0,0.0,1,,2,-112020.1723326073
unequal3_n1000_ch1.4_s5006,unequal3,1000,1.4,5006,soft_Ucal_Xinit_tau1,0,0.0,1,True,4,-8225.155361050647
unequal3_n1000_ch1.4_s5007,unequal3,1000,1.4,5007,gmm_direct_X,0,0.0,1,True,1,-733.0227243580605
unequal3_n1000_ch1.4_s5007,unequal3,1000,1.4,5007,km_X,0,0.0,1,,3,-108284.09718482503
unequal3_n1000_ch1.4_s5007,unequal3,1000,1.4,5007,soft_Ucal_Xinit_tau1,0,0.0,1,True,4,-8156.797967503965
unequal3_n1000_ch1.4_s5008,unequal3,1000,1.4,5008,gmm_direct_X,0,0.0,1,True,1,-786.898737344363
unequal3_n1000_ch1.4_s5008,unequal3,1000,1.4,5008,km_X,0,0.0,1,,3,-109304.88051998796
unequal3_n1000_ch1.4_s5008,unequal3,1000,1.4,5008,soft_Ucal_Xinit_tau1,0,0.0,1,True,3,-8172.161250733893
unequal3_n1000_ch1.4_s5009,unequal3,1000,1.4,5009,gmm_direct_X,0,0.0,1,True,1,-648.1456761953448
unequal3_n1000_ch1.4_s5009,unequal3,1000,1.4,5009,km_X,0,0.0,1,,2,-102428.73285939932
unequal3_n1000_ch1.4_s5009,unequal3,1000,1.4,5009,soft_Ucal_Xinit_tau1,0,0.0,1,True,4,-8081.881655642787
unequal3_n2000_ch0.8_s5000,unequal3,2000,0.8,5000,gmm_direct_X,0,0.0,1,True,2,-3097.392178698711
unequal3_n2000_ch0.8_s5000,unequal3,2000,0.8,5000,km_X,1,0.0005,0,,4,-157363.6884530789
unequal3_n2000_ch0.8_s5000,unequal3,2000,0.8,5000,soft_Ucal_Xinit_tau1,0,0.0,1,True,6,-15634.007981127204
unequal3_n2000_ch0.8_s5001,unequal3,2000,0.8,5001,gmm_direct_X,2,0.001,0,True,3,-3270.784974897647
unequal3_n2000_ch0.8_s5001,unequal3,2000,0.8,5001,km_X,1,0.0005,0,,3,-157600.04658137556
unequal3_n2000_ch0.8_s5001,unequal3,2000,0.8,5001,soft_Ucal_Xinit_tau1,0,0.0,1,True,7,-16099.39259027799
unequal3_n2000_ch0.8_s5002,unequal3,2000,0.8,5002,gmm_direct_X,3,0.0015,0,True,3,-3339.1033563638084
unequal3_n2000_ch0.8_s5002,unequal3,2000,0.8,5002,km_X,2,0.001,0,,5,-167120.9363817898
unequal3_n2000_ch0.8_s5002,unequal3,2000,0.8,5002,soft_Ucal_Xinit_tau1,1,0.0005,0,True,6,-16201.547836776015
unequal3_n2000_ch0.8_s5003,unequal3,2000,0.8,5003,gmm_direct_X,0,0.0,1,True,2,-3185.9306250921577
unequal3_n2000_ch0.8_s5003,unequal3,2000,0.8,5003,km_X,0,0.0,1,,2,-162392.00709934905
unequal3_n2000_ch0.8_s5003,unequal3,2000,0.8,5003,soft_Ucal_Xinit_tau1,0,0.0,1,True,6,-15834.727635602056
unequal3_n2000_ch0.8_s5004,unequal3,2000,0.8,5004,gmm_direct_X,0,0.0,1,True,2,-3169.534111755258
unequal3_n2000_ch0.8_s5004,unequal3,2000,0.8,5004,km_X,1,0.0005,0,,3,-164238.467652075
unequal3_n2000_ch0.8_s5004,unequal3,2000,0.8,5004,soft_Ucal_Xinit_tau1,0,0.0,1,True,6,-15846.202619875476
unequal3_n2000_ch0.8_s5005,unequal3,2000,0.8,5005,gmm_direct_X,1,0.0005,0,True,3,-3008.8137097040417
unequal3_n2000_ch0.8_s5005,unequal3,2000,0.8,5005,km_X,1,0.0005,0,,4,-160056.43699129455
unequal3_n2000_ch0.8_s5005,unequal3,2000,0.8,5005,soft_Ucal_Xinit_tau1,0,0.0,1,True,6,-15552.990163481554
unequal3_n2000_ch0.8_s5006,unequal3,2000,0.8,5006,gmm_direct_X,0,0.0,1,True,2,-3194.4379943588388
unequal3_n2000_ch0.8_s5006,unequal3,2000,0.8,5006,km_X,0,0.0,1,,4,-160785.13707648235
unequal3_n2000_ch0.8_s5006,unequal3,2000,0.8,5006,soft_Ucal_Xinit_tau1,0,0.0,1,True,6,-15877.25335347066
unequal3_n2000_ch0.8_s5007,unequal3,2000,0.8,5007,gmm_direct_X,0,0.0,1,True,2,-3460.4062291668715
unequal3_n2000_ch0.8_s5007,unequal3,2000,0.8,5007,km_X,0,0.0,1,,3,-168179.9463593861
unequal3_n2000_ch0.8_s5007,unequal3,2000,0.8,5007,soft_Ucal_Xinit_tau1,1,0.0005,0,True,6,-16128.674979160123
unequal3_n2000_ch0.8_s5008,unequal3,2000,0.8,5008,gmm_direct_X,0,0.0,1,True,2,-3045.993167698309
unequal3_n2000_ch0.8_s5008,unequal3,2000,0.8,5008,km_X,2,0.001,0,,4,-160765.33133502462
unequal3_n2000_ch0.8_s5008,unequal3,2000,0.8,5008,soft_Ucal_Xinit_tau1,0,0.0,1,True,6,-15622.857236184083
unequal3_n2000_ch0.8_s5009,unequal3,2000,0.8,5009,gmm_direct_X,0,0.0,1,True,2,-3148.5176537420616
unequal3_n2000_ch0.8_s5009,unequal3,2000,0.8,5009,km_X,2,0.001,0,,3,-163732.60829445414
unequal3_n2000_ch0.8_s5009,unequal3,2000,0.8,5009,soft_Ucal_Xinit_tau1,1,0.0005,0,True,6,-15726.388741882984
unequal3_n2000_ch1.4_s5000,unequal3,2000,1.4,5000,gmm_direct_X,0,0.0,1,True,1,-1099.2690744177664
unequal3_n2000_ch1.4_s5000,unequal3,2000,1.4,5000,km_X,0,0.0,1,,2,-242811.69120903095
unequal3_n2000_ch1.4_s5000,unequal3,2000,1.4,5000,soft_Ucal_Xinit_tau1,0,0.0,1,True,3,-16530.504999650046
unequal3_n2000_ch1.4_s5001,unequal3,2000,1.4,5001,gmm_direct_X,0,0.0,1,True,1,-1143.9417962356365
unequal3_n2000_ch1.4_s5001,unequal3,2000,1.4,5001,km_X,0,0.0,1,,2,-230828.12873598037
unequal3_n2000_ch1.4_s5001,unequal3,2000,1.4,5001,soft_Ucal_Xinit_tau1,0,0.0,1,True,3,-16470.016654960993
unequal3_n2000_ch1.4_s5002,unequal3,2000,1.4,5002,gmm_direct_X,0,0.0,1,True,1,-1274.0216180090454
unequal3_n2000_ch1.4_s5002,unequal3,2000,1.4,5002,km_X,0,0.0,1,,2,-240084.3924787644
unequal3_n2000_ch1.4_s5002,unequal3,2000,1.4,5002,soft_Ucal_Xinit_tau1,0,0.0,1,True,4,-16614.786941019327
unequal3_n2000_ch1.4_s5003,unequal3,2000,1.4,5003,gmm_direct_X,0,0.0,1,True,1,-1136.0975608641008
unequal3_n2000_ch1.4_s5003,unequal3,2000,1.4,5003,km_X,0,0.0,1,,2,-239780.5216805242
unequal3_n2000_ch1.4_s5003,unequal3,2000,1.4,5003,soft_Ucal_Xinit_tau1,0,0.0,1,True,3,-16490.022628496474
unequal3_n2000_ch1.4_s5004,unequal3,2000,1.4,5004,gmm_direct_X,0,0.0,1,True,1,-1299.2643918290846
unequal3_n2000_ch1.4_s5004,unequal3,2000,1.4,5004,km_X,0,0.0,1,,3,-238471.1247576629
unequal3_n2000_ch1.4_s5004,unequal3,2000,1.4,5004,soft_Ucal_Xinit_tau1,0,0.0,1,True,4,-16678.667567956654
unequal3_n2000_ch1.4_s5005,unequal3,2000,1.4,5005,gmm_direct_X,0,0.0,1,True,1,-1128.9190991298933
unequal3_n2000_ch1.4_s5005,unequal3,2000,1.4,5005,km_X,0,0.0,1,,2,-241451.47986713055
unequal3_n2000_ch1.4_s5005,unequal3,2000,1.4,5005,soft_Ucal_Xinit_tau1,0,0.0,1,True,3,-16538.72580174232
unequal3_n2000_ch1.4_s5006,unequal3,2000,1.4,5006,gmm_direct_X,0,0.0,1,True,1,-1182.5897906863063
unequal3_n2000_ch1.4_s5006,unequal3,2000,1.4,5006,km_X,0,0.0,1,,2,-234850.98454515685
unequal3_n2000_ch1.4_s5006,unequal3,2000,1.4,5006,soft_Ucal_Xinit_tau1,0,0.0,1,True,3,-16511.698162372428
unequal3_n2000_ch1.4_s5007,unequal3,2000,1.4,5007,gmm_direct_X,0,0.0,1,True,1,-1315.6640344560058
unequal3_n2000_ch1.4_s5007,unequal3,2000,1.4,5007,km_X,0,0.0,1,,2,-240471.24499048485
unequal3_n2000_ch1.4_s5007,unequal3,2000,1.4,5007,soft_Ucal_Xinit_tau1,0,0.0,1,True,3,-16631.599039438006
unequal3_n2000_ch1.4_s5008,unequal3,2000,1.4,5008,gmm_direct_X,0,0.0,1,True,1,-1052.0853321440031
unequal3_n2000_ch1.4_s5008,unequal3,2000,1.4,5008,km_X,0,0.0,1,,2,-243239.9304701693
unequal3_n2000_ch1.4_s5008,unequal3,2000,1.4,5008,soft_Ucal_Xinit_tau1,0,0.0,1,True,3,-16454.02502512627
unequal3_n2000_ch1.4_s5009,unequal3,2000,1.4,5009,gmm_direct_X,0,0.0,1,True,1,-1161.8376423654115
unequal3_n2000_ch1.4_s5009,unequal3,2000,1.4,5009,km_X,0,0.0,1,,2,-233790.91281032396
unequal3_n2000_ch1.4_s5009,unequal3,2000,1.4,5009,soft_Ucal_Xinit_tau1,0,0.0,1,True,3,-16534.65776190777
