model,n,ch,method,n_graphs,error_mean_pct,error_median_pct,error_mean_count,exact_total,exact_pct,ari_mean,convergence_observed,converged_total,convergence_pct,iterations_mean,iterations_p10,iterations_median,iterations_p90,iterations_max,max_iter_hits,final_label_change_mean,final_label_change_max,trace_count,monotonicity_decreases,material_monotonicity_decreases,raw_decreases_within_relative_slack,min_objective_step,min_relative_objective_step,final_param_delta_max,min_class_over_trace
disassortative3,1000,0.8,gmm_Y,10,0.88,0.7000000000000001,8.8,0,0.0,0.9737796954377156,10,10,100.0,6.3,4.9,5.0,10.0,10.0,0,,,0,0,0,0,,,,
disassortative3,1000,0.8,gmm_YX_from_X,10,0.88,0.7000000000000001,8.8,0,0.0,0.9737796954377156,10,10,100.0,5.8,4.9,5.0,9.0,9.0,0,,,0,0,0,0,,,,
disassortative3,1000,0.8,gmm_direct_X,10,0.8800000000000002,0.7000000000000001,8.8,0,0.0,0.9737796954377156,10,10,100.0,3.9,3.0,4.0,5.0,5.0,0,0.0,0.0,10,0,0,0,7.658749109396012e-05,2.1900817369373694e-08,0.000994670632676442,
disassortative3,1000,0.8,hard_tau1,10,0.76,0.7000000000000001,7.6,0,0.0,0.9773155824591612,10,10,100.0,8.1,2.0,2.0,8.69999999999998,60.0,0,0.0,0.0,10,0,0,0,0.0009394786939083133,9.84091522630702e-08,0.0009895247333313437,327.0
disassortative3,1000,0.8,km_U,10,0.7700000000000001,0.7000000000000001,7.7,0,0.0,0.9770213315441343,0,0,,5.0,4.0,5.0,6.1,7.0,0,,,0,0,0,0,,,,
disassortative3,1000,0.8,km_X,10,0.7700000000000001,0.7000000000000001,7.7,0,0.0,0.9770212846547496,0,0,,4.4,4.0,4.0,5.0,5.0,0,,,0,0,0,0,,,,
disassortative3,1000,0.8,km_Y,10,0.8100000000000002,0.7000000000000001,8.1,0,0.0,0.9758451939939908,0,0,,4.7,3.9,5.0,6.0,6.0,0,,,0,0,0,0,,,,
disassortative3,1000,0.8,km_YX_from_X,10,0.79,0.7000000000000001,7.9,0,0.0,0.976438981790104,0,0,,1.2,1.0,1.0,1.1999999999999993,3.0,0,,,0,0,0,0,,,,
disassortative3,1000,0.8,km_Y_from_U,10,0.8000000000000002,0.7000000000000001,8.0,0,0.0,0.9761414430928557,0,0,,1.4,1.0,1.0,2.0999999999999996,3.0,0,,,0,0,0,0,,,,
disassortative3,1000,0.8,soft_Ucal_Xinit_tau1,10,0.7600000000000001,0.7000000000000001,7.6,0,0.0,0.9773155824591612,10,10,100.0,7.8,2.0,2.0,7.799999999999979,60.0,0,0.0,0.0,10,0,0,0,0.0010790315991471289,1.1304971519118891e-07,0.0008969588597335362,328.0
disassortative3,1000,0.8,soft_Ucal_Xinit_tau2,10,0.7700000000000001,0.7000000000000001,7.7,0,0.0,0.9770203702517124,10,10,100.0,2.5,2.0,2.5,3.0,3.0,0,0.0,0.0,10,0,0,0,0.00039444290996470954,4.464248227997879e-08,0.0009459826806919458,328.0
disassortative3,1000,0.8,soft_X_tau1,10,0.76,0.7000000000000001,7.6,0,0.0,0.9773155824591612,10,10,100.0,7.7,2.0,2.0,7.69999999999998,59.0,0,0.0,0.0,10,0,0,0,0.0010790315991471289,1.1304971519118891e-07,0.000996518138322119,328.0
disassortative3,1000,0.8,soft_X_tau2,10,0.7800000000000001,0.7000000000000001,7.8,0,0.0,0.9767250355558847,10,10,100.0,2.4,2.0,2.0,3.0,3.0,0,0.0,0.0,10,0,0,0,0.00039444290996470954,4.464248227997879e-08,0.0009459826806922547,328.0
disassortative3,1000,0.8,soft_tau1,10,0.76,0.7000000000000001,7.6,0,0.0,0.9773155824591612,10,10,100.0,7.8,2.0,2.0,7.799999999999979,60.0,0,0.0,0.0,10,0,0,0,0.0010790315991471289,1.1304971519118891e-07,0.0008966810386923519,328.0
disassortative3,1000,0.8,soft_tau1_best4,10,0.79,0.7000000000000001,7.9,0,0.0,0.9764320455341282,10,10,100.0,38.5,26.4,37.0,55.5,60.0,0,0.0,0.0,10,0,0,0,0.0012019779715046752,1.3363432393502815e-07,0.0009110570658452813,211.0
disassortative3,1000,0.8,soft_tau2,10,0.7700000000000001,0.7000000000000001,7.7,0,0.0,0.9770203702517126,10,10,100.0,2.5,2.0,2.5,3.0,3.0,0,0.0,0.0,10,0,0,0,0.00039444290996470954,4.464248227997879e-08,0.0009459826806919458,328.0
disassortative3,1000,1.4,gmm_Y,10,0.02,0.0,0.2,8,80.0,0.9993998495517268,10,10,100.0,2.9,2.0,3.0,4.0,4.0,0,,,0,0,0,0,,,,
disassortative3,1000,1.4,gmm_YX_from_X,10,0.02,0.0,0.2,8,80.0,0.9993998495517268,10,10,100.0,2.5,2.0,2.0,3.1999999999999993,5.0,0,,,0,0,0,0,,,,
disassortative3,1000,1.4,gmm_direct_X,10,0.02,0.0,0.2,8,80.0,0.9993998495517268,10,10,100.0,1.3,1.0,1.0,2.0,2.0,0,0.0,0.0,10,0,0,0,7.353193268500036e-06,2.6261172577135258e-09,0.0005413075401297096,
disassortative3,1000,1.4,hard_tau1,10,0.02,0.0,0.2,8,80.0,0.9993998495517268,10,10,100.0,27.7,23.8,27.5,32.1,33.0,0,0.0,0.0,10,0,0,0,0.0007823108153388603,8.482349259537165e-08,0.0009538419655000321,332.0
disassortative3,1000,1.4,km_U,10,0.02,0.0,0.2,8,80.0,0.9993998495517268,0,0,,2.8,2.0,3.0,3.0,3.0,0,,,0,0,0,0,,,,
disassortative3,1000,1.4,km_X,10,0.02,0.0,0.2,8,80.0,0.9993998495517268,0,0,,3.2,2.9,3.0,4.1,5.0,0,,,0,0,0,0,,,,
disassortative3,1000,1.4,km_Y,10,0.02,0.0,0.2,8,80.0,0.9993998495517268,0,0,,3.0,2.9,3.0,3.0999999999999996,4.0,0,,,0,0,0,0,,,,
disassortative3,1000,1.4,km_YX_from_X,10,0.02,0.0,0.2,8,80.0,0.9993998495517268,0,0,,1.0,1.0,1.0,1.0,1.0,0,,,0,0,0,0,,,,
disassortative3,1000,1.4,km_Y_from_U,10,0.02,0.0,0.2,8,80.0,0.9993998495517268,0,0,,1.0,1.0,1.0,1.0,1.0,0,,,0,0,0,0,,,,
disassortative3,1000,1.4,soft_Ucal_Xinit_tau1,10,0.02,0.0,0.2,8,80.0,0.9993998495517268,10,10,100.0,27.7,23.8,27.5,32.1,33.0,0,0.0,0.0,10,0,0,0,0.0007829876485629939,8.489688264532004e-08,0.0009541108816217236,332.0
disassortative3,1000,1.4,soft_Ucal_Xinit_tau2,10,0.02,0.0,0.2,8,80.0,0.9993998495517268,10,10,100.0,11.2,1.0,4.0,24.999999999999996,34.0,0,0.0,0.0,10,0,0,0,0.0003493877229630016,3.8811941912241985e-08,0.0009967408278179202,332.0
disassortative3,1000,1.4,soft_X_tau1,10,0.02,0.0,0.2,8,80.0,0.9993998495517268,10,10,100.0,27.7,23.8,27.5,32.1,33.0,0,0.0,0.0,10,0,0,0,0.0007829876485629939,8.489688264532002e-08,0.0009541108816217236,332.0
disassortative3,1000,1.4,soft_X_tau2,10,0.02,0.0,0.2,8,80.0,0.9993998495517268,10,10,100.0,11.2,1.0,4.0,24.999999999999996,34.0,0,0.0,0.0,10,0,0,0,0.000349387724781991,3.881194211430549e-08,0.0009967408278179202,332.0
disassortative3,1000,1.4,soft_tau1,10,0.02,0.0,0.2,8,80.0,0.9993998495517268,10,10,100.0,27.7,23.8,27.5,32.1,33.0,0,0.0,0.0,10,0,0,0,0.0007829876485629939,8.489688264532004e-08,0.0009541108816217236,332.0
disassortative3,1000,1.4,soft_tau1_best4,10,0.02,0.0,0.2,8,80.0,0.9993998495517268,10,10,100.0,26.9,22.2,27.5,32.1,33.0,0,0.0,0.0,10,0,0,0,0.0005438784410216613,5.887855716487807e-08,0.0009541108816217236,326.0
disassortative3,1000,1.4,soft_tau2,10,0.02,0.0,0.2,8,80.0,0.9993998495517268,10,10,100.0,11.2,1.0,4.0,24.999999999999996,34.0,0,0.0,0.0,10,0,0,0,0.0003493877229630016,3.8811941912241985e-08,0.0009967408278179202,332.0
disassortative3,2000,0.8,gmm_Y,10,0.575,0.5249999999999999,11.5,0,0.0,0.9828164578671238,10,10,100.0,6.4,4.0,7.0,8.1,9.0,0,,,0,0,0,0,,,,
disassortative3,2000,0.8,gmm_YX_from_X,10,0.575,0.5249999999999999,11.5,0,0.0,0.9828164578671238,10,10,100.0,5.9,4.0,6.0,8.0,8.0,0,,,0,0,0,0,,,,
disassortative3,2000,0.8,gmm_direct_X,10,0.575,0.5249999999999999,11.5,0,0.0,0.9828164578671238,10,10,100.0,3.1,3.0,3.0,3.0999999999999996,4.0,0,0.0,0.0,10,0,0,0,1.441101630916819e-05,2.164516313772153e-09,0.0006990339348719177,
disassortative3,2000,0.8,hard_tau1,10,0.54,0.5249999999999999,10.8,0,0.0,0.9838587546044006,10,10,100.0,11.1,2.0,3.0,32.4,36.0,0,0.0,0.0,10,0,0,0,0.001935721065819962,1.0207944528003401e-07,0.0009626673920453513,659.0
disassortative3,2000,0.8,km_U,10,0.555,0.5249999999999999,11.1,0,0.0,0.9834120234758792,0,0,,4.3,3.9,4.0,5.1,6.0,0,,,0,0,0,0,,,,
disassortative3,2000,0.8,km_X,10,0.5349999999999999,0.5249999999999999,10.7,0,0.0,0.9840088542895966,0,0,,4.5,4.0,4.0,5.1,6.0,0,,,0,0,0,0,,,,
disassortative3,2000,0.8,km_Y,10,0.53,0.5249999999999999,10.6,0,0.0,0.9841569442370772,0,0,,5.2,4.0,4.0,6.599999999999998,12.0,0,,,0,0,0,0,,,,
disassortative3,2000,0.8,km_YX_from_X,10,0.53,0.5249999999999999,10.6,0,0.0,0.9841569442370772,0,0,,1.2,1.0,1.0,2.0,2.0,0,,,0,0,0,0,,,,
disassortative3,2000,0.8,km_Y_from_U,10,0.53,0.5249999999999999,10.6,0,0.0,0.9841569442370772,0,0,,1.6,1.0,2.0,2.0,2.0,0,,,0,0,0,0,,,,
disassortative3,2000,0.8,soft_Ucal_Xinit_tau1,10,0.5299999999999999,0.5249999999999999,10.6,0,0.0,0.9841562627154176,10,10,100.0,7.2,2.0,2.0,25.599999999999998,31.0,0,0.0,0.0,10,0,0,0,0.0019312943986733444,1.0268713306726212e-07,0.0009659345452680458,661.0
disassortative3,2000,0.8,soft_Ucal_Xinit_tau2,10,0.5299999999999999,0.5249999999999999,10.6,0,0.0,0.9841560437344427,10,10,100.0,2.0,2.0,2.0,2.0,2.0,0,0.0,0.0,10,0,0,0,0.0011681036849040538,6.622698577966528e-08,0.000848813451259037,659.0
disassortative3,2000,0.8,soft_X_tau1,10,0.53,0.5249999999999999,10.6,0,0.0,0.9841562627154176,10,10,100.0,7.2,2.0,2.0,25.599999999999998,31.0,0,0.0,0.0,10,0,0,0,0.0019312944023113232,1.0268713326069381e-07,0.0009659345452679782,661.0
disassortative3,2000,0.8,soft_X_tau2,10,0.53,0.5249999999999999,10.6,0,0.0,0.9841560437344425,10,10,100.0,2.0,2.0,2.0,2.0,2.0,0,0.0,0.0,10,0,0,0,0.0011681036776280962,6.62269853671465e-08,0.0008574533767604157,659.0
disassortative3,2000,0.8,soft_tau1,10,0.53,0.5249999999999999,10.6,0,0.0,0.9841562627154176,10,10,100.0,7.2,2.0,2.0,25.599999999999998,31.0,0,0.0,0.0,10,0,0,0,0.0019312943986733444,1.0268713306726212e-07,0.0009659345452680458,661.0
disassortative3,2000,0.8,soft_tau1_best4,10,0.5549999999999999,0.5499999999999999,11.1,0,0.0,0.9834141755549279,10,10,100.0,28.7,13.8,31.0,40.0,49.0,0,0.0,0.0,10,0,0,0,0.0019312943986733444,1.0268713306726212e-07,0.0009750116336232598,310.0
disassortative3,2000,0.8,soft_tau2,10,0.53,0.5249999999999999,10.6,0,0.0,0.9841560437344425,10,10,100.0,2.1,2.0,2.0,2.0999999999999996,3.0,0,0.0,0.0,10,0,0,0,0.0007334309520956594,4.1359873626630935e-08,0.0009266737439386624,659.0
disassortative3,2000,1.4,gmm_Y,10,0.0,0.0,0.0,10,100.0,1.0,10,10,100.0,2.6,2.0,2.0,4.0,4.0,0,,,0,0,0,0,,,,
disassortative3,2000,1.4,gmm_YX_from_X,10,0.0,0.0,0.0,10,100.0,1.0,10,10,100.0,2.0,2.0,2.0,2.0,2.0,0,,,0,0,0,0,,,,
disassortative3,2000,1.4,gmm_direct_X,10,0.0,0.0,0.0,10,100.0,1.0,10,10,100.0,1.0,1.0,1.0,1.0,1.0,0,0.0,0.0,10,0,0,0,1.5930008885334246e-06,2.9419831593122005e-10,0.00042534465260946064,
disassortative3,2000,1.4,hard_tau1,10,0.0,0.0,0.0,10,100.0,1.0,10,10,100.0,17.3,13.0,14.5,24.599999999999998,30.0,0,0.0,0.0,10,0,0,0,0.0010670950105122756,5.6571349540691914e-08,0.000994213087038426,666.0
disassortative3,2000,1.4,km_U,10,0.0,0.0,0.0,10,100.0,1.0,0,0,,2.7,2.0,3.0,3.0,3.0,0,,,0,0,0,0,,,,
disassortative3,2000,1.4,km_X,10,0.0,0.0,0.0,10,100.0,1.0,0,0,,2.7,2.0,3.0,3.0,3.0,0,,,0,0,0,0,,,,
disassortative3,2000,1.4,km_Y,10,0.0,0.0,0.0,10,100.0,1.0,0,0,,2.7,2.0,3.0,3.0,3.0,0,,,0,0,0,0,,,,
disassortative3,2000,1.4,km_YX_from_X,10,0.0,0.0,0.0,10,100.0,1.0,0,0,,1.0,1.0,1.0,1.0,1.0,0,,,0,0,0,0,,,,
disassortative3,2000,1.4,km_Y_from_U,10,0.0,0.0,0.0,10,100.0,1.0,0,0,,1.0,1.0,1.0,1.0,1.0,0,,,0,0,0,0,,,,
disassortative3,2000,1.4,soft_Ucal_Xinit_tau1,10,0.0,0.0,0.0,10,100.0,1.0,10,10,100.0,17.4,13.0,14.5,24.599999999999998,30.0,0,0.0,0.0,10,0,0,0,0.0009687131750979461,5.169967243375701e-08,0.00092720160800458,666.0
disassortative3,2000,1.4,soft_Ucal_Xinit_tau2,10,0.0,0.0,0.0,10,100.0,1.0,10,10,100.0,27.7,18.7,29.5,33.5,38.0,0,0.0,0.0,10,0,0,0,0.011256452082307078,6.144216452682243e-07,0.0009986970158165828,666.0
disassortative3,2000,1.4,soft_X_tau1,10,0.0,0.0,0.0,10,100.0,1.0,10,10,100.0,17.4,13.0,14.5,24.599999999999998,30.0,0,0.0,0.0,10,0,0,0,0.0009687131750979461,5.169967243375701e-08,0.0009272016080044993,666.0
disassortative3,2000,1.4,soft_X_tau2,10,0.0,0.0,0.0,10,100.0,1.0,10,10,100.0,27.7,18.7,29.5,33.5,38.0,0,0.0,0.0,10,0,0,0,0.01125645207503112,6.144216448710737e-07,0.0009986970158165553,666.0
disassortative3,2000,1.4,soft_tau1,10,0.0,0.0,0.0,10,100.0,1.0,10,10,100.0,17.4,13.0,14.5,24.599999999999998,30.0,0,0.0,0.0,10,0,0,0,0.0009687131750979461,5.169967243375701e-08,0.00092720160800458,666.0
disassortative3,2000,1.4,soft_tau1_best4,10,0.0,0.0,0.0,10,100.0,1.0,10,10,100.0,18.4,12.9,15.5,24.599999999999998,30.0,0,0.0,0.0,10,0,0,0,0.0009687131750979461,5.169967243375701e-08,0.0008731415997574131,666.0
disassortative3,2000,1.4,soft_tau2,10,0.0,0.0,0.0,10,100.0,1.0,10,10,100.0,27.7,18.7,29.5,33.5,38.0,0,0.0,0.0,10,0,0,0,0.011256452082307078,6.144216452682243e-07,0.0009986970158165828,666.0
equal3,1000,0.8,gmm_Y,10,0.08,0.05,0.8,5,50.0,0.9976003045375228,10,10,100.0,4.3,3.0,3.5,6.1,7.0,0,,,0,0,0,0,,,,
equal3,1000,0.8,gmm_YX_from_X,10,0.08,0.05,0.8,5,50.0,0.9976003045375228,10,10,100.0,3.7,3.0,3.0,5.1,6.0,0,,,0,0,0,0,,,,
equal3,1000,0.8,gmm_direct_X,10,0.08,0.05,0.8,5,50.0,0.9976003045375228,10,10,100.0,2.2,2.0,2.0,3.0,3.0,0,0.0,0.0,10,0,0,0,6.229194241313962e-06,2.8494242369049848e-09,0.0007975790392996673,
equal3,1000,0.8,hard_tau1,10,0.06999999999999999,0.05,0.7,5,50.0,0.997899703634517,10,10,100.0,4.0,4.0,4.0,4.0,4.0,0,0.0,0.0,10,0,0,0,0.0005186762900848407,6.423463151087337e-08,0.0009028163562338786,331.0
equal3,1000,0.8,km_U,10,0.06999999999999999,0.05,0.7,5,50.0,0.997899703634517,0,0,,2.9,2.0,3.0,4.0,4.0,0,,,0,0,0,0,,,,
equal3,1000,0.8,km_X,10,0.06999999999999999,0.05,0.7,5,50.0,0.997899703634517,0,0,,3.1,2.9,3.0,4.0,4.0,0,,,0,0,0,0,,,,
equal3,1000,0.8,km_Y,10,0.06999999999999999,0.05,0.7,5,50.0,0.997899703634517,0,0,,3.0,2.9,3.0,3.0999999999999996,4.0,0,,,0,0,0,0,,,,
equal3,1000,0.8,km_YX_from_X,10,0.06999999999999999,0.05,0.7,5,50.0,0.997899703634517,0,0,,1.0,1.0,1.0,1.0,1.0,0,,,0,0,0,0,,,,
equal3,1000,0.8,km_Y_from_U,10,0.06999999999999999,0.05,0.7,5,50.0,0.997899703634517,0,0,,1.0,1.0,1.0,1.0,1.0,0,,,0,0,0,0,,,,
equal3,1000,0.8,soft_Ucal_Xinit_tau1,10,0.06999999999999999,0.05,0.7,5,50.0,0.997899703634517,10,10,100.0,4.0,4.0,4.0,4.0,4.0,0,0.0,0.0,10,0,0,0,0.0005149616008566227,6.423955304203756e-08,0.0008929096929139931,331.0
equal3,1000,0.8,soft_Ucal_Xinit_tau2,10,0.06999999999999999,0.05,0.7,5,50.0,0.997899703634517,10,10,100.0,11.4,11.0,11.0,12.0,12.0,0,0.0,0.0,10,0,0,0,0.0021775024897578987,2.66018210652658e-07,0.0009881930238005705,331.0
equal3,1000,0.8,soft_X_tau1,10,0.06999999999999999,0.05,0.7,5,50.0,0.997899703634517,10,10,100.0,4.0,4.0,4.0,4.0,4.0,0,0.0,0.0,10,0,0,0,0.000514961599947128,6.423955292858148e-08,0.0008929096929139931,331.0
equal3,1000,0.8,soft_X_tau2,10,0.06999999999999999,0.05,0.7,5,50.0,0.997899703634517,10,10,100.0,11.4,11.0,11.0,12.0,12.0,0,0.0,0.0,10,0,0,0,0.002177502491576888,2.6601821087487785e-07,0.0009881930238004812,331.0
equal3,1000,0.8,soft_tau1,10,0.06999999999999999,0.05,0.7,5,50.0,0.997899703634517,10,10,100.0,4.0,4.0,4.0,4.0,4.0,0,0.0,0.0,10,0,0,0,0.0005149616008566227,6.423955304203756e-08,0.0008929096929139931,331.0
equal3,1000,0.8,soft_tau1_best4,10,0.06999999999999999,0.05,0.7,5,50.0,0.997899703634517,10,10,100.0,4.9,4.0,5.0,6.1,7.0,0,0.0,0.0,10,0,0,0,0.00014764433035452385,1.8363160114386947e-08,0.0006286091134022119,329.0
equal3,1000,0.8,soft_tau2,10,0.06999999999999999,0.05,0.7,5,50.0,0.997899703634517,10,10,100.0,11.4,11.0,11.0,12.0,12.0,0,0.0,0.0,10,0,0,0,0.0021775024897578987,2.66018210652658e-07,0.0009881930238005705,331.0
equal3,1000,1.4,gmm_Y,10,0.0,0.0,0.0,10,100.0,1.0,10,10,100.0,2.3,2.0,2.0,3.0999999999999996,4.0,0,,,0,0,0,0,,,,
equal3,1000,1.4,gmm_YX_from_X,10,0.0,0.0,0.0,10,100.0,1.0,10,10,100.0,2.0,2.0,2.0,2.0,2.0,0,,,0,0,0,0,,,,
equal3,1000,1.4,gmm_direct_X,10,0.0,0.0,0.0,10,100.0,1.0,10,10,100.0,1.0,1.0,1.0,1.0,1.0,0,0.0,0.0,10,0,0,0,4.774847184307873e-12,3.0377569507724676e-15,7.902065066445196e-05,
equal3,1000,1.4,hard_tau1,10,0.0,0.0,0.0,10,100.0,1.0,10,10,100.0,2.8,2.0,3.0,3.0,3.0,0,0.0,0.0,10,0,0,0,0.0001276411858270876,1.4659707707292121e-08,0.0008708611473984911,333.0
equal3,1000,1.4,km_U,10,0.0,0.0,0.0,10,100.0,1.0,0,0,,2.1,2.0,2.0,2.0999999999999996,3.0,0,,,0,0,0,0,,,,
equal3,1000,1.4,km_X,10,0.0,0.0,0.0,10,100.0,1.0,0,0,,2.2,2.0,2.0,3.0,3.0,0,,,0,0,0,0,,,,
equal3,1000,1.4,km_Y,10,0.0,0.0,0.0,10,100.0,1.0,0,0,,2.2,2.0,2.0,3.0,3.0,0,,,0,0,0,0,,,,
equal3,1000,1.4,km_YX_from_X,10,0.0,0.0,0.0,10,100.0,1.0,0,0,,1.0,1.0,1.0,1.0,1.0,0,,,0,0,0,0,,,,
equal3,1000,1.4,km_Y_from_U,10,0.0,0.0,0.0,10,100.0,1.0,0,0,,1.0,1.0,1.0,1.0,1.0,0,,,0,0,0,0,,,,
equal3,1000,1.4,soft_Ucal_Xinit_tau1,10,0.0,0.0,0.0,10,100.0,1.0,10,10,100.0,2.8,2.0,3.0,3.0,3.0,0,0.0,0.0,10,0,0,0,0.00012763931590598077,1.4659495767229175e-08,0.0008708635191016298,333.0
equal3,1000,1.4,soft_Ucal_Xinit_tau2,10,0.0,0.0,0.0,10,100.0,1.0,10,10,100.0,6.6,6.0,7.0,7.0,7.0,0,0.0,0.0,10,0,0,0,0.0016018137630453566,1.8389595720445877e-07,0.0009594744466540648,333.0
equal3,1000,1.4,soft_X_tau1,10,0.0,0.0,0.0,10,100.0,1.0,10,10,100.0,2.8,2.0,3.0,3.0,3.0,0,0.0,0.0,10,0,0,0,0.00012763931590598077,1.4659495767229175e-08,0.0008708635191016298,333.0
equal3,1000,1.4,soft_X_tau2,10,0.0,0.0,0.0,10,100.0,1.0,10,10,100.0,6.6,6.0,7.0,7.0,7.0,0,0.0,0.0,10,0,0,0,0.0016018137630453566,1.8389595720445877e-07,0.0009594744466540648,333.0
equal3,1000,1.4,soft_tau1,10,0.0,0.0,0.0,10,100.0,1.0,10,10,100.0,2.8,2.0,3.0,3.0,3.0,0,0.0,0.0,10,0,0,0,0.00012763931590598077,1.4659495767229175e-08,0.0008708635191016298,333.0
equal3,1000,1.4,soft_tau1_best4,10,0.0,0.0,0.0,10,100.0,1.0,10,10,100.0,2.9,2.0,3.0,3.0999999999999996,4.0,0,0.0,0.0,10,0,0,0,0.00010029640361608472,1.1774770482709985e-08,0.0008708635191016298,333.0
equal3,1000,1.4,soft_tau2,10,0.0,0.0,0.0,10,100.0,1.0,10,10,100.0,6.6,6.0,7.0,7.0,7.0,0,0.0,0.0,10,0,0,0,0.0016018137630453566,1.8389595720445877e-07,0.0009594744466540648,333.0
equal3,2000,0.8,gmm_Y,10,0.02,0.0,0.4,6,60.0,0.9993995498511261,10,10,100.0,3.5,2.9,3.0,5.0,5.0,0,,,0,0,0,0,,,,
equal3,2000,0.8,gmm_YX_from_X,10,0.02,0.0,0.4,6,60.0,0.9993995498511261,10,10,100.0,2.9,2.0,3.0,3.299999999999999,6.0,0,,,0,0,0,0,,,,
equal3,2000,0.8,gmm_direct_X,10,0.02,0.0,0.4,6,60.0,0.9993995498511261,10,10,100.0,1.7,1.0,2.0,2.0,2.0,0,0.0,0.0,10,0,0,0,5.326028258423321e-07,1.278347168918668e-10,0.0007111931782648462,
equal3,2000,0.8,hard_tau1,10,0.025,0.025,0.5,5,50.0,0.9992494374832906,10,10,100.0,4.0,4.0,4.0,4.0,4.0,0,0.0,0.0,10,0,0,0,0.0006587876050616615,4.050287510877615e-08,0.000502765329404086,665.0
equal3,2000,0.8,km_U,10,0.02,0.0,0.4,6,60.0,0.9993995498511261,0,0,,2.8,2.0,3.0,3.0,3.0,0,,,0,0,0,0,,,,
equal3,2000,0.8,km_X,10,0.025,0.025,0.5,5,50.0,0.9992494374832906,0,0,,2.7,2.0,3.0,3.0,3.0,0,,,0,0,0,0,,,,
equal3,2000,0.8,km_Y,10,0.025,0.025,0.5,5,50.0,0.9992494374832906,0,0,,2.8,2.0,3.0,3.0999999999999996,4.0,0,,,0,0,0,0,,,,
equal3,2000,0.8,km_YX_from_X,10,0.025,0.025,0.5,5,50.0,0.9992494374832906,0,0,,1.0,1.0,1.0,1.0,1.0,0,,,0,0,0,0,,,,
equal3,2000,0.8,km_Y_from_U,10,0.025,0.025,0.5,5,50.0,0.9992494374832906,0,0,,1.1,1.0,1.0,1.0999999999999996,2.0,0,,,0,0,0,0,,,,
equal3,2000,0.8,soft_Ucal_Xinit_tau1,10,0.025,0.025,0.5,5,50.0,0.9992494374832906,10,10,100.0,4.0,4.0,4.0,4.0,4.0,0,0.0,0.0,10,0,0,0,0.0006592085119336843,4.052966752765449e-08,0.0005028425785583792,665.0
equal3,2000,0.8,soft_Ucal_Xinit_tau2,10,0.025,0.025,0.5,5,50.0,0.9992494374832906,10,10,100.0,10.3,10.0,10.0,11.0,11.0,0,0.0,0.0,10,0,0,0,0.003408538734220201,2.0374490967640853e-07,0.000992317629275344,665.0
equal3,2000,0.8,soft_X_tau1,10,0.025,0.025,0.5,5,50.0,0.9992494374832906,10,10,100.0,4.0,4.0,4.0,4.0,4.0,0,0.0,0.0,10,0,0,0,0.0006592085119336843,4.052966752765449e-08,0.0005028425785585394,665.0
equal3,2000,0.8,soft_X_tau2,10,0.025,0.025,0.5,5,50.0,0.9992494374832906,10,10,100.0,10.3,10.0,10.0,11.0,11.0,0,0.0,0.0,10,0,0,0,0.0034085387305822223,2.0374490945894886e-07,0.000992317629275344,665.0
equal3,2000,0.8,soft_tau1,10,0.025,0.025,0.5,5,50.0,0.9992494374832906,10,10,100.0,4.0,4.0,4.0,4.0,4.0,0,0.0,0.0,10,0,0,0,0.0006592085119336843,4.052966752765449e-08,0.0005028425785583792,665.0
equal3,2000,0.8,soft_tau1_best4,10,0.025,0.025,0.5,5,50.0,0.9992494374832906,10,10,100.0,4.5,4.0,4.0,5.1,6.0,0,0.0,0.0,10,0,0,0,0.0003368794004927622,2.0842573745817972e-08,0.0007100774651640932,663.0
equal3,2000,0.8,soft_tau2,10,0.025,0.025,0.5,5,50.0,0.9992494374832906,10,10,100.0,10.3,10.0,10.0,11.0,11.0,0,0.0,0.0,10,0,0,0,0.003408538734220201,2.0374490967640853e-07,0.000992317629275344,665.0
equal3,2000,1.4,gmm_Y,10,0.0,0.0,0.0,10,100.0,1.0,10,10,100.0,2.2,2.0,2.0,2.1999999999999993,4.0,0,,,0,0,0,0,,,,
equal3,2000,1.4,gmm_YX_from_X,10,0.0,0.0,0.0,10,100.0,1.0,10,10,100.0,2.0,2.0,2.0,2.0,2.0,0,,,0,0,0,0,,,,
equal3,2000,1.4,gmm_direct_X,10,0.0,0.0,0.0,10,100.0,1.0,10,10,100.0,1.0,1.0,1.0,1.0,1.0,0,0.0,0.0,10,0,0,0,-4.547473508864641e-13,-1.5214715637785454e-16,0.00013869654406373222,
equal3,2000,1.4,hard_tau1,10,0.0,0.0,0.0,10,100.0,1.0,10,10,100.0,2.3,2.0,2.0,3.0,3.0,0,0.0,0.0,10,0,0,0,0.00026512773911235854,1.5094352245757073e-08,0.000980910215042815,666.0
equal3,2000,1.4,km_U,10,0.0,0.0,0.0,10,100.0,1.0,0,0,,2.0,2.0,2.0,2.0,2.0,0,,,0,0,0,0,,,,
equal3,2000,1.4,km_X,10,0.0,0.0,0.0,10,100.0,1.0,0,0,,2.1,2.0,2.0,2.0999999999999996,3.0,0,,,0,0,0,0,,,,
equal3,2000,1.4,km_Y,10,0.0,0.0,0.0,10,100.0,1.0,0,0,,2.1,2.0,2.0,2.0999999999999996,3.0,0,,,0,0,0,0,,,,
equal3,2000,1.4,km_YX_from_X,10,0.0,0.0,0.0,10,100.0,1.0,0,0,,1.0,1.0,1.0,1.0,1.0,0,,,0,0,0,0,,,,
equal3,2000,1.4,km_Y_from_U,10,0.0,0.0,0.0,10,100.0,1.0,0,0,,1.0,1.0,1.0,1.0,1.0,0,,,0,0,0,0,,,,
equal3,2000,1.4,soft_Ucal_Xinit_tau1,10,0.0,0.0,0.0,10,100.0,1.0,10,10,100.0,2.3,2.0,2.0,3.0,3.0,0,0.0,0.0,10,0,0,0,0.0002651277645782102,1.509435371731117e-08,0.0009809102504208618,666.0
equal3,2000,1.4,soft_Ucal_Xinit_tau2,10,0.0,0.0,0.0,10,100.0,1.0,10,10,100.0,6.0,6.0,6.0,6.0,6.0,0,0.0,0.0,10,0,0,0,0.00485106261112378,2.7231706400867916e-07,0.0008447129977051962,666.0
equal3,2000,1.4,soft_X_tau1,10,0.0,0.0,0.0,10,100.0,1.0,10,10,100.0,2.3,2.0,2.0,3.0,3.0,0,0.0,0.0,10,0,0,0,0.0002651277645782102,1.509435371731117e-08,0.0009809102504208611,666.0
equal3,2000,1.4,soft_X_tau2,10,0.0,0.0,0.0,10,100.0,1.0,10,10,100.0,6.0,6.0,6.0,6.0,6.0,0,0.0,0.0,10,0,0,0,0.00485106261112378,2.7231706400867916e-07,0.0008447129977051962,666.0
equal3,2000,1.4,soft_tau1,10,0.0,0.0,0.0,10,100.0,1.0,10,10,100.0,2.3,2.0,2.0,3.0,3.0,0,0.0,0.0,10,0,0,0,0.0002651277645782102,1.509435371731117e-08,0.0009809102504208618,666.0
equal3,2000,1.4,soft_tau1_best4,10,0.0,0.0,0.0,10,100.0,1.0,10,10,100.0,2.4,2.0,2.0,3.0,3.0,0,0.0,0.0,10,0,0,0,0.0002651277645782102,1.509435371731117e-08,0.0009809102504208618,666.0
equal3,2000,1.4,soft_tau2,10,0.0,0.0,0.0,10,100.0,1.0,10,10,100.0,6.0,6.0,6.0,6.0,6.0,0,0.0,0.0,10,0,0,0,0.00485106261112378,2.7231706400867916e-07,0.0008447129977051962,666.0
heterogeneous3,1000,0.8,gmm_Y,10,33.67,34.8,336.7,0,0.0,0.5693999701217772,10,9,90.0,46.9,23.3,31.5,77.09999999999997,150.0,1,,,0,0,0,0,,,,
heterogeneous3,1000,0.8,gmm_YX_from_X,10,32.67,33.5,326.7,0,0.0,0.45854085148274165,10,10,100.0,80.5,43.1,77.5,121.2,123.0,0,,,0,0,0,0,,,,
heterogeneous3,1000,0.8,gmm_direct_X,10,11.46,13.750000000000002,114.6,0,0.0,0.7351868772900592,10,10,100.0,46.0,10.7,34.0,102.39999999999999,124.0,0,0.0,0.0,10,0,0,0,6.701646202600386e-05,1.5264347670186924e-07,0.0004465157153080157,
heterogeneous3,1000,0.8,hard_tau1,10,48.559999999999995,48.9,485.6,0,0.0,0.44503417328389183,10,10,100.0,33.5,27.7,34.0,39.2,41.0,0,0.0,0.0,10,0,0,0,0.009456412943109171,9.218913606920746e-07,0.0007678901934669792,118.0
heterogeneous3,1000,0.8,km_U,10,49.22,49.35,492.2,0,0.0,0.43424592854789507,0,0,,9.9,5.9,10.5,12.2,14.0,0,,,0,0,0,0,,,,
heterogeneous3,1000,0.8,km_X,10,2.8100000000000005,2.9499999999999997,28.1,0,0.0,0.9188332642029803,0,0,,3.9,2.9,4.0,5.0,5.0,0,,,0,0,0,0,,,,
heterogeneous3,1000,0.8,km_Y,10,2.8200000000000003,2.9499999999999997,28.2,0,0.0,0.9185241667448615,0,0,,4.5,3.9,4.5,5.1,6.0,0,,,0,0,0,0,,,,
heterogeneous3,1000,0.8,km_YX_from_X,10,57.49999999999999,57.49999999999999,575.0,0,0.0,0.10279906374666208,0,0,,8.8,8.0,8.5,10.0,10.0,0,,,0,0,0,0,,,,
heterogeneous3,1000,0.8,km_Y_from_U,10,48.83,49.15,488.3,0,0.0,0.4448498922149516,0,0,,2.8,2.0,2.0,4.299999999999999,7.0,0,,,0,0,0,0,,,,
heterogeneous3,1000,0.8,soft_Ucal_Xinit_tau1,10,0.42,0.35000000000000003,4.2,0,0.0,0.9874739424600147,10,10,100.0,29.0,24.1,29.5,34.3,37.0,0,0.0,0.0,10,0,0,0,0.004497834119320032,5.765980624076876e-07,0.0009996200087996243,323.0
heterogeneous3,1000,0.8,soft_Ucal_Xinit_tau2,10,0.6900000000000001,0.7000000000000001,6.9,0,0.0,0.9794861263041026,10,10,100.0,71.9,69.8,72.0,73.3,76.0,0,0.0,0.0,10,0,0,0,0.0078103565883793635,9.529883945923667e-07,0.0007012044164634398,321.0
heterogeneous3,1000,0.8,soft_X_tau1,10,51.93000000000001,52.0,519.3,0,0.0,0.15070617099348263,10,10,100.0,27.1,13.9,21.5,45.2,47.0,0,0.0,0.0,10,0,0,0,7.82012939453125e-05,4.085092228862498e-14,0.0009939950636585527,67.0
heterogeneous3,1000,0.8,soft_X_tau2,10,52.22,52.05,522.2,0,0.0,0.1535531964977314,10,10,100.0,33.6,16.8,25.5,66.3,78.0,0,0.0,0.0,10,0,0,0,0.0006666183471679688,1.0958783328386767e-13,0.0009905729705709289,55.0
heterogeneous3,1000,0.8,soft_tau1,10,47.97,49.0,479.7,0,0.0,0.44712185196463994,10,10,100.0,35.4,27.9,36.5,41.1,42.0,0,0.0,0.0,10,0,0,0,0.002686488716790336,2.5603804014900447e-07,0.0009764753567563013,108.0
heterogeneous3,1000,0.8,soft_tau1_best4,10,0.42,0.35000000000000003,4.2,0,0.0,0.9874739424600147,10,10,100.0,29.6,19.7,32.0,34.599999999999994,40.0,0,0.0,0.0,10,0,0,0,0.003786475423112279,4.854058490045123e-07,0.0009840993919906695,146.0
heterogeneous3,1000,0.8,soft_tau2,10,48.1,49.2,481.0,0,0.0,0.447227088712154,10,10,100.0,68.9,65.9,69.0,70.5,75.0,0,0.0,0.0,10,0,0,0,0.009683235924967448,9.38630617620855e-07,0.0002853326520189607,117.0
heterogeneous3,1000,1.4,gmm_Y,10,35.8,34.949999999999996,358.0,0,0.0,0.5390962595010376,10,10,100.0,48.8,25.5,49.5,73.5,78.0,0,,,0,0,0,0,,,,
heterogeneous3,1000,1.4,gmm_YX_from_X,10,37.84,35.75000000000001,378.4,0,0.0,0.4150686878610568,10,7,70.0,102.3,41.3,115.0,150.0,150.0,3,,,0,0,0,0,,,,
heterogeneous3,1000,1.4,gmm_direct_X,10,0.11,0.1,1.1,4,40.0,0.9967084514094493,10,10,100.0,5.1,3.0,5.0,6.499999999999998,11.0,0,0.0,0.0,10,0,0,0,7.480321571051718e-07,5.566099764476916e-08,0.00019218292401726456,
heterogeneous3,1000,1.4,hard_tau1,10,48.00999999999999,48.3,480.1,0,0.0,0.4465731953894424,10,10,100.0,12.3,10.9,12.0,14.1,15.0,0,0.0,0.0,10,0,0,0,0.0031389549822051777,2.331378784914546e-07,0.00099320488855579,117.0
heterogeneous3,1000,1.4,km_U,10,48.74000000000001,48.949999999999996,487.4,0,0.0,0.44483587480164316,0,0,,7.7,3.8,7.5,11.299999999999999,14.0,0,,,0,0,0,0,,,,
heterogeneous3,1000,1.4,km_X,10,0.49,0.45000000000000007,4.9,0,0.0,0.9854056441086335,0,0,,2.8,2.0,3.0,3.0999999999999996,4.0,0,,,0,0,0,0,,,,
heterogeneous3,1000,1.4,km_Y,10,0.49,0.45000000000000007,4.9,0,0.0,0.9854056441086335,0,0,,3.1,2.0,3.0,4.1,5.0,0,,,0,0,0,0,,,,
heterogeneous3,1000,1.4,km_YX_from_X,10,56.87,57.05,568.7,0,0.0,0.12048798835973773,0,0,,8.3,6.0,7.5,12.1,13.0,0,,,0,0,0,0,,,,
heterogeneous3,1000,1.4,km_Y_from_U,10,48.68,49.0,486.8,0,0.0,0.4453143736134467,0,0,,2.6,1.0,2.0,4.299999999999999,7.0,0,,,0,0,0,0,,,,
heterogeneous3,1000,1.4,soft_Ucal_Xinit_tau1,10,0.02,0.0,0.2,8,80.0,0.99940030090646,10,10,100.0,12.9,10.9,12.0,14.899999999999997,23.0,0,0.0,0.0,10,0,0,0,0.0015757686396682402,1.9047769537838335e-07,0.000998563147460322,332.0
heterogeneous3,1000,1.4,soft_Ucal_Xinit_tau2,10,0.030000000000000002,0.0,0.3,7,70.0,0.9991004513596902,10,10,100.0,63.6,58.7,64.5,68.1,69.0,0,0.0,0.0,10,0,0,0,0.008388370473767282,9.673642036251411e-07,0.0007070894032252711,332.0
heterogeneous3,1000,1.4,soft_X_tau1,10,53.760000000000005,54.0,537.6,0,0.0,0.05916780760998604,10,10,100.0,19.8,14.0,18.5,28.1,29.0,0,0.0,0.0,10,0,0,0,4.458427429199219e-05,5.523405262586933e-16,0.0008776388370730587,9.0
heterogeneous3,1000,1.4,soft_X_tau2,10,53.68000000000001,53.849999999999994,536.8,0,0.0,0.05901463973838389,10,10,100.0,27.4,17.8,20.5,36.19999999999999,65.0,0,0.0,0.0,10,0,0,0,3.0994415283203125e-05,7.68865208488285e-15,0.000954325432759799,10.0
heterogeneous3,1000,1.4,soft_tau1,10,48.089999999999996,48.5,480.9,0,0.0,0.4463669111485675,10,10,100.0,12.0,10.9,11.5,14.1,15.0,0,0.0,0.0,10,0,0,0,0.0032533406374568585,2.4202357439899507e-07,0.0009932146399762901,117.0
heterogeneous3,1000,1.4,soft_tau1_best4,10,0.02,0.0,0.2,8,80.0,0.99940030090646,10,10,100.0,13.8,10.9,12.5,17.699999999999996,24.0,0,0.0,0.0,10,0,0,0,0.0010876645392272621,1.315974533667296e-07,0.0009203826401562935,332.0
heterogeneous3,1000,1.4,soft_tau2,10,48.1,48.65,481.0,0,0.0,0.4465214774351077,10,10,100.0,64.6,56.8,66.0,68.6,74.0,0,0.0,0.0,10,0,0,0,0.012298030069359811,9.60008710316883e-07,0.0008853252271278843,116.0
heterogeneous3,2000,0.8,gmm_Y,10,36.695,35.02499999999999,733.9,0,0.0,0.5505832798469084,10,10,100.0,61.6,27.7,56.0,107.5,112.0,0,,,0,0,0,0,,,,
heterogeneous3,2000,0.8,gmm_YX_from_X,10,36.95,38.4,739.0,0,0.0,0.40455095470539604,10,8,80.0,91.0,31.8,91.5,150.0,150.0,2,,,0,0,0,0,,,,
heterogeneous3,2000,0.8,gmm_direct_X,10,4.4350000000000005,1.35,88.7,0,0.0,0.8921592533537798,10,10,100.0,30.0,9.9,11.0,57.299999999999976,114.0,0,0.0,0.0,10,0,0,0,0.00014416632950542407,2.079201292622738e-07,0.00041672576486911916,
heterogeneous3,2000,0.8,hard_tau1,10,48.410000000000004,48.3,968.2,0,0.0,0.44534710702232505,10,10,100.0,25.6,22.9,26.0,28.299999999999997,31.0,0,0.0,0.0,10,0,0,0,0.017670299668679945,8.070106978011961e-07,0.0008477911902470402,263.0
heterogeneous3,2000,0.8,km_U,10,49.254999999999995,49.425,985.1,0,0.0,0.4371686498329142,0,0,,10.5,6.8,9.5,16.1,17.0,0,,,0,0,0,0,,,,
heterogeneous3,2000,0.8,km_X,10,1.9450000000000003,1.95,38.9,0,0.0,0.9432003351937087,0,0,,3.6,3.0,4.0,4.0,4.0,0,,,0,0,0,0,,,,
heterogeneous3,2000,0.8,km_Y,10,1.9200000000000002,1.95,38.4,0,0.0,0.9439694510779739,0,0,,4.4,4.0,4.0,5.1,6.0,0,,,0,0,0,0,,,,
heterogeneous3,2000,0.8,km_YX_from_X,10,57.84999999999999,57.800000000000004,1157.0,0,0.0,0.09957092583803946,0,0,,9.5,8.0,9.0,11.2,13.0,0,,,0,0,0,0,,,,
heterogeneous3,2000,0.8,km_Y_from_U,10,49.265,49.4,985.3,0,0.0,0.44464068271004803,0,0,,3.7,2.0,3.0,6.199999999999999,8.0,0,,,0,0,0,0,,,,
heterogeneous3,2000,0.8,soft_Ucal_Xinit_tau1,10,0.25499999999999995,0.3,5.1,0,0.0,0.9923842251665894,10,10,100.0,25.4,19.9,23.5,35.1,36.0,0,0.0,0.0,10,0,0,0,0.014033813136848039,8.761333652121565e-07,0.0009173592058513282,654.0
heterogeneous3,2000,0.8,soft_Ucal_Xinit_tau2,10,0.34500000000000003,0.35000000000000003,6.9,0,0.0,0.9897077720940233,10,10,100.0,72.3,67.0,74.0,75.0,75.0,0,0.0,0.0,10,0,0,0,0.016191427555895643,9.664652858514436e-07,0.0007038923493192893,651.0
heterogeneous3,2000,0.8,soft_X_tau1,10,53.325,53.900000000000006,1066.5,0,0.0,0.11770031886489177,10,10,100.0,28.8,12.8,28.0,39.29999999999998,78.0,0,0.0,0.0,10,0,0,0,0.0018157958984375,1.8699606129366228e-14,0.00099277857553218,23.0
heterogeneous3,2000,0.8,soft_X_tau2,10,53.74,54.325,1074.8,0,0.0,0.1062113732537909,10,10,100.0,25.4,16.7,27.5,32.2,34.0,0,0.0,0.0,10,0,0,0,0.002092543989419937,1.4471337581249204e-12,0.0009802891416082996,21.0
heterogeneous3,2000,0.8,soft_tau1,10,48.495,48.525,969.9,0,0.0,0.44520469758870984,10,10,100.0,25.9,22.9,25.5,29.299999999999997,32.0,0,0.0,0.0,10,0,0,0,0.012078623029083246,5.513244964820107e-07,0.000846418859622472,264.0
heterogeneous3,2000,0.8,soft_tau1_best4,10,0.25499999999999995,0.3,5.1,0,0.0,0.9923842251665892,10,10,100.0,25.8,17.9,25.0,36.5,41.0,0,0.0,0.0,10,0,0,0,0.006857049605969223,4.2797823649871125e-07,0.000990515423611348,192.0
heterogeneous3,2000,0.8,soft_tau2,10,48.43,48.375,968.6,0,0.0,0.4460778457318429,10,10,100.0,71.8,68.8,72.5,74.0,74.0,0,0.0,0.0,10,0,0,0,0.020048257130838465,9.510070702737857e-07,0.00026312769697079785,265.0
heterogeneous3,2000,1.4,gmm_Y,10,39.205000000000005,36.3,784.1,0,0.0,0.5132731830670111,10,8,80.0,75.7,30.8,53.0,150.0,150.0,2,,,0,0,0,0,,,,
heterogeneous3,2000,1.4,gmm_YX_from_X,10,36.415000000000006,38.925,728.3,0,0.0,0.4316180496150456,10,5,50.0,108.8,32.1,148.5,150.0,150.0,5,,,0,0,0,0,,,,
heterogeneous3,2000,1.4,gmm_direct_X,10,0.12000000000000001,0.125,2.4,1,10.0,0.9964092534722265,10,10,100.0,5.9,4.9,5.5,8.1,9.0,0,0.0,0.0,10,0,0,0,2.3943339400034347e-06,7.405951492000241e-08,7.830540194911362e-05,
heterogeneous3,2000,1.4,hard_tau1,10,48.9,49.375,978.0,0,0.0,0.445276677163147,10,10,100.0,11.2,10.8,11.0,12.1,13.0,0,0.0,0.0,10,0,0,0,0.0033978328028752003,1.2094400332545453e-07,0.0009384927844920368,271.0
heterogeneous3,2000,1.4,km_U,10,49.42999999999999,49.55,988.6,0,0.0,0.44346923852235937,0,0,,9.3,3.9,9.5,15.1,16.0,0,,,0,0,0,0,,,,
heterogeneous3,2000,1.4,km_X,10,0.295,0.3,5.9,0,0.0,0.9911957954161217,0,0,,2.7,2.0,3.0,3.0999999999999996,4.0,0,,,0,0,0,0,,,,
heterogeneous3,2000,1.4,km_Y,10,0.295,0.3,5.9,0,0.0,0.9911957954161217,0,0,,3.0,2.0,3.0,4.0,4.0,0,,,0,0,0,0,,,,
heterogeneous3,2000,1.4,km_YX_from_X,10,57.374999999999986,57.42499999999999,1147.5,0,0.0,0.11174787492977604,0,0,,9.0,7.9,9.0,10.0,10.0,0,,,0,0,0,0,,,,
heterogeneous3,2000,1.4,km_Y_from_U,10,49.27,49.55,985.4,0,0.0,0.44474110964182056,0,0,,2.2,1.0,2.0,4.0,4.0,0,,,0,0,0,0,,,,
heterogeneous3,2000,1.4,soft_Ucal_Xinit_tau1,10,0.01,0.0,0.2,8,80.0,0.9997002254885402,10,10,100.0,10.7,9.9,10.5,12.1,13.0,0,0.0,0.0,10,0,0,0,0.0019379163059056737,1.1391524496188221e-07,0.0009969795464839478,664.0
heterogeneous3,2000,1.4,soft_Ucal_Xinit_tau2,10,0.02,0.0,0.4,7,70.0,0.9994006765401107,10,10,100.0,60.9,54.7,62.0,65.1,66.0,0,0.0,0.0,10,0,0,0,0.009549969330691965,5.398528709566666e-07,0.0009974734243123882,664.0
heterogeneous3,2000,1.4,soft_X_tau1,10,53.665,53.87500000000001,1073.3,0,0.0,0.0864113109847445,10,10,100.0,26.3,18.6,26.5,34.5,39.0,0,0.0,0.0,10,0,0,0,3.0517578125e-05,3.6407970474607242e-16,0.0009509822783629657,88.0
heterogeneous3,2000,1.4,soft_X_tau2,10,53.679999999999986,53.87500000000001,1073.6,0,0.0,0.08384244203375334,10,10,100.0,26.5,20.0,24.5,34.099999999999994,44.0,0,0.0,0.0,10,0,0,0,1.33514404296875e-05,1.0989343268323954e-15,0.000978980388560295,87.0
heterogeneous3,2000,1.4,soft_tau1,10,48.95,49.375,979.0,0,0.0,0.44518970030288596,10,10,100.0,11.2,9.9,11.0,13.1,14.0,0,0.0,0.0,10,0,0,0,0.0059020756161771715,2.0715961773140133e-07,0.0009893860438580017,274.0
heterogeneous3,2000,1.4,soft_tau1_best4,10,0.01,0.0,0.2,8,80.0,0.9997002254885402,10,10,100.0,11.7,10.0,12.0,13.0,13.0,0,0.0,0.0,10,0,0,0,0.0019392334106669296,1.1399266730521297e-07,0.000967997269044096,665.0
heterogeneous3,2000,1.4,soft_tau2,10,48.949999999999996,49.375,979.0,0,0.0,0.44517853565444765,10,10,100.0,56.9,54.6,56.5,61.0,61.0,0,0.0,0.0,10,0,0,0,0.02561266705743037,9.410542966082038e-07,0.0009671845430362305,273.0
hierarchical4,1000,0.8,gmm_Y,10,0.08,0.1,0.8,4,40.0,0.9978656018077144,10,10,100.0,6.8,4.0,7.0,9.1,10.0,0,,,0,0,0,0,,,,
hierarchical4,1000,0.8,gmm_YX_from_X,10,0.08,0.1,0.8,4,40.0,0.9978656018077144,10,10,100.0,4.8,3.0,4.0,8.0,8.0,0,,,0,0,0,0,,,,
hierarchical4,1000,0.8,gmm_direct_X,10,0.09000000000000001,0.1,0.9,4,40.0,0.9976008030493443,10,10,100.0,2.7,2.0,2.5,4.0,4.0,0,0.0,0.0,10,0,0,0,7.057947641442297e-06,3.6480797984951513e-09,0.0009155977166901419,
hierarchical4,1000,0.8,hard_tau1,10,0.030000000000000002,0.0,0.3,7,70.0,0.9991991973290609,10,10,100.0,10.5,10.0,10.5,11.0,11.0,0,0.0,0.0,10,0,0,0,0.0017557243791088695,1.9144103053627964e-07,0.0009968779930723442,249.0
hierarchical4,1000,0.8,km_U,10,0.05,0.05,0.5,5,50.0,0.9986653288817683,0,0,,3.2,3.0,3.0,4.0,4.0,0,,,0,0,0,0,,,,
hierarchical4,1000,0.8,km_X,10,0.030000000000000002,0.0,0.3,7,70.0,0.9991991973290609,0,0,,3.2,2.0,3.0,4.1,5.0,0,,,0,0,0,0,,,,
hierarchical4,1000,0.8,km_Y,10,0.04,0.0,0.4,6,60.0,0.9989322631054145,0,0,,3.2,2.0,3.0,4.1,5.0,0,,,0,0,0,0,,,,
hierarchical4,1000,0.8,km_YX_from_X,10,0.030000000000000002,0.0,0.3,7,70.0,0.9991991973290609,0,0,,1.0,1.0,1.0,1.0,1.0,0,,,0,0,0,0,,,,
hierarchical4,1000,0.8,km_Y_from_U,10,0.04,0.0,0.4,6,60.0,0.9989322631054145,0,0,,1.1,1.0,1.0,1.0999999999999996,2.0,0,,,0,0,0,0,,,,
hierarchical4,1000,0.8,soft_Ucal_Xinit_tau1,10,0.02,0.0,0.2,8,80.0,0.9994661315527074,10,10,100.0,10.6,10.0,10.5,11.1,12.0,0,0.0,0.0,10,0,0,0,0.001136043149017496,1.2497406312772506e-07,0.0009055592846774641,249.0
hierarchical4,1000,0.8,soft_Ucal_Xinit_tau2,10,0.02,0.0,0.2,8,80.0,0.9994661315527074,10,10,100.0,42.4,37.9,42.5,46.2,48.0,0,0.0,0.0,10,0,0,0,0.005608478311842191,5.593389696735346e-07,0.0009919945334602616,249.0
hierarchical4,1000,0.8,soft_X_tau1,10,0.02,0.0,0.2,8,80.0,0.9994661315527074,10,10,100.0,10.6,10.0,10.5,11.1,12.0,0,0.0,0.0,10,0,0,0,0.001136043149017496,1.2497406312772506e-07,0.0008919161895815439,249.0
hierarchical4,1000,0.8,soft_X_tau2,10,0.02,0.0,0.2,8,80.0,0.9994661315527074,10,10,100.0,42.4,37.9,42.5,46.2,48.0,0,0.0,0.0,10,0,0,0,0.005489629649673589,5.474895529328897e-07,0.000991994533460263,249.0
hierarchical4,1000,0.8,soft_tau1,10,0.02,0.0,0.2,8,80.0,0.9994661315527074,10,10,100.0,10.6,10.0,10.5,11.1,12.0,0,0.0,0.0,10,0,0,0,0.001136043149017496,1.2497406312772506e-07,0.0009055592778217903,249.0
hierarchical4,1000,0.8,soft_tau1_best4,10,0.02,0.0,0.2,8,80.0,0.9994661315527074,10,10,100.0,11.1,10.0,11.0,12.1,13.0,0,0.0,0.0,10,0,0,0,0.0008379832215723582,9.117423141628977e-08,0.0009452412531729395,249.0
hierarchical4,1000,0.8,soft_tau2,10,0.02,0.0,0.2,8,80.0,0.9994661315527074,10,10,100.0,42.4,37.9,42.5,46.2,48.0,0,0.0,0.0,10,0,0,0,0.005614709640212823,5.599604222916137e-07,0.0009919945334602616,249.0
hierarchical4,1000,1.4,gmm_Y,10,0.0,0.0,0.0,10,100.0,1.0,10,10,100.0,4.7,2.0,5.0,5.599999999999998,11.0,0,,,0,0,0,0,,,,
hierarchical4,1000,1.4,gmm_YX_from_X,10,0.0,0.0,0.0,10,100.0,1.0,10,10,100.0,2.8,2.0,2.0,5.0,5.0,0,,,0,0,0,0,,,,
hierarchical4,1000,1.4,gmm_direct_X,10,0.0,0.0,0.0,10,100.0,1.0,10,10,100.0,1.0,1.0,1.0,1.0,1.0,0,0.0,0.0,10,0,0,0,2.2737367544323206e-13,2.592640065432371e-16,8.840187314951287e-06,
hierarchical4,1000,1.4,hard_tau1,10,0.0,0.0,0.0,10,100.0,1.0,10,10,100.0,6.3,6.0,6.0,7.0,7.0,0,0.0,0.0,10,0,0,0,0.0007236780547827948,7.371304688349409e-08,0.00096382456246557,250.0
hierarchical4,1000,1.4,km_U,10,0.0,0.0,0.0,10,100.0,1.0,0,0,,2.1,2.0,2.0,2.0999999999999996,3.0,0,,,0,0,0,0,,,,
hierarchical4,1000,1.4,km_X,10,0.0,0.0,0.0,10,100.0,1.0,0,0,,2.2,2.0,2.0,3.0,3.0,0,,,0,0,0,0,,,,
hierarchical4,1000,1.4,km_Y,10,0.0,0.0,0.0,10,100.0,1.0,0,0,,2.3,2.0,2.0,3.0,3.0,0,,,0,0,0,0,,,,
hierarchical4,1000,1.4,km_YX_from_X,10,0.0,0.0,0.0,10,100.0,1.0,0,0,,1.0,1.0,1.0,1.0,1.0,0,,,0,0,0,0,,,,
hierarchical4,1000,1.4,km_Y_from_U,10,0.0,0.0,0.0,10,100.0,1.0,0,0,,1.0,1.0,1.0,1.0,1.0,0,,,0,0,0,0,,,,
hierarchical4,1000,1.4,soft_Ucal_Xinit_tau1,10,0.0,0.0,0.0,10,100.0,1.0,10,10,100.0,6.3,6.0,6.0,7.0,7.0,0,0.0,0.0,10,0,0,0,0.0007236815799842589,7.371341521421468e-08,0.0009638245529530697,250.0
hierarchical4,1000,1.4,soft_Ucal_Xinit_tau2,10,0.0,0.0,0.0,10,100.0,1.0,10,10,100.0,20.0,18.9,20.0,21.2,23.0,0,0.0,0.0,10,0,0,0,0.001779256270310725,1.6846891958984494e-07,0.0009986262834081813,250.0
hierarchical4,1000,1.4,soft_X_tau1,10,0.0,0.0,0.0,10,100.0,1.0,10,10,100.0,6.3,6.0,6.0,7.0,7.0,0,0.0,0.0,10,0,0,0,0.00072368157634628,7.371341484365415e-08,0.0009638245529529544,250.0
hierarchical4,1000,1.4,soft_X_tau2,10,0.0,0.0,0.0,10,100.0,1.0,10,10,100.0,20.0,18.9,20.0,21.2,23.0,0,0.0,0.0,10,0,0,0,0.0017792562684917357,1.6846891941761387e-07,0.0009986262834082453,250.0
hierarchical4,1000,1.4,soft_tau1,10,0.0,0.0,0.0,10,100.0,1.0,10,10,100.0,6.3,6.0,6.0,7.0,7.0,0,0.0,0.0,10,0,0,0,0.0007236815799842589,7.371341521421468e-08,0.0009638245529530697,250.0
hierarchical4,1000,1.4,soft_tau1_best4,10,0.0,0.0,0.0,10,100.0,1.0,10,10,100.0,6.4,6.0,6.0,7.0,7.0,0,0.0,0.0,10,0,0,0,0.0006959385063964874,7.051893927957647e-08,0.0009638245529530697,249.0
hierarchical4,1000,1.4,soft_tau2,10,0.0,0.0,0.0,10,100.0,1.0,10,10,100.0,20.0,18.9,20.0,21.2,23.0,0,0.0,0.0,10,0,0,0,0.001779256270310725,1.6846891958984494e-07,0.0009986262834081813,250.0
hierarchical4,2000,0.8,gmm_Y,10,0.034999999999999996,0.05,0.7,4,40.0,0.9990664668235565,10,10,100.0,4.6,3.0,4.0,8.1,9.0,0,,,0,0,0,0,,,,
hierarchical4,2000,0.8,gmm_YX_from_X,10,0.034999999999999996,0.05,0.7,4,40.0,0.9990664668235565,10,10,100.0,3.5,3.0,3.0,4.1,5.0,0,,,0,0,0,0,,,,
hierarchical4,2000,0.8,gmm_direct_X,10,0.034999999999999996,0.05,0.7,4,40.0,0.9990664668235565,10,10,100.0,2.1,2.0,2.0,2.0999999999999996,3.0,0,0.0,0.0,10,0,0,0,1.471021778343129e-05,4.518873723730227e-09,0.0005143736085376771,
hierarchical4,2000,0.8,hard_tau1,10,0.025,0.0,0.5,6,60.0,0.9993332670459567,10,10,100.0,9.2,9.0,9.0,10.0,10.0,0,0.0,0.0,10,0,0,0,0.002550665431044763,1.372426374875416e-07,0.0009727258713724842,498.0
hierarchical4,2000,0.8,km_U,10,0.025,0.0,0.5,6,60.0,0.9993332670459567,0,0,,2.8,2.0,3.0,3.0999999999999996,4.0,0,,,0,0,0,0,,,,
hierarchical4,2000,0.8,km_X,10,0.025,0.0,0.5,6,60.0,0.9993332670459567,0,0,,3.2,3.0,3.0,4.0,4.0,0,,,0,0,0,0,,,,
hierarchical4,2000,0.8,km_Y,10,0.030000000000000002,0.025,0.6,5,50.0,0.9991998669347566,0,0,,3.2,3.0,3.0,4.0,4.0,0,,,0,0,0,0,,,,
hierarchical4,2000,0.8,km_YX_from_X,10,0.025,0.0,0.5,6,60.0,0.9993332670459567,0,0,,1.0,1.0,1.0,1.0,1.0,0,,,0,0,0,0,,,,
hierarchical4,2000,0.8,km_Y_from_U,10,0.025,0.0,0.5,6,60.0,0.9993332670459567,0,0,,1.0,1.0,1.0,1.0,1.0,0,,,0,0,0,0,,,,
hierarchical4,2000,0.8,soft_Ucal_Xinit_tau1,10,0.030000000000000002,0.025,0.6,5,50.0,0.9991998669347566,10,10,100.0,9.2,9.0,9.0,10.0,10.0,0,0.0,0.0,10,0,0,0,0.0025561694164935034,1.3757454086551898e-07,0.0009777033191557542,498.0
hierarchical4,2000,0.8,soft_Ucal_Xinit_tau2,10,0.030000000000000002,0.025,0.6,5,50.0,0.9991998669347566,10,10,100.0,35.5,33.8,36.0,36.3,39.0,0,0.0,0.0,10,0,0,0,0.008905125156161375,4.4268765575510803e-07,0.000997918974747142,498.0
hierarchical4,2000,0.8,soft_X_tau1,10,0.030000000000000002,0.025,0.6,5,50.0,0.9991998669347566,10,10,100.0,9.2,9.0,9.0,10.0,10.0,0,0.0,0.0,10,0,0,0,0.002556169420131482,1.375745410613171e-07,0.0009777033191557525,498.0
hierarchical4,2000,0.8,soft_X_tau2,10,0.030000000000000002,0.025,0.6,5,50.0,0.9991998669347566,10,10,100.0,35.5,33.8,36.0,36.3,39.0,0,0.0,0.0,10,0,0,0,0.008905125152523397,4.426876555742585e-07,0.0009979189747471875,498.0
hierarchical4,2000,0.8,soft_tau1,10,0.030000000000000002,0.025,0.6,5,50.0,0.9991998669347566,10,10,100.0,9.2,9.0,9.0,10.0,10.0,0,0.0,0.0,10,0,0,0,0.0025561694164935034,1.3757454086551898e-07,0.0009777033191557542,498.0
hierarchical4,2000,0.8,soft_tau1_best4,10,0.030000000000000002,0.025,0.6,5,50.0,0.9991998669347566,10,10,100.0,9.6,9.0,9.5,10.1,11.0,0,0.0,0.0,10,0,0,0,0.0019818615437543485,1.0717453668032462e-07,0.00099267409798456,498.0
hierarchical4,2000,0.8,soft_tau2,10,0.030000000000000002,0.025,0.6,5,50.0,0.9991998669347566,10,10,100.0,35.5,33.8,36.0,36.3,39.0,0,0.0,0.0,10,0,0,0,0.008905125156161375,4.4268765575510803e-07,0.000997918974747142,498.0
hierarchical4,2000,1.4,gmm_Y,10,0.0,0.0,0.0,10,100.0,1.0,10,10,100.0,3.7,2.0,4.0,5.0,5.0,0,,,0,0,0,0,,,,
hierarchical4,2000,1.4,gmm_YX_from_X,10,0.0,0.0,0.0,10,100.0,1.0,10,10,100.0,2.6,2.0,2.0,5.0,5.0,0,,,0,0,0,0,,,,
hierarchical4,2000,1.4,gmm_direct_X,10,0.0,0.0,0.0,10,100.0,1.0,10,10,100.0,1.0,1.0,1.0,1.0,1.0,0,0.0,0.0,10,0,0,0,4.092726157978177e-12,2.652321775672305e-15,1.1203748914612177e-05,
hierarchical4,2000,1.4,hard_tau1,10,0.0,0.0,0.0,10,100.0,1.0,10,10,100.0,6.0,6.0,6.0,6.0,6.0,0,0.0,0.0,10,0,0,0,0.0016940355890255887,8.379661193862357e-08,0.0006612495569853557,500.0
hierarchical4,2000,1.4,km_U,10,0.0,0.0,0.0,10,100.0,1.0,0,0,,2.3,2.0,2.0,3.0,3.0,0,,,0,0,0,0,,,,
hierarchical4,2000,1.4,km_X,10,0.0,0.0,0.0,10,100.0,1.0,0,0,,2.5,2.0,2.5,3.0,3.0,0,,,0,0,0,0,,,,
hierarchical4,2000,1.4,km_Y,10,0.0,0.0,0.0,10,100.0,1.0,0,0,,2.4,2.0,2.0,3.0,3.0,0,,,0,0,0,0,,,,
hierarchical4,2000,1.4,km_YX_from_X,10,0.0,0.0,0.0,10,100.0,1.0,0,0,,1.0,1.0,1.0,1.0,1.0,0,,,0,0,0,0,,,,
hierarchical4,2000,1.4,km_Y_from_U,10,0.0,0.0,0.0,10,100.0,1.0,0,0,,1.0,1.0,1.0,1.0,1.0,0,,,0,0,0,0,,,,
hierarchical4,2000,1.4,soft_Ucal_Xinit_tau1,10,0.0,0.0,0.0,10,100.0,1.0,10,10,100.0,6.0,6.0,6.0,6.0,6.0,0,0.0,0.0,10,0,0,0,0.0016940356799750589,8.379661698825592e-08,0.0006612411202479377,500.0
hierarchical4,2000,1.4,soft_Ucal_Xinit_tau2,10,0.0,0.0,0.0,10,100.0,1.0,10,10,100.0,17.2,16.9,17.0,18.0,18.0,0,0.0,0.0,10,0,0,0,0.006133321363449795,2.88500495936453e-07,0.0009947179760391566,500.0
hierarchical4,2000,1.4,soft_X_tau1,10,0.0,0.0,0.0,10,100.0,1.0,10,10,100.0,6.0,6.0,6.0,6.0,6.0,0,0.0,0.0,10,0,0,0,0.0016940356799750589,8.379661698825592e-08,0.0006612411202477183,500.0
hierarchical4,2000,1.4,soft_X_tau2,10,0.0,0.0,0.0,10,100.0,1.0,10,10,100.0,17.2,16.9,17.0,18.0,18.0,0,0.0,0.0,10,0,0,0,0.006133321370725753,2.8850049627870107e-07,0.0009947179760391566,500.0
hierarchical4,2000,1.4,soft_tau1,10,0.0,0.0,0.0,10,100.0,1.0,10,10,100.0,6.0,6.0,6.0,6.0,6.0,0,0.0,0.0,10,0,0,0,0.0016940356799750589,8.379661698825592e-08,0.0006612411202479377,500.0
hierarchical4,2000,1.4,soft_tau1_best4,10,0.0,0.0,0.0,10,100.0,1.0,10,10,100.0,6.1,6.0,6.0,6.1,7.0,0,0.0,0.0,10,0,0,0,0.0007749012656859122,3.84849209997358e-08,0.0006612411202479377,500.0
hierarchical4,2000,1.4,soft_tau2,10,0.0,0.0,0.0,10,100.0,1.0,10,10,100.0,17.2,16.9,17.0,18.0,18.0,0,0.0,0.0,10,0,0,0,0.006133321363449795,2.88500495936453e-07,0.0009947179760391566,500.0
symmetric2,1000,0.8,gmm_Y,10,0.12000000000000001,0.1,1.2,2,20.0,0.9952039992752386,10,10,100.0,3.2,3.0,3.0,4.0,4.0,0,,,0,0,0,0,,,,
symmetric2,1000,0.8,gmm_YX_from_X,10,0.12000000000000001,0.1,1.2,2,20.0,0.9952039992752386,10,10,100.0,3.2,3.0,3.0,4.0,4.0,0,,,0,0,0,0,,,,
symmetric2,1000,0.8,gmm_direct_X,10,0.12000000000000001,0.1,1.2,2,20.0,0.9952039992752386,10,10,100.0,2.0,2.0,2.0,2.0,2.0,0,0.0,0.0,10,0,0,0,3.4363597478659358e-06,1.6111844366013983e-09,0.0005793906758226886,
symmetric2,1000,0.8,hard_tau1,10,0.15,0.2,1.5,2,20.0,0.9940064004984593,10,10,100.0,1.8,1.0,2.0,2.0,2.0,0,0.0,0.0,10,0,0,0,0.00014926347193977563,2.4412518739012642e-08,0.0009739402455575107,497.0
symmetric2,1000,0.8,km_U,10,0.15,0.2,1.5,2,20.0,0.9940064004984593,0,0,,2.9,2.9,3.0,3.0,3.0,0,,,0,0,0,0,,,,
symmetric2,1000,0.8,km_X,10,0.15,0.2,1.5,2,20.0,0.9940064004984593,0,0,,3.1,2.9,3.0,4.0,4.0,0,,,0,0,0,0,,,,
symmetric2,1000,0.8,km_Y,10,0.15,0.2,1.5,2,20.0,0.9940064004984593,0,0,,3.0,2.9,3.0,3.0999999999999996,4.0,0,,,0,0,0,0,,,,
symmetric2,1000,0.8,km_YX_from_X,10,0.15,0.2,1.5,2,20.0,0.9940064004984593,0,0,,1.0,1.0,1.0,1.0,1.0,0,,,0,0,0,0,,,,
symmetric2,1000,0.8,km_Y_from_U,10,0.15,0.2,1.5,2,20.0,0.9940064004984593,0,0,,1.0,1.0,1.0,1.0,1.0,0,,,0,0,0,0,,,,
symmetric2,1000,0.8,soft_Ucal_Xinit_tau1,10,0.15,0.2,1.5,2,20.0,0.9940064004984593,10,10,100.0,1.9,1.9,2.0,2.0,2.0,0,0.0,0.0,10,0,0,0,8.914526006265078e-05,1.4676254105715552e-08,0.0005890425552738955,497.0
symmetric2,1000,0.8,soft_Ucal_Xinit_tau2,10,0.15,0.2,1.5,2,20.0,0.9940064004984593,10,10,100.0,3.8,3.0,4.0,4.0,4.0,0,0.0,0.0,10,0,0,0,0.0008030308272282127,1.2922751182314053e-07,0.0009966953712552391,497.0
symmetric2,1000,0.8,soft_X_tau1,10,0.15,0.2,1.5,2,20.0,0.9940064004984593,10,10,100.0,1.9,1.9,2.0,2.0,2.0,0,0.0,0.0,10,0,0,0,8.914526006265078e-05,1.4676254105715552e-08,0.0005890425552738955,497.0
symmetric2,1000,0.8,soft_X_tau2,10,0.15,0.2,1.5,2,20.0,0.9940064004984593,10,10,100.0,3.8,3.0,4.0,4.0,4.0,0,0.0,0.0,10,0,0,0,0.0008030308272282127,1.2922751182314053e-07,0.0009966953712552391,497.0
symmetric2,1000,0.8,soft_tau1,10,0.15,0.2,1.5,2,20.0,0.9940064004984593,10,10,100.0,1.9,1.9,2.0,2.0,2.0,0,0.0,0.0,10,0,0,0,8.914526006265078e-05,1.4676254105715552e-08,0.0005890425552738955,497.0
symmetric2,1000,0.8,soft_tau1_best4,10,0.15,0.2,1.5,2,20.0,0.9940064004984593,10,10,100.0,2.4,2.0,2.0,3.0999999999999996,4.0,0,0.0,0.0,10,0,0,0,8.914526006265078e-05,1.4676254105715552e-08,0.0005890425552738955,497.0
symmetric2,1000,0.8,soft_tau2,10,0.15,0.2,1.5,2,20.0,0.9940064004984593,10,10,100.0,3.8,3.0,4.0,4.0,4.0,0,0.0,0.0,10,0,0,0,0.0008030308272282127,1.2922751182314053e-07,0.0009966953712552391,497.0
symmetric2,1000,1.4,gmm_Y,10,0.0,0.0,0.0,10,100.0,1.0,10,10,100.0,2.0,2.0,2.0,2.0,2.0,0,,,0,0,0,0,,,,
symmetric2,1000,1.4,gmm_YX_from_X,10,0.0,0.0,0.0,10,100.0,1.0,10,10,100.0,2.0,2.0,2.0,2.0,2.0,0,,,0,0,0,0,,,,
symmetric2,1000,1.4,gmm_direct_X,10,0.0,0.0,0.0,10,100.0,1.0,10,10,100.0,1.0,1.0,1.0,1.0,1.0,0,0.0,0.0,10,0,0,0,0.0,0.0,0.00032066517148798823,
symmetric2,1000,1.4,hard_tau1,10,0.0,0.0,0.0,10,100.0,1.0,10,10,100.0,1.0,1.0,1.0,1.0,1.0,0,0.0,0.0,10,0,0,0,3.0137588510115165e-05,4.6093794288189025e-09,0.0009950867451873364,500.0
symmetric2,1000,1.4,km_U,10,0.0,0.0,0.0,10,100.0,1.0,0,0,,2.2,2.0,2.0,3.0,3.0,0,,,0,0,0,0,,,,
symmetric2,1000,1.4,km_X,10,0.0,0.0,0.0,10,100.0,1.0,0,0,,2.3,2.0,2.0,3.0,3.0,0,,,0,0,0,0,,,,
symmetric2,1000,1.4,km_Y,10,0.0,0.0,0.0,10,100.0,1.0,0,0,,2.3,2.0,2.0,3.0,3.0,0,,,0,0,0,0,,,,
symmetric2,1000,1.4,km_YX_from_X,10,0.0,0.0,0.0,10,100.0,1.0,0,0,,1.0,1.0,1.0,1.0,1.0,0,,,0,0,0,0,,,,
symmetric2,1000,1.4,km_Y_from_U,10,0.0,0.0,0.0,10,100.0,1.0,0,0,,1.0,1.0,1.0,1.0,1.0,0,,,0,0,0,0,,,,
symmetric2,1000,1.4,soft_Ucal_Xinit_tau1,10,0.0,0.0,0.0,10,100.0,1.0,10,10,100.0,1.0,1.0,1.0,1.0,1.0,0,0.0,0.0,10,0,0,0,3.0171447178872768e-05,4.614557950580401e-09,0.0009459537133391519,500.0
symmetric2,1000,1.4,soft_Ucal_Xinit_tau2,10,0.0,0.0,0.0,10,100.0,1.0,10,10,100.0,2.0,2.0,2.0,2.0,2.0,0,0.0,0.0,10,0,0,0,0.0017803915998229058,2.7030986484934887e-07,0.0009739649415228782,500.0
symmetric2,1000,1.4,soft_X_tau1,10,0.0,0.0,0.0,10,100.0,1.0,10,10,100.0,1.0,1.0,1.0,1.0,1.0,0,0.0,0.0,10,0,0,0,3.0171447178872768e-05,4.614557950580401e-09,0.0009459537133391519,500.0
symmetric2,1000,1.4,soft_X_tau2,10,0.0,0.0,0.0,10,100.0,1.0,10,10,100.0,2.0,2.0,2.0,2.0,2.0,0,0.0,0.0,10,0,0,0,0.0017803915998229058,2.7030986484934887e-07,0.0009739649415228782,500.0
symmetric2,1000,1.4,soft_tau1,10,0.0,0.0,0.0,10,100.0,1.0,10,10,100.0,1.0,1.0,1.0,1.0,1.0,0,0.0,0.0,10,0,0,0,3.0171447178872768e-05,4.614557950580401e-09,0.0009459537133391519,500.0
symmetric2,1000,1.4,soft_tau1_best4,10,0.0,0.0,0.0,10,100.0,1.0,10,10,100.0,1.3,1.0,1.0,2.0,2.0,0,0.0,0.0,10,0,0,0,2.7524981305759866e-05,4.185730458519492e-09,0.0005646927343697551,500.0
symmetric2,1000,1.4,soft_tau2,10,0.0,0.0,0.0,10,100.0,1.0,10,10,100.0,2.0,2.0,2.0,2.0,2.0,0,0.0,0.0,10,0,0,0,0.0017803915998229058,2.7030986484934887e-07,0.0009739649415228782,500.0
symmetric2,2000,0.8,gmm_Y,10,0.025,0.025,0.5,5,50.0,0.9989999997502501,10,10,100.0,2.7,2.0,3.0,3.0,3.0,0,,,0,0,0,0,,,,
symmetric2,2000,0.8,gmm_YX_from_X,10,0.025,0.025,0.5,5,50.0,0.9989999997502501,10,10,100.0,2.7,2.0,3.0,3.0,3.0,0,,,0,0,0,0,,,,
symmetric2,2000,0.8,gmm_direct_X,10,0.025,0.025,0.5,5,50.0,0.9989999997502501,10,10,100.0,1.7,1.0,2.0,2.0,2.0,0,0.0,0.0,10,0,0,0,8.863348739396315e-06,2.062944349015085e-09,0.0007072421089251435,
symmetric2,2000,0.8,hard_tau1,10,0.025,0.025,0.5,5,50.0,0.9989999997502501,10,10,100.0,1.7,1.0,2.0,2.0,2.0,0,0.0,0.0,10,0,0,0,0.0001728676179482136,1.390635343417505e-08,0.0009399251116149996,999.0
symmetric2,2000,0.8,km_U,10,0.025,0.025,0.5,5,50.0,0.9989999997502501,0,0,,2.8,2.0,3.0,3.0,3.0,0,,,0,0,0,0,,,,
symmetric2,2000,0.8,km_X,10,0.030000000000000002,0.025,0.6,5,50.0,0.9988001998002002,0,0,,2.7,2.0,3.0,3.0,3.0,0,,,0,0,0,0,,,,
symmetric2,2000,0.8,km_Y,10,0.030000000000000002,0.025,0.6,5,50.0,0.9988001998002002,0,0,,2.6,2.0,3.0,3.0,3.0,0,,,0,0,0,0,,,,
symmetric2,2000,0.8,km_YX_from_X,10,0.030000000000000002,0.025,0.6,5,50.0,0.9988001998002002,0,0,,1.0,1.0,1.0,1.0,1.0,0,,,0,0,0,0,,,,
symmetric2,2000,0.8,km_Y_from_U,10,0.030000000000000002,0.025,0.6,5,50.0,0.9988001998002002,0,0,,1.0,1.0,1.0,1.0,1.0,0,,,0,0,0,0,,,,
symmetric2,2000,0.8,soft_Ucal_Xinit_tau1,10,0.025,0.025,0.5,5,50.0,0.9989999997502501,10,10,100.0,1.8,1.0,2.0,2.0,2.0,0,0.0,0.0,10,0,0,0,0.0001445719517505495,1.1675877273853359e-08,0.0009521676943434538,999.0
symmetric2,2000,0.8,soft_Ucal_Xinit_tau2,10,0.025,0.025,0.5,5,50.0,0.9989999997502501,10,10,100.0,3.1,3.0,3.0,3.0999999999999996,4.0,0,0.0,0.0,10,0,0,0,0.0015731173734820914,1.2716140716925786e-07,0.0009504334553019339,999.0
symmetric2,2000,0.8,soft_X_tau1,10,0.025,0.025,0.5,5,50.0,0.9989999997502501,10,10,100.0,1.8,1.0,2.0,2.0,2.0,0,0.0,0.0,10,0,0,0,0.0001451055668439949,1.1718967984366857e-08,0.0009521676943434538,999.0
symmetric2,2000,0.8,soft_X_tau2,10,0.025,0.025,0.5,5,50.0,0.9989999997502501,10,10,100.0,3.1,3.0,3.0,3.0999999999999996,4.0,0,0.0,0.0,10,0,0,0,0.0015731173734820914,1.2716140716925786e-07,0.0009504334553019339,999.0
symmetric2,2000,0.8,soft_tau1,10,0.025,0.025,0.5,5,50.0,0.9989999997502501,10,10,100.0,1.8,1.0,2.0,2.0,2.0,0,0.0,0.0,10,0,0,0,0.0001840773256844841,1.4729730669382573e-08,0.0009521676943434538,999.0
symmetric2,2000,0.8,soft_tau1_best4,10,0.025,0.025,0.5,5,50.0,0.9989999997502501,10,10,100.0,2.3,2.0,2.0,3.0,3.0,0,0.0,0.0,10,0,0,0,0.00014808180822001304,1.1849396173542216e-08,0.0005194043589415677,999.0
symmetric2,2000,0.8,soft_tau2,10,0.025,0.025,0.5,5,50.0,0.9989999997502501,10,10,100.0,3.1,3.0,3.0,3.0999999999999996,4.0,0,0.0,0.0,10,0,0,0,0.0015731173734820914,1.2716140716925786e-07,0.0009937624033501873,999.0
symmetric2,2000,1.4,gmm_Y,10,0.0,0.0,0.0,10,100.0,1.0,10,10,100.0,2.0,2.0,2.0,2.0,2.0,0,,,0,0,0,0,,,,
symmetric2,2000,1.4,gmm_YX_from_X,10,0.0,0.0,0.0,10,100.0,1.0,10,10,100.0,2.0,2.0,2.0,2.0,2.0,0,,,0,0,0,0,,,,
symmetric2,2000,1.4,gmm_direct_X,10,0.0,0.0,0.0,10,100.0,1.0,10,10,100.0,1.0,1.0,1.0,1.0,1.0,0,0.0,0.0,10,0,0,0,0.0,0.0,1.1528629197954388e-06,
symmetric2,2000,1.4,hard_tau1,10,0.0,0.0,0.0,10,100.0,1.0,10,10,100.0,1.0,1.0,1.0,1.0,1.0,0,0.0,0.0,10,0,0,0,1.0051731806015596e-05,7.557911644423804e-10,0.000650414743701664,1000.0
symmetric2,2000,1.4,km_U,10,0.0,0.0,0.0,10,100.0,1.0,0,0,,2.0,2.0,2.0,2.0,2.0,0,,,0,0,0,0,,,,
symmetric2,2000,1.4,km_X,10,0.0,0.0,0.0,10,100.0,1.0,0,0,,2.0,2.0,2.0,2.0,2.0,0,,,0,0,0,0,,,,
symmetric2,2000,1.4,km_Y,10,0.0,0.0,0.0,10,100.0,1.0,0,0,,2.0,2.0,2.0,2.0,2.0,0,,,0,0,0,0,,,,
symmetric2,2000,1.4,km_YX_from_X,10,0.0,0.0,0.0,10,100.0,1.0,0,0,,1.0,1.0,1.0,1.0,1.0,0,,,0,0,0,0,,,,
symmetric2,2000,1.4,km_Y_from_U,10,0.0,0.0,0.0,10,100.0,1.0,0,0,,1.0,1.0,1.0,1.0,1.0,0,,,0,0,0,0,,,,
symmetric2,2000,1.4,soft_Ucal_Xinit_tau1,10,0.0,0.0,0.0,10,100.0,1.0,10,10,100.0,1.0,1.0,1.0,1.0,1.0,0,0.0,0.0,10,0,0,0,1.0053736332338303e-05,7.559418852852621e-10,0.000650415197292306,1000.0
symmetric2,2000,1.4,soft_Ucal_Xinit_tau2,10,0.0,0.0,0.0,10,100.0,1.0,10,10,100.0,2.0,2.0,2.0,2.0,2.0,0,0.0,0.0,10,0,0,0,0.0023056646896293387,1.7187353980671735e-07,0.0006310133204017754,1000.0
symmetric2,2000,1.4,soft_X_tau1,10,0.0,0.0,0.0,10,100.0,1.0,10,10,100.0,1.0,1.0,1.0,1.0,1.0,0,0.0,0.0,10,0,0,0,1.0053736332338303e-05,7.559418852852621e-10,0.000650415197292306,1000.0
symmetric2,2000,1.4,soft_X_tau2,10,0.0,0.0,0.0,10,100.0,1.0,10,10,100.0,2.0,2.0,2.0,2.0,2.0,0,0.0,0.0,10,0,0,0,0.0023056646896293387,1.7187353980671735e-07,0.0006310133204017754,1000.0
symmetric2,2000,1.4,soft_tau1,10,0.0,0.0,0.0,10,100.0,1.0,10,10,100.0,1.0,1.0,1.0,1.0,1.0,0,0.0,0.0,10,0,0,0,1.0053736332338303e-05,7.559418852852621e-10,0.000650415197292306,1000.0
symmetric2,2000,1.4,soft_tau1_best4,10,0.0,0.0,0.0,10,100.0,1.0,10,10,100.0,1.2,1.0,1.0,2.0,2.0,0,0.0,0.0,10,0,0,0,1.0053736332338303e-05,7.559418852852621e-10,0.000650415197292306,1000.0
symmetric2,2000,1.4,soft_tau2,10,0.0,0.0,0.0,10,100.0,1.0,10,10,100.0,2.0,2.0,2.0,2.0,2.0,0,0.0,0.0,10,0,0,0,0.0023056646896293387,1.7187353980671735e-07,0.0006310133204017754,1000.0
unequal3,1000,0.8,gmm_Y,10,0.11000000000000003,0.1,1.1,3,30.0,0.9974155825201043,10,10,100.0,6.0,4.0,5.5,8.1,9.0,0,,,0,0,0,0,,,,
unequal3,1000,0.8,gmm_YX_from_X,10,0.11000000000000003,0.1,1.1,3,30.0,0.9974155825201043,10,10,100.0,5.4,4.0,5.0,6.199999999999999,8.0,0,,,0,0,0,0,,,,
unequal3,1000,0.8,gmm_direct_X,10,0.11000000000000003,0.1,1.1,3,30.0,0.9974155825201043,10,10,100.0,3.2,2.9,3.0,4.0,4.0,0,0.0,0.0,10,0,0,0,1.7802171896619257e-05,9.929812139330454e-09,0.0009080696201616556,
unequal3,1000,0.8,hard_tau1,10,0.04,0.0,0.4,7,70.0,0.9990673959585168,10,10,100.0,6.8,6.0,7.0,7.0,7.0,0,0.0,0.0,10,0,0,0,0.00027264716482022777,3.3550708979222325e-08,0.0008607467947284618,192.0
unequal3,1000,0.8,km_U,10,0.6199999999999999,0.5499999999999999,6.2,0,0.0,0.9819988089876179,0,0,,4.1,3.0,4.5,5.0,5.0,0,,,0,0,0,0,,,,
unequal3,1000,0.8,km_X,10,0.18000000000000002,0.2,1.8,1,10.0,0.9954153345053985,0,0,,3.6,2.9,3.0,5.0,5.0,0,,,0,0,0,0,,,,
unequal3,1000,0.8,km_Y,10,0.4,0.35000000000000003,4.0,0,0.0,0.9895279494803443,0,0,,3.5,3.0,3.5,4.0,4.0,0,,,0,0,0,0,,,,
unequal3,1000,0.8,km_YX_from_X,10,0.38000000000000006,0.3,3.8,0,0.0,0.9900371673486973,0,0,,2.0,2.0,2.0,2.0,2.0,0,,,0,0,0,0,,,,
unequal3,1000,0.8,km_Y_from_U,10,0.39000000000000007,0.35000000000000003,3.9,0,0.0,0.98973953375588,0,0,,2.2,2.0,2.0,3.0,3.0,0,,,0,0,0,0,,,,
unequal3,1000,0.8,soft_Ucal_Xinit_tau1,10,0.04,0.0,0.4,7,70.0,0.9990673959585168,10,10,100.0,6.4,6.0,6.0,7.0,7.0,0,0.0,0.0,10,0,0,0,0.0003059534228668781,3.804231108037778e-08,0.0009490728598141947,198.0
unequal3,1000,0.8,soft_Ucal_Xinit_tau2,10,0.04,0.0,0.4,7,70.0,0.9991523112159758,10,10,100.0,19.6,16.9,19.5,22.1,23.0,0,0.0,0.0,10,0,0,0,0.0010072325931105297,1.2520819425810405e-07,0.0009662904394656682,198.0
unequal3,1000,0.8,soft_X_tau1,10,0.04,0.0,0.4,7,70.0,0.9990673959585168,10,10,100.0,6.3,6.0,6.0,7.0,7.0,0,0.0,0.0,10,0,0,0,0.000272257919277763,3.397386742695997e-08,0.0009936619434171361,198.0
unequal3,1000,0.8,soft_X_tau2,10,0.04,0.0,0.4,7,70.0,0.9991523112159758,10,10,100.0,18.5,15.9,18.5,21.0,21.0,0,0.0,0.0,10,0,0,0,0.001105144248867873,1.3711692769795994e-07,0.0009985808893111644,198.0
unequal3,1000,0.8,soft_tau1,10,0.04,0.0,0.4,7,70.0,0.9990673959585168,10,10,100.0,6.5,6.0,6.5,7.0,7.0,0,0.0,0.0,10,0,0,0,0.0002733710580287152,3.433494995540688e-08,0.0009944043634290882,198.0
unequal3,1000,0.8,soft_tau1_best4,10,0.04,0.0,0.4,7,70.0,0.9990673959585168,10,10,100.0,7.6,6.9,7.5,9.0,9.0,0,0.0,0.0,10,0,0,0,0.00014321133767225547,1.760050368468408e-08,0.000998052644451291,198.0
unequal3,1000,0.8,soft_tau2,10,0.04,0.0,0.4,7,70.0,0.9991523112159758,10,10,100.0,19.8,16.9,20.0,22.2,24.0,0,0.0,0.0,10,0,0,0,0.0010015543575718766,1.2342715836886803e-07,0.0009738770938273009,198.0
unequal3,1000,1.4,gmm_Y,10,0.0,0.0,0.0,10,100.0,1.0,10,10,100.0,2.7,2.0,3.0,3.0999999999999996,4.0,0,,,0,0,0,0,,,,
unequal3,1000,1.4,gmm_YX_from_X,10,0.0,0.0,0.0,10,100.0,1.0,10,10,100.0,2.3,2.0,2.0,3.0,3.0,0,,,0,0,0,0,,,,
unequal3,1000,1.4,gmm_direct_X,10,0.0,0.0,0.0,10,100.0,1.0,10,10,100.0,1.0,1.0,1.0,1.0,1.0,0,0.0,0.0,10,0,0,0,3.637978807091713e-12,4.881089089505821e-15,5.008868123979049e-05,
unequal3,1000,1.4,hard_tau1,10,0.0,0.0,0.0,10,100.0,1.0,10,10,100.0,3.5,3.0,3.5,4.0,4.0,0,0.0,0.0,10,0,0,0,0.00037538845572271384,4.5434673219039075e-08,0.0009431253058646507,198.0
unequal3,1000,1.4,km_U,10,0.060000000000000005,0.05,0.6,5,50.0,0.9982185366472945,0,0,,2.9,2.0,3.0,3.0999999999999996,4.0,0,,,0,0,0,0,,,,
unequal3,1000,1.4,km_X,10,0.0,0.0,0.0,10,100.0,1.0,0,0,,2.3,2.0,2.0,3.0,3.0,0,,,0,0,0,0,,,,
unequal3,1000,1.4,km_Y,10,0.04,0.0,0.4,7,70.0,0.998895514800483,0,0,,2.2,2.0,2.0,3.0,3.0,0,,,0,0,0,0,,,,
unequal3,1000,1.4,km_YX_from_X,10,0.04,0.0,0.4,7,70.0,0.998895514800483,0,0,,1.3,1.0,1.0,2.0,2.0,0,,,0,0,0,0,,,,
unequal3,1000,1.4,km_Y_from_U,10,0.04,0.0,0.4,7,70.0,0.998895514800483,0,0,,1.6,1.0,2.0,2.0,2.0,0,,,0,0,0,0,,,,
unequal3,1000,1.4,soft_Ucal_Xinit_tau1,10,0.0,0.0,0.0,10,100.0,1.0,10,10,100.0,3.7,3.0,4.0,4.0,4.0,0,0.0,0.0,10,0,0,0,0.00031514745569438674,3.8284095281716006e-08,0.0009431253011540229,200.0
unequal3,1000,1.4,soft_Ucal_Xinit_tau2,10,0.0,0.0,0.0,10,100.0,1.0,10,10,100.0,11.8,11.0,12.0,13.0,13.0,0,0.0,0.0,10,0,0,0,0.0009832137511693873,1.1761858001401194e-07,0.000946733174968408,200.0
unequal3,1000,1.4,soft_X_tau1,10,0.0,0.0,0.0,10,100.0,1.0,10,10,100.0,3.7,3.0,4.0,4.0,4.0,0,0.0,0.0,10,0,0,0,0.0002845954822987551,3.4564626671172144e-08,0.0009431253011540229,200.0
unequal3,1000,1.4,soft_X_tau2,10,0.0,0.0,0.0,10,100.0,1.0,10,10,100.0,11.8,11.0,12.0,13.0,13.0,0,0.0,0.0,10,0,0,0,0.0009204112411680399,1.1008866376587637e-07,0.000946733174968408,200.0
unequal3,1000,1.4,soft_tau1,10,0.0,0.0,0.0,10,100.0,1.0,10,10,100.0,3.7,3.0,4.0,4.0,4.0,0,0.0,0.0,10,0,0,0,0.00023717849217064213,2.881243026972348e-08,0.0009431253011540229,200.0
unequal3,1000,1.4,soft_tau1_best4,10,0.0,0.0,0.0,10,100.0,1.0,10,10,100.0,4.4,4.0,4.0,5.1,6.0,0,0.0,0.0,10,0,0,0,7.495893623854499e-05,9.171351814283538e-09,0.0008490703242751222,200.0
unequal3,1000,1.4,soft_tau2,10,0.0,0.0,0.0,10,100.0,1.0,10,10,100.0,11.8,11.0,12.0,13.0,13.0,0,0.0,0.0,10,0,0,0,0.0009991837723646313,1.1952901986048153e-07,0.000946733174968408,200.0
unequal3,2000,0.8,gmm_Y,10,0.030000000000000002,0.0,0.6,7,70.0,0.9993218434294446,10,10,100.0,4.4,3.0,4.0,7.0,7.0,0,,,0,0,0,0,,,,
unequal3,2000,0.8,gmm_YX_from_X,10,0.030000000000000002,0.0,0.6,7,70.0,0.9993218434294446,10,10,100.0,4.3,3.0,4.0,6.1,7.0,0,,,0,0,0,0,,,,
unequal3,2000,0.8,gmm_direct_X,10,0.030000000000000002,0.0,0.6,7,70.0,0.9993218434294446,10,10,100.0,2.3,2.0,2.0,3.0,3.0,0,0.0,0.0,10,0,0,0,1.0758585176517954e-05,3.375845415488931e-09,0.0009915898960493053,
unequal3,2000,0.8,hard_tau1,10,0.02,0.0,0.4,6,60.0,0.9995331678397855,10,10,100.0,6.0,5.9,6.0,6.1,7.0,0,0.0,0.0,10,0,0,0,0.0005994986768200761,3.723378413377274e-08,0.0009369527548570441,392.0
unequal3,2000,0.8,km_U,10,0.27,0.22500000000000003,5.4,0,0.0,0.992095257759748,0,0,,3.4,3.0,3.0,4.0,4.0,0,,,0,0,0,0,,,,
unequal3,2000,0.8,km_X,10,0.05,0.05,1.0,3,30.0,0.9987264783084635,0,0,,3.5,2.9,3.5,4.1,5.0,0,,,0,0,0,0,,,,
unequal3,2000,0.8,km_Y,10,0.14500000000000002,0.125,2.9,0,0.0,0.9962864519694177,0,0,,4.0,3.0,4.0,5.1,6.0,0,,,0,0,0,0,,,,
unequal3,2000,0.8,km_YX_from_X,10,0.13999999999999999,0.125,2.8,0,0.0,0.9963924054565855,0,0,,2.1,2.0,2.0,2.0999999999999996,3.0,0,,,0,0,0,0,,,,
unequal3,2000,0.8,km_Y_from_U,10,0.14500000000000002,0.125,2.9,0,0.0,0.9962864519694177,0,0,,2.2,2.0,2.0,3.0,3.0,0,,,0,0,0,0,,,,
unequal3,2000,0.8,soft_Ucal_Xinit_tau1,10,0.015000000000000001,0.0,0.3,7,70.0,0.999681717054183,10,10,100.0,6.1,6.0,6.0,6.1,7.0,0,0.0,0.0,10,0,0,0,0.0005931087380304234,3.683815241496249e-08,0.0008946396838788414,399.0
unequal3,2000,0.8,soft_Ucal_Xinit_tau2,10,0.01,0.0,0.2,8,80.0,0.9997878041400104,10,10,100.0,18.3,16.9,18.5,19.2,21.0,0,0.0,0.0,10,0,0,0,0.0018955938321596477,1.1712105807331934e-07,0.0009927329410983738,400.0
unequal3,2000,0.8,soft_X_tau1,10,0.02,0.0,0.4,6,60.0,0.9995331678397855,10,10,100.0,6.1,6.0,6.0,6.1,7.0,0,0.0,0.0,10,0,0,0,0.0005650821804010775,3.506197676481007e-08,0.0008491158248737198,399.0
unequal3,2000,0.8,soft_X_tau2,10,0.01,0.0,0.2,8,80.0,0.9997878041400104,10,10,100.0,17.9,15.9,18.0,19.2,21.0,0,0.0,0.0,10,0,0,0,0.0018286855538462987,1.1297314201327784e-07,0.0009957621401125792,399.0
unequal3,2000,0.8,soft_tau1,10,0.015000000000000001,0.0,0.3,7,70.0,0.999681717054183,10,10,100.0,6.1,6.0,6.0,6.1,7.0,0,0.0,0.0,10,0,0,0,0.0005857828000443988,3.638313634477487e-08,0.0008949327848421937,399.0
unequal3,2000,0.8,soft_tau1_best4,10,0.015000000000000001,0.0,0.3,7,70.0,0.999681717054183,10,10,100.0,6.9,6.0,7.0,8.1,9.0,0,0.0,0.0,10,0,0,0,0.00038362569466698915,2.455384038710325e-08,0.0007613728272137808,363.0
unequal3,2000,0.8,soft_tau2,10,0.01,0.0,0.2,8,80.0,0.9997878041400104,10,10,100.0,18.5,16.9,19.0,20.1,21.0,0,0.0,0.0,10,0,0,0,0.0019275928898423444,1.1904001661004864e-07,0.000986311572447248,400.0
unequal3,2000,1.4,gmm_Y,10,0.0,0.0,0.0,10,100.0,1.0,10,10,100.0,2.0,2.0,2.0,2.0,2.0,0,,,0,0,0,0,,,,
unequal3,2000,1.4,gmm_YX_from_X,10,0.0,0.0,0.0,10,100.0,1.0,10,10,100.0,2.0,2.0,2.0,2.0,2.0,0,,,0,0,0,0,,,,
unequal3,2000,1.4,gmm_direct_X,10,0.0,0.0,0.0,10,100.0,1.0,10,10,100.0,1.0,1.0,1.0,1.0,1.0,0,0.0,0.0,10,0,0,0,6.821210263296962e-13,6.036901463608948e-16,1.3548062538504269e-07,
unequal3,2000,1.4,hard_tau1,10,0.0,0.0,0.0,10,100.0,1.0,10,10,100.0,3.2,3.0,3.0,4.0,4.0,0,0.0,0.0,10,0,0,0,0.00046065466085565276,2.772391395403308e-08,0.000832358082329225,400.0
unequal3,2000,1.4,km_U,10,0.0,0.0,0.0,10,100.0,1.0,0,0,,2.3,2.0,2.0,3.0,3.0,0,,,0,0,0,0,,,,
unequal3,2000,1.4,km_X,10,0.0,0.0,0.0,10,100.0,1.0,0,0,,2.1,2.0,2.0,2.0999999999999996,3.0,0,,,0,0,0,0,,,,
unequal3,2000,1.4,km_Y,10,0.0,0.0,0.0,10,100.0,1.0,0,0,,2.4,2.0,2.0,3.0,3.0,0,,,0,0,0,0,,,,
unequal3,2000,1.4,km_YX_from_X,10,0.0,0.0,0.0,10,100.0,1.0,0,0,,1.0,1.0,1.0,1.0,1.0,0,,,0,0,0,0,,,,
unequal3,2000,1.4,km_Y_from_U,10,0.0,0.0,0.0,10,100.0,1.0,0,0,,1.0,1.0,1.0,1.0,1.0,0,,,0,0,0,0,,,,
unequal3,2000,1.4,soft_Ucal_Xinit_tau1,10,0.0,0.0,0.0,10,100.0,1.0,10,10,100.0,3.2,3.0,3.0,4.0,4.0,0,0.0,0.0,10,0,0,0,0.0004606545226124581,2.7723905673350903e-08,0.0008323580823557888,400.0
unequal3,2000,1.4,soft_Ucal_Xinit_tau2,10,0.0,0.0,0.0,10,100.0,1.0,10,10,100.0,10.6,10.0,11.0,11.0,11.0,0,0.0,0.0,10,0,0,0,0.00254916323319776,1.5054741701018007e-07,0.0009973854035103956,400.0
unequal3,2000,1.4,soft_X_tau1,10,0.0,0.0,0.0,10,100.0,1.0,10,10,100.0,3.2,3.0,3.0,4.0,4.0,0,0.0,0.0,10,0,0,0,0.0004606545226124581,2.7723905673350903e-08,0.0008323580823557888,400.0
unequal3,2000,1.4,soft_X_tau2,10,0.0,0.0,0.0,10,100.0,1.0,10,10,100.0,10.6,10.0,11.0,11.0,11.0,0,0.0,0.0,10,0,0,0,0.00254916323319776,1.5054741701018007e-07,0.0009973854035103956,400.0
unequal3,2000,1.4,soft_tau1,10,0.0,0.0,0.0,10,100.0,1.0,10,10,100.0,3.2,3.0,3.0,4.0,4.0,0,0.0,0.0,10,0,0,0,0.0004606545226124581,2.7723905673350903e-08,0.0008323580823557888,400.0
unequal3,2000,1.4,soft_tau1_best4,10,0.0,0.0,0.0,10,100.0,1.0,10,10,100.0,3.6,3.0,4.0,4.0,4.0,0,0.0,0.0,10,0,0,0,0.0002716286871873308,1.6507339489529698e-08,0.0008323580823557888,400.0
unequal3,2000,1.4,soft_tau2,10,0.0,0.0,0.0,10,100.0,1.0,10,10,100.0,10.6,10.0,11.0,11.0,11.0,0,0.0,0.0,10,0,0,0,0.00254916323319776,1.5054741701018007e-07,0.0009973854035103956,400.0
