model,n,k,seed,selected,growing_objective,selected_objective,final_objective,certified_errors,restart_count
symmetric2,400,2,1001,likelihood_residual_pp_4,-27767.88593090156,-27767.885926783827,-27767.885926153405,1,6
symmetric2,400,2,1002,growing_global_gain_EM,-27962.081561896586,-27962.081561896586,-27962.081561895953,0,6
symmetric2,800,2,1001,growing_global_gain_EM,-71807.72467016242,-71807.72467016242,-71807.72467015493,2,7
symmetric2,800,2,1002,growing_global_gain_EM,-71000.12747884565,-71000.12747884565,-71000.12747880406,0,7
equal3,400,3,1001,likelihood_residual_pp_2,-25342.293474084887,-25342.29346147927,-25342.29345812868,1,6
equal3,400,3,1002,likelihood_residual_pp_5,-25079.8163859337,-25079.81638585045,-25079.816385826078,1,6
equal3,800,3,1001,likelihood_residual_pp_0,-64902.232806185544,-64902.232799186764,-64902.23279691032,2,7
equal3,800,3,1002,growing_global_gain_EM,-63964.81257066944,-63964.81257066944,-63964.81257048833,2,7
unequal3,400,3,1001,likelihood_residual_pp_0,-29058.12950435692,-29058.126706276802,-29058.12367524129,174,6
unequal3,400,3,1002,likelihood_residual_pp_0,-29212.516902204963,-29212.51610637267,-29212.513600239647,137,6
unequal3,800,3,1001,likelihood_residual_pp_5,-75406.22323548088,-75406.21976750503,-75406.21059515196,313,7
unequal3,800,3,1002,likelihood_residual_pp_1,-74410.15734907356,-74410.13508932048,-74410.13232600877,349,7
heterogeneous3,400,3,1001,likelihood_residual_pp_3,-25597.481242582624,-25597.480213902432,-25597.47853786019,161,6
heterogeneous3,400,3,1002,likelihood_residual_pp_2,-25236.07113863831,-25235.170625039864,-25235.156433338634,158,6
heterogeneous3,800,3,1001,likelihood_residual_pp_3,-66248.04500538758,-66234.95016716191,-66234.92269877397,359,7
heterogeneous3,800,3,1002,growing_global_gain_EM,-65778.07038156413,-65778.07038156413,-65778.05561151041,331,7
hierarchical4,400,4,1001,growing_global_gain_EM,-28846.143285294424,-28846.143285294424,-28846.141705555598,218,6
hierarchical4,400,4,1002,likelihood_residual_pp_2,-29165.97978390292,-29165.966547203327,-29165.96479179355,189,6
hierarchical4,800,4,1001,likelihood_residual_pp_5,-74979.16939242242,-74979.14733087912,-74979.14092540722,367,7
hierarchical4,800,4,1002,likelihood_residual_pp_2,-74405.86445731088,-74405.8516943244,-74405.84042984038,355,7
disassortative3,400,3,1001,likelihood_residual_pp_5,-37697.81380731556,-37697.813358695996,-37697.81332341391,5,6
disassortative3,400,3,1002,growing_global_gain_EM,-37515.37127284975,-37515.37127284975,-37515.37119638634,14,6
disassortative3,800,3,1001,likelihood_residual_pp_2,-97557.46450966211,-97557.4645012462,-97557.46450024113,9,7
disassortative3,800,3,1002,likelihood_residual_pp_5,-96824.46152910378,-96824.46122229831,-96824.46115752307,9,7
