split,method,graphs,mean_error_percent,exact,max_error_percent,errors
design_results,Euclidean_X_pp_single_EM,120,3.9033333333333338,78,49.35,8544
design_results,X_kmeans,120,0.3454166666666668,73,3.8,583
design_results,global_gain_no_update,120,0.0966666666666667,86,0.8,163
design_results,growing_global_gain_EM,120,0.0966666666666667,86,0.8,163
design_results,growing_sampled_gain_EM,120,0.39,86,35.5,515
design_results,raw_peel,120,0.39166666666666666,86,35.449999999999996,871
design_results,raw_peel_repaired,120,0.0966666666666667,86,0.8,163
design_results,residual_greedy_pp_best10,120,0.0966666666666667,86,0.8,163
design_results,residual_greedy_pp_single,120,1.1191666666666658,85,47.8,1681
design_results,residual_pp_single,120,4.0129166666666665,80,49.4,7110
validation_results,Euclidean_X_pp_single_EM,120,6.420416666666666,71,49.95,12091
validation_results,X_kmeans,120,0.2933333333333334,66,3.6999999999999997,497
validation_results,global_gain_no_update,120,0.09250000000000004,77,1.0999999999999999,160
validation_results,growing_global_gain_EM,120,0.09250000000000004,77,1.0999999999999999,160
validation_results,growing_sampled_gain_EM,120,0.09250000000000004,77,1.0999999999999999,160
validation_results,raw_peel,120,0.3725,77,33.75,832
validation_results,raw_peel_repaired,120,0.09250000000000004,77,1.0999999999999999,160
validation_results,residual_greedy_pp_best10,120,0.09250000000000004,77,1.0999999999999999,160
validation_results,residual_greedy_pp_single,120,2.343749999999999,74,48.4,4219
validation_results,residual_pp_single,120,3.167500000000001,72,49.3,4931
combined,Euclidean_X_pp_single_EM,240,5.161875,149,49.95,20635
combined,X_kmeans,240,0.3193749999999998,139,3.8,1080
combined,global_gain_no_update,240,0.0945833333333334,163,1.0999999999999999,323
combined,growing_global_gain_EM,240,0.0945833333333334,163,1.0999999999999999,323
combined,growing_sampled_gain_EM,240,0.2412499999999996,163,35.5,675
combined,raw_peel,240,0.382083333333333,163,35.449999999999996,1703
combined,raw_peel_repaired,240,0.0945833333333334,163,1.0999999999999999,323
combined,residual_greedy_pp_best10,240,0.0945833333333334,163,1.0999999999999999,323
combined,residual_greedy_pp_single,240,1.7314583333333327,159,48.4,5900
combined,residual_pp_single,240,3.5902083333333334,152,49.4,12041
