model,method,graphs,mean_error_percent,exact,max_error_percent,errors
disassortative3,global_gain_no_update,40,0.31125000000000014,19,1.0999999999999999,178
disassortative3,X_kmeans,40,0.31750000000000006,19,1.0999999999999999,181
disassortative3,raw_peel,40,0.31125000000000014,19,1.0999999999999999,178
equal3,global_gain_no_update,40,0.0175,32,0.15,10
equal3,X_kmeans,40,0.018750000000000003,31,0.15,11
equal3,raw_peel,40,1.7425000000000002,32,35.449999999999996,1390
heterogeneous3,global_gain_no_update,40,0.1625,18,0.6,97
heterogeneous3,X_kmeans,40,1.4175,1,3.8,811
heterogeneous3,raw_peel,40,0.1625,18,0.6,97
hierarchical4,global_gain_no_update,40,0.027500000000000007,28,0.3,15
hierarchical4,X_kmeans,40,0.028750000000000008,29,0.3,15
hierarchical4,raw_peel,40,0.027500000000000007,28,0.3,15
symmetric2,global_gain_no_update,40,0.015000000000000005,33,0.2,8
symmetric2,X_kmeans,40,0.012500000000000002,34,0.2,7
symmetric2,raw_peel,40,0.015000000000000005,33,0.2,8
unequal3,global_gain_no_update,40,0.03375,33,0.6,15
unequal3,X_kmeans,40,0.12125000000000001,25,3.1,55
unequal3,raw_peel,40,0.03375,33,0.6,15
disassortative3,growing_global_gain_EM,40,0.31124999999999997,19,1.0999999999999999,178
equal3,growing_global_gain_EM,40,0.0175,32,0.15,10
heterogeneous3,growing_global_gain_EM,40,0.1625,18,0.6,97
hierarchical4,growing_global_gain_EM,40,0.027499999999999997,28,0.3,15
symmetric2,growing_global_gain_EM,40,0.015000000000000001,33,0.2,8
unequal3,growing_global_gain_EM,40,0.03375,33,0.6,15
