model,method,graphs,mean_error,exact
disassortative3,bernoulli_expected_raw_peel_soft,20,0.002925,10
disassortative3,poisson_expected_raw_peel_hard,20,0.002925,10
disassortative3,poisson_expected_raw_peel_soft,20,0.002925,10
equal3,bernoulli_expected_raw_peel_soft,20,0.000125,17
equal3,poisson_expected_raw_peel_hard,20,0.0001,18
equal3,poisson_expected_raw_peel_soft,20,0.000125,17
heterogeneous3,bernoulli_expected_raw_peel_soft,20,0.0018499999999999999,8
heterogeneous3,poisson_expected_raw_peel_hard,20,0.0017749999999999999,9
heterogeneous3,poisson_expected_raw_peel_soft,20,0.0018249999999999998,9
hierarchical4,bernoulli_expected_raw_peel_soft,20,0.00030000000000000003,15
hierarchical4,poisson_expected_raw_peel_hard,20,0.00030000000000000003,15
hierarchical4,poisson_expected_raw_peel_soft,20,0.00030000000000000003,15
symmetric2,bernoulli_expected_raw_peel_soft,20,0.000125,18
symmetric2,poisson_expected_raw_peel_hard,20,0.000125,18
symmetric2,poisson_expected_raw_peel_soft,20,0.000175,17
unequal3,bernoulli_expected_raw_peel_soft,20,0.290125,1
unequal3,poisson_expected_raw_peel_hard,20,0.302075,6
unequal3,poisson_expected_raw_peel_soft,20,0.259575,3
