graph,model,n,k,method,n_iter,converged,profile_deviance,repairs,errors,error_rate,exact,peeled_error_rate,initial_E_error_rate,seed_coverage,baseline_errors,baseline_error_rate,objective,worst_objective_delta
disassortative3_n1000_ch0.8_s20000,disassortative3,1000,3,poisson_expected_raw_peel_hard,2,True,1906.9585910662715,0.0,3,0.003,0,0.593,0.091,3,3,0.003,,
disassortative3_n1000_ch0.8_s20000,disassortative3,1000,3,poisson_expected_raw_peel_soft,4,True,,,3,0.003,0,0.593,0.091,3,3,0.003,-97721.78004843763,0.0
disassortative3_n1000_ch0.8_s20000,disassortative3,1000,3,bernoulli_expected_raw_peel_soft,4,True,,,3,0.003,0,0.59,0.092,3,3,0.003,-97395.38920743427,0.0
disassortative3_n1000_ch0.8_s20001,disassortative3,1000,3,poisson_expected_raw_peel_hard,5,True,2047.0133528191684,0.0,6,0.006,0,0.592,0.445,2,7,0.007,,
disassortative3_n1000_ch0.8_s20001,disassortative3,1000,3,poisson_expected_raw_peel_soft,7,True,,,6,0.006,0,0.592,0.445,2,7,0.007,-96272.6960710248,0.0
disassortative3_n1000_ch0.8_s20001,disassortative3,1000,3,bernoulli_expected_raw_peel_soft,7,True,,,6,0.006,0,0.59,0.446,2,7,0.007,-95954.56004632416,0.0
disassortative3_n1000_ch0.8_s20002,disassortative3,1000,3,poisson_expected_raw_peel_hard,3,True,1951.287345624164,0.0,8,0.008,0,0.635,0.339,3,8,0.008,,
disassortative3_n1000_ch0.8_s20002,disassortative3,1000,3,poisson_expected_raw_peel_soft,6,True,,,8,0.008,0,0.635,0.339,3,8,0.008,-95988.74535137726,0.0
disassortative3_n1000_ch0.8_s20002,disassortative3,1000,3,bernoulli_expected_raw_peel_soft,6,True,,,8,0.008,0,0.634,0.339,3,8,0.008,-95673.56791627468,0.0
disassortative3_n1000_ch0.8_s20003,disassortative3,1000,3,poisson_expected_raw_peel_hard,4,True,1936.2128085008808,0.0,7,0.007,0,0.616,0.334,2,7,0.007,,
disassortative3_n1000_ch0.8_s20003,disassortative3,1000,3,poisson_expected_raw_peel_soft,6,True,,,7,0.007,0,0.616,0.334,2,7,0.007,-96242.51317212913,0.0
disassortative3_n1000_ch0.8_s20003,disassortative3,1000,3,bernoulli_expected_raw_peel_soft,6,True,,,7,0.007,0,0.615,0.331,2,7,0.007,-95926.63159733078,0.0
disassortative3_n1000_ch0.8_s20004,disassortative3,1000,3,poisson_expected_raw_peel_hard,2,True,1911.2137175347957,0.0,6,0.006,0,0.579,0.038,3,6,0.006,,
disassortative3_n1000_ch0.8_s20004,disassortative3,1000,3,poisson_expected_raw_peel_soft,4,True,,,6,0.006,0,0.579,0.038,3,6,0.006,-95693.0591552045,0.0
disassortative3_n1000_ch0.8_s20004,disassortative3,1000,3,bernoulli_expected_raw_peel_soft,4,True,,,6,0.006,0,0.575,0.04,3,6,0.006,-95378.1449814914,0.0
disassortative3_n1000_ch1.4_s20000,disassortative3,1000,3,poisson_expected_raw_peel_hard,2,True,1839.744550024598,0.0,0,0.0,1,0.508,0.2,2,0,0.0,,
disassortative3_n1000_ch1.4_s20000,disassortative3,1000,3,poisson_expected_raw_peel_soft,4,True,,,0,0.0,1,0.508,0.2,2,0,0.0,-147382.90968004285,0.0
disassortative3_n1000_ch1.4_s20000,disassortative3,1000,3,bernoulli_expected_raw_peel_soft,4,True,,,0,0.0,1,0.503,0.2,2,0,0.0,-146410.417935748,0.0
disassortative3_n1000_ch1.4_s20001,disassortative3,1000,3,poisson_expected_raw_peel_hard,2,True,1905.4897097129356,0.0,0,0.0,1,0.489,0.143,2,0,0.0,,
disassortative3_n1000_ch1.4_s20001,disassortative3,1000,3,poisson_expected_raw_peel_soft,4,True,,,0,0.0,1,0.489,0.143,2,0,0.0,-145863.67661950027,0.0
disassortative3_n1000_ch1.4_s20001,disassortative3,1000,3,bernoulli_expected_raw_peel_soft,4,True,,,0,0.0,1,0.48,0.145,2,0,0.0,-144905.5817834087,0.0
disassortative3_n1000_ch1.4_s20002,disassortative3,1000,3,poisson_expected_raw_peel_hard,2,True,1734.5546816475137,0.0,0,0.0,1,0.503,0.173,2,0,0.0,,
disassortative3_n1000_ch1.4_s20002,disassortative3,1000,3,poisson_expected_raw_peel_soft,4,True,,,0,0.0,1,0.503,0.173,2,0,0.0,-145429.20253497263,0.0
disassortative3_n1000_ch1.4_s20002,disassortative3,1000,3,bernoulli_expected_raw_peel_soft,4,True,,,0,0.0,1,0.495,0.173,2,0,0.0,-144484.15516220976,0.0
disassortative3_n1000_ch1.4_s20003,disassortative3,1000,3,poisson_expected_raw_peel_hard,0,True,1739.474277652172,0.0,0,0.0,1,0.468,0.0,3,0,0.0,,
disassortative3_n1000_ch1.4_s20003,disassortative3,1000,3,poisson_expected_raw_peel_soft,3,True,,,0,0.0,1,0.468,0.0,3,0,0.0,-145597.2327378967,0.0
disassortative3_n1000_ch1.4_s20003,disassortative3,1000,3,bernoulli_expected_raw_peel_soft,3,True,,,0,0.0,1,0.465,0.0,3,0,0.0,-144654.95126233622,0.0
disassortative3_n1000_ch1.4_s20004,disassortative3,1000,3,poisson_expected_raw_peel_hard,1,True,1759.6200217395055,0.0,0,0.0,1,0.485,0.002,3,0,0.0,,
disassortative3_n1000_ch1.4_s20004,disassortative3,1000,3,poisson_expected_raw_peel_soft,3,True,,,0,0.0,1,0.485,0.002,3,0,0.0,-145504.92247765293,0.0
disassortative3_n1000_ch1.4_s20004,disassortative3,1000,3,bernoulli_expected_raw_peel_soft,5,True,,,0,0.0,1,0.462,0.291,2,0,0.0,-144555.91482013572,0.0
disassortative3_n2000_ch0.8_s20001,disassortative3,2000,3,poisson_expected_raw_peel_hard,3,True,3976.394290562928,0.0,15,0.0075,0,0.643,0.2925,2,15,0.0075,,
disassortative3_n2000_ch0.8_s20001,disassortative3,2000,3,poisson_expected_raw_peel_soft,5,True,,,15,0.0075,0,0.643,0.2925,2,15,0.0075,-235550.18298797787,0.0
disassortative3_n2000_ch0.8_s20001,disassortative3,2000,3,bernoulli_expected_raw_peel_soft,5,True,,,15,0.0075,0,0.643,0.2925,2,15,0.0075,-235182.6746922544,0.0
disassortative3_n2000_ch0.8_s20000,disassortative3,2000,3,poisson_expected_raw_peel_hard,3,True,4031.830607067505,0.0,12,0.006,0,0.643,0.323,2,12,0.006,,
disassortative3_n2000_ch0.8_s20000,disassortative3,2000,3,poisson_expected_raw_peel_soft,5,True,,,12,0.006,0,0.643,0.323,2,12,0.006,-241719.64154877403,0.0
disassortative3_n2000_ch0.8_s20000,disassortative3,2000,3,bernoulli_expected_raw_peel_soft,5,True,,,12,0.006,0,0.6425,0.323,2,12,0.006,-241326.91971353636,0.0
disassortative3_n2000_ch0.8_s20003,disassortative3,2000,3,poisson_expected_raw_peel_hard,2,True,3945.836966694944,0.0,11,0.0055,0,0.61,0.107,3,11,0.0055,,
disassortative3_n2000_ch0.8_s20003,disassortative3,2000,3,poisson_expected_raw_peel_soft,4,True,,,11,0.0055,0,0.61,0.107,3,11,0.0055,-239392.59841978253,0.0
disassortative3_n2000_ch0.8_s20003,disassortative3,2000,3,bernoulli_expected_raw_peel_soft,5,True,,,11,0.0055,0,0.616,0.292,2,11,0.0055,-239008.5914124976,0.0
disassortative3_n2000_ch0.8_s20002,disassortative3,2000,3,poisson_expected_raw_peel_hard,3,True,3947.578197130222,0.0,6,0.003,0,0.5975,0.29,2,6,0.003,,
disassortative3_n2000_ch0.8_s20002,disassortative3,2000,3,poisson_expected_raw_peel_soft,5,True,,,6,0.003,0,0.5975,0.29,2,6,0.003,-236361.97096853823,0.0
disassortative3_n2000_ch0.8_s20002,disassortative3,2000,3,bernoulli_expected_raw_peel_soft,5,True,,,6,0.003,0,0.5975,0.289,2,6,0.003,-235988.16504494383,0.0
disassortative3_n2000_ch1.4_s20000,disassortative3,2000,3,poisson_expected_raw_peel_hard,2,True,3636.826522451959,0.0,0,0.0,1,0.544,0.189,2,0,0.0,,
disassortative3_n2000_ch1.4_s20000,disassortative3,2000,3,poisson_expected_raw_peel_soft,4,True,,,0,0.0,1,0.544,0.189,2,0,0.0,-370862.5198597661,0.0
disassortative3_n2000_ch1.4_s20000,disassortative3,2000,3,bernoulli_expected_raw_peel_soft,3,True,,,0,0.0,1,0.5415,0.0055,3,0,0.0,-369703.34777641465,0.0
disassortative3_n2000_ch0.8_s20004,disassortative3,2000,3,poisson_expected_raw_peel_hard,3,True,3938.950031471401,0.0,13,0.0065,0,0.594,0.085,3,14,0.007,,
disassortative3_n2000_ch0.8_s20004,disassortative3,2000,3,poisson_expected_raw_peel_soft,4,True,,,13,0.0065,0,0.594,0.085,3,14,0.007,-239333.5309191349,0.0
disassortative3_n2000_ch0.8_s20004,disassortative3,2000,3,bernoulli_expected_raw_peel_soft,4,True,,,13,0.0065,0,0.593,0.085,3,14,0.007,-238948.67278502812,0.0
disassortative3_n2000_ch1.4_s20001,disassortative3,2000,3,poisson_expected_raw_peel_hard,1,True,3658.4477026854665,0.0,0,0.0,1,0.5055,0.0115,3,0,0.0,,
disassortative3_n2000_ch1.4_s20001,disassortative3,2000,3,poisson_expected_raw_peel_soft,3,True,,,0,0.0,1,0.5055,0.0115,3,0,0.0,-366797.2050528432,0.0
disassortative3_n2000_ch1.4_s20001,disassortative3,2000,3,bernoulli_expected_raw_peel_soft,3,True,,,0,0.0,1,0.5025,0.0115,3,0,0.0,-365664.260766044,0.0
disassortative3_n2000_ch1.4_s20002,disassortative3,2000,3,poisson_expected_raw_peel_hard,2,True,3779.411334866397,0.0,0,0.0,1,0.4955,0.302,2,0,0.0,,
disassortative3_n2000_ch1.4_s20002,disassortative3,2000,3,poisson_expected_raw_peel_soft,4,True,,,0,0.0,1,0.4955,0.302,2,0,0.0,-366534.2847313964,0.0
disassortative3_n2000_ch1.4_s20002,disassortative3,2000,3,bernoulli_expected_raw_peel_soft,4,True,,,0,0.0,1,0.4925,0.301,2,0,0.0,-365398.6686427464,0.0
equal3_n1000_ch0.8_s20000,equal3,1000,3,poisson_expected_raw_peel_hard,1,True,1757.560600618668,0.0,1,0.001,0,0.499,0.009,2,1,0.001,,
equal3_n1000_ch0.8_s20000,equal3,1000,3,poisson_expected_raw_peel_soft,3,True,,,1,0.001,0,0.499,0.009,2,1,0.001,-102694.05362999011,0.0
equal3_n1000_ch0.8_s20000,equal3,1000,3,bernoulli_expected_raw_peel_soft,3,True,,,1,0.001,0,0.497,0.009,2,1,0.001,-102100.55208266724,0.0
equal3_n1000_ch0.8_s20001,equal3,1000,3,poisson_expected_raw_peel_hard,3,True,1711.0292409655056,0.0,0,0.0,1,0.533,0.259,2,0,0.0,,
equal3_n1000_ch0.8_s20001,equal3,1000,3,poisson_expected_raw_peel_soft,5,True,,,0,0.0,1,0.533,0.259,2,0,0.0,-99411.97979369776,0.0
equal3_n1000_ch0.8_s20001,equal3,1000,3,bernoulli_expected_raw_peel_soft,5,True,,,0,0.0,1,0.528,0.257,2,0,0.0,-98864.1831438753,0.0
equal3_n1000_ch0.8_s20002,equal3,1000,3,poisson_expected_raw_peel_hard,3,True,1682.3139369613095,0.0,0,0.0,1,0.468,0.153,2,0,0.0,,
equal3_n1000_ch0.8_s20002,equal3,1000,3,poisson_expected_raw_peel_soft,4,True,,,0,0.0,1,0.468,0.153,2,0,0.0,-100442.15162330896,0.0
equal3_n1000_ch0.8_s20002,equal3,1000,3,bernoulli_expected_raw_peel_soft,4,True,,,0,0.0,1,0.462,0.151,2,0,0.0,-99863.31415614208,0.0
equal3_n1000_ch0.8_s20003,equal3,1000,3,poisson_expected_raw_peel_hard,2,True,1705.2663031573134,0.0,0,0.0,1,0.428,0.076,2,0,0.0,,
equal3_n1000_ch0.8_s20003,equal3,1000,3,poisson_expected_raw_peel_soft,4,True,,,0,0.0,1,0.428,0.076,2,0,0.0,-101861.15688428486,0.0
equal3_n1000_ch0.8_s20003,equal3,1000,3,bernoulli_expected_raw_peel_soft,4,True,,,0,0.0,1,0.418,0.075,2,0,0.0,-101272.5899173964,0.0
equal3_n1000_ch0.8_s20004,equal3,1000,3,poisson_expected_raw_peel_hard,2,True,1711.9539435747429,0.0,1,0.001,0,0.432,0.046,2,1,0.001,,
equal3_n1000_ch0.8_s20004,equal3,1000,3,poisson_expected_raw_peel_soft,4,True,,,1,0.001,0,0.432,0.046,2,1,0.001,-100998.46032340168,0.0
equal3_n1000_ch0.8_s20004,equal3,1000,3,bernoulli_expected_raw_peel_soft,4,True,,,1,0.001,0,0.43,0.046,2,1,0.001,-100421.57277964865,0.0
equal3_n1000_ch1.4_s20000,equal3,1000,3,poisson_expected_raw_peel_hard,0,True,1713.494476467849,0.0,0,0.0,1,0.269,0.0,3,0,0.0,,
equal3_n1000_ch1.4_s20000,equal3,1000,3,poisson_expected_raw_peel_soft,2,True,,,0,0.0,1,0.269,0.0,3,0,0.0,-153771.79175428324,0.0
equal3_n1000_ch1.4_s20000,equal3,1000,3,bernoulli_expected_raw_peel_soft,2,True,,,0,0.0,1,0.248,0.0,3,0,0.0,-152029.23945200493,0.0
equal3_n1000_ch1.4_s20001,equal3,1000,3,poisson_expected_raw_peel_hard,1,True,1680.2563107928854,0.0,0,0.0,1,0.272,0.001,3,0,0.0,,
equal3_n1000_ch1.4_s20001,equal3,1000,3,poisson_expected_raw_peel_soft,2,True,,,0,0.0,1,0.272,0.001,3,0,0.0,-151506.51969021797,0.0
equal3_n1000_ch1.4_s20001,equal3,1000,3,bernoulli_expected_raw_peel_soft,2,True,,,0,0.0,1,0.263,0.0,3,0,0.0,-149799.63976581983,0.0
equal3_n1000_ch1.4_s20002,equal3,1000,3,poisson_expected_raw_peel_hard,0,True,1669.8492014641308,0.0,0,0.0,1,0.224,0.0,3,0,0.0,,
equal3_n1000_ch1.4_s20002,equal3,1000,3,poisson_expected_raw_peel_soft,2,True,,,0,0.0,1,0.224,0.0,3,0,0.0,-153115.80817185162,0.0
equal3_n1000_ch1.4_s20002,equal3,1000,3,bernoulli_expected_raw_peel_soft,2,True,,,0,0.0,1,0.199,0.0,3,0,0.0,-151348.24227464932,0.0
disassortative3_n2000_ch1.4_s20004,disassortative3,2000,3,poisson_expected_raw_peel_hard,2,True,3721.769072695917,0.0,0,0.0,1,0.512,0.3365,2,0,0.0,,
disassortative3_n2000_ch1.4_s20004,disassortative3,2000,3,poisson_expected_raw_peel_soft,4,True,,,0,0.0,1,0.512,0.3365,2,0,0.0,-368771.7107164076,0.0
disassortative3_n2000_ch1.4_s20004,disassortative3,2000,3,bernoulli_expected_raw_peel_soft,4,True,,,0,0.0,1,0.5065,0.337,2,0,0.0,-367623.9724971879,0.0
disassortative3_n2000_ch1.4_s20003,disassortative3,2000,3,poisson_expected_raw_peel_hard,3,True,3668.8900023338338,0.0,0,0.0,1,0.5405,0.366,2,0,0.0,,
disassortative3_n2000_ch1.4_s20003,disassortative3,2000,3,poisson_expected_raw_peel_soft,5,True,,,0,0.0,1,0.5405,0.366,2,0,0.0,-369249.8319347089,0.0
disassortative3_n2000_ch1.4_s20003,disassortative3,2000,3,bernoulli_expected_raw_peel_soft,5,True,,,0,0.0,1,0.538,0.363,2,0,0.0,-368099.0859145757,0.0
equal3_n1000_ch1.4_s20003,equal3,1000,3,poisson_expected_raw_peel_hard,0,True,1666.5681614864625,0.0,0,0.0,1,0.252,0.0,3,0,0.0,,
equal3_n1000_ch1.4_s20003,equal3,1000,3,poisson_expected_raw_peel_soft,2,True,,,0,0.0,1,0.252,0.0,3,0,0.0,-154259.10668809916,0.0
equal3_n1000_ch1.4_s20003,equal3,1000,3,bernoulli_expected_raw_peel_soft,2,True,,,0,0.0,1,0.235,0.0,3,0,0.0,-152468.52552061283,0.0
equal3_n1000_ch1.4_s20004,equal3,1000,3,poisson_expected_raw_peel_hard,1,True,1688.6122524085831,0.0,0,0.0,1,0.285,0.001,3,0,0.0,,
equal3_n1000_ch1.4_s20004,equal3,1000,3,poisson_expected_raw_peel_soft,3,True,,,0,0.0,1,0.285,0.001,3,0,0.0,-153526.6822144356,0.0
equal3_n1000_ch1.4_s20004,equal3,1000,3,bernoulli_expected_raw_peel_soft,3,True,,,0,0.0,1,0.267,0.001,3,0,0.0,-151752.49545753706,0.0
equal3_n2000_ch0.8_s20000,equal3,2000,3,poisson_expected_raw_peel_hard,1,True,3377.9432736983804,0.0,0,0.0,1,0.5165,0.044,2,0,0.0,,
equal3_n2000_ch0.8_s20000,equal3,2000,3,poisson_expected_raw_peel_soft,3,True,,,0,0.0,1,0.5165,0.044,2,0,0.0,-257106.85703081905,0.0
equal3_n2000_ch0.8_s20000,equal3,2000,3,bernoulli_expected_raw_peel_soft,3,True,,,0,0.0,1,0.516,0.0435,2,0,0.0,-256398.3950235461,0.0
equal3_n2000_ch0.8_s20001,equal3,2000,3,poisson_expected_raw_peel_hard,2,True,3524.9276521750544,0.0,0,0.0,1,0.501,0.264,2,0,0.0,,
equal3_n2000_ch0.8_s20001,equal3,2000,3,poisson_expected_raw_peel_soft,4,True,,,0,0.0,1,0.501,0.264,2,0,0.0,-253411.44579273288,0.0
equal3_n2000_ch0.8_s20001,equal3,2000,3,bernoulli_expected_raw_peel_soft,4,True,,,0,0.0,1,0.482,0.266,2,0,0.0,-252718.563604278,0.0
equal3_n2000_ch0.8_s20002,equal3,2000,3,poisson_expected_raw_peel_hard,2,True,3480.1127190832653,0.0,0,0.0,1,0.4765,0.2905,2,0,0.0,,
equal3_n2000_ch0.8_s20002,equal3,2000,3,poisson_expected_raw_peel_soft,5,True,,,0,0.0,1,0.4765,0.2905,2,0,0.0,-253431.4276538565,0.0
equal3_n2000_ch0.8_s20002,equal3,2000,3,bernoulli_expected_raw_peel_soft,5,True,,,0,0.0,1,0.472,0.291,2,0,0.0,-252741.2788803291,0.0
equal3_n2000_ch0.8_s20003,equal3,2000,3,poisson_expected_raw_peel_hard,2,True,3506.203157564068,0.0,0,0.0,1,0.504,0.2385,2,0,0.0,,
equal3_n2000_ch0.8_s20003,equal3,2000,3,poisson_expected_raw_peel_soft,4,True,,,0,0.0,1,0.504,0.2385,2,0,0.0,-255696.08304602787,0.0
equal3_n2000_ch0.8_s20003,equal3,2000,3,bernoulli_expected_raw_peel_soft,4,True,,,0,0.0,1,0.5015,0.2355,2,0,0.0,-254986.2111702532,0.0
equal3_n2000_ch0.8_s20004,equal3,2000,3,poisson_expected_raw_peel_hard,2,True,3467.468979228572,0.0,0,0.0,1,0.5215,0.2845,2,1,0.0005,,
equal3_n2000_ch0.8_s20004,equal3,2000,3,poisson_expected_raw_peel_soft,5,True,,,1,0.0005,0,0.5215,0.2845,2,1,0.0005,-255120.0037374911,0.0
equal3_n2000_ch0.8_s20004,equal3,2000,3,bernoulli_expected_raw_peel_soft,5,True,,,1,0.0005,0,0.52,0.284,2,1,0.0005,-254424.82599153652,0.0
equal3_n2000_ch1.4_s20000,equal3,2000,3,poisson_expected_raw_peel_hard,0,True,3440.954584421119,0.0,0,0.0,1,0.3,0.0,3,0,0.0,,
equal3_n2000_ch1.4_s20000,equal3,2000,3,poisson_expected_raw_peel_soft,2,True,,,0,0.0,1,0.3,0.0,3,0,0.0,-394296.1637080415,0.0
equal3_n2000_ch1.4_s20000,equal3,2000,3,bernoulli_expected_raw_peel_soft,2,True,,,0,0.0,1,0.2915,0.0,3,0,0.0,-392176.7562350527,0.0
equal3_n2000_ch1.4_s20001,equal3,2000,3,poisson_expected_raw_peel_hard,0,True,3533.930332407172,0.0,0,0.0,1,0.321,0.0,3,0,0.0,,
equal3_n2000_ch1.4_s20001,equal3,2000,3,poisson_expected_raw_peel_soft,2,True,,,0,0.0,1,0.321,0.0,3,0,0.0,-390430.5335121672,0.0
equal3_n2000_ch1.4_s20001,equal3,2000,3,bernoulli_expected_raw_peel_soft,2,True,,,0,0.0,1,0.3135,0.0,3,0,0.0,-388311.0232387375,0.0
equal3_n2000_ch1.4_s20002,equal3,2000,3,poisson_expected_raw_peel_hard,0,True,3510.945127893504,0.0,0,0.0,1,0.362,0.0,3,0,0.0,,
equal3_n2000_ch1.4_s20002,equal3,2000,3,poisson_expected_raw_peel_soft,2,True,,,0,0.0,1,0.362,0.0,3,0,0.0,-390188.5718322068,0.0
equal3_n2000_ch1.4_s20002,equal3,2000,3,bernoulli_expected_raw_peel_soft,2,True,,,0,0.0,1,0.356,0.0,3,0,0.0,-388107.0635711791,0.0
heterogeneous3_n1000_ch0.8_s20000,heterogeneous3,1000,3,poisson_expected_raw_peel_hard,1,True,1713.6096206238494,0.0,5,0.005,0,0.017,0.004,3,28,0.028,,
heterogeneous3_n1000_ch0.8_s20000,heterogeneous3,1000,3,poisson_expected_raw_peel_soft,3,True,,,5,0.005,0,0.017,0.004,3,28,0.028,-59043.265876987,0.0
heterogeneous3_n1000_ch0.8_s20000,heterogeneous3,1000,3,bernoulli_expected_raw_peel_soft,3,True,,,5,0.005,0,0.017,0.004,3,28,0.028,-58642.56471947154,0.0
heterogeneous3_n1000_ch0.8_s20001,heterogeneous3,1000,3,poisson_expected_raw_peel_hard,2,True,1568.891759432678,0.0,5,0.005,0,0.011,0.002,3,17,0.017,,
heterogeneous3_n1000_ch0.8_s20001,heterogeneous3,1000,3,poisson_expected_raw_peel_soft,3,True,,,5,0.005,0,0.011,0.002,3,17,0.017,-57753.95419043696,0.0
heterogeneous3_n1000_ch0.8_s20001,heterogeneous3,1000,3,bernoulli_expected_raw_peel_soft,3,True,,,5,0.005,0,0.011,0.002,3,17,0.017,-57358.252190025385,0.0
heterogeneous3_n1000_ch0.8_s20002,heterogeneous3,1000,3,poisson_expected_raw_peel_hard,1,True,1631.253543085017,0.0,2,0.002,0,0.015,0.005,3,25,0.025,,
heterogeneous3_n1000_ch0.8_s20002,heterogeneous3,1000,3,poisson_expected_raw_peel_soft,3,True,,,2,0.002,0,0.015,0.005,3,25,0.025,-58270.73767487194,0.0
heterogeneous3_n1000_ch0.8_s20002,heterogeneous3,1000,3,bernoulli_expected_raw_peel_soft,3,True,,,2,0.002,0,0.015,0.005,3,25,0.025,-57863.51825182776,0.0
heterogeneous3_n1000_ch0.8_s20003,heterogeneous3,1000,3,poisson_expected_raw_peel_hard,1,True,1652.2869113923134,0.0,3,0.003,0,0.011,0.002,3,36,0.036,,
heterogeneous3_n1000_ch0.8_s20003,heterogeneous3,1000,3,poisson_expected_raw_peel_soft,3,True,,,3,0.003,0,0.011,0.002,3,36,0.036,-58468.36208293364,0.0
heterogeneous3_n1000_ch0.8_s20003,heterogeneous3,1000,3,bernoulli_expected_raw_peel_soft,3,True,,,3,0.003,0,0.011,0.002,3,36,0.036,-58055.97055828465,0.0
heterogeneous3_n1000_ch0.8_s20004,heterogeneous3,1000,3,poisson_expected_raw_peel_hard,1,True,1658.013137226554,0.0,4,0.004,0,0.011,0.003,3,38,0.038,,
heterogeneous3_n1000_ch0.8_s20004,heterogeneous3,1000,3,poisson_expected_raw_peel_soft,3,True,,,5,0.005,0,0.011,0.003,3,38,0.038,-58855.97526073878,0.0
heterogeneous3_n1000_ch0.8_s20004,heterogeneous3,1000,3,bernoulli_expected_raw_peel_soft,3,True,,,5,0.005,0,0.011,0.003,3,38,0.038,-58456.79304421153,0.0
heterogeneous3_n1000_ch1.4_s20000,heterogeneous3,1000,3,poisson_expected_raw_peel_hard,0,True,1805.694659031931,0.0,0,0.0,1,0.003,0.0,3,6,0.006,,
heterogeneous3_n1000_ch1.4_s20000,heterogeneous3,1000,3,poisson_expected_raw_peel_soft,2,True,,,0,0.0,1,0.003,0.0,3,6,0.006,-88442.50130238572,0.0
heterogeneous3_n1000_ch1.4_s20000,heterogeneous3,1000,3,bernoulli_expected_raw_peel_soft,2,True,,,0,0.0,1,0.003,0.0,3,6,0.006,-87231.0348448428,0.0
heterogeneous3_n1000_ch1.4_s20001,heterogeneous3,1000,3,poisson_expected_raw_peel_hard,0,True,1715.9298737188628,0.0,0,0.0,1,0.003,0.0,3,2,0.002,,
heterogeneous3_n1000_ch1.4_s20001,heterogeneous3,1000,3,poisson_expected_raw_peel_soft,2,True,,,0,0.0,1,0.003,0.0,3,2,0.002,-87142.75838129429,0.0
heterogeneous3_n1000_ch1.4_s20001,heterogeneous3,1000,3,bernoulli_expected_raw_peel_soft,2,True,,,0,0.0,1,0.003,0.0,3,2,0.002,-85956.48033866263,0.0
heterogeneous3_n1000_ch1.4_s20002,heterogeneous3,1000,3,poisson_expected_raw_peel_hard,0,True,1747.618910402549,0.0,0,0.0,1,0.003,0.0,3,6,0.006,,
heterogeneous3_n1000_ch1.4_s20002,heterogeneous3,1000,3,poisson_expected_raw_peel_soft,2,True,,,0,0.0,1,0.003,0.0,3,6,0.006,-88359.96734267812,0.0
heterogeneous3_n1000_ch1.4_s20002,heterogeneous3,1000,3,bernoulli_expected_raw_peel_soft,2,True,,,0,0.0,1,0.003,0.0,3,6,0.006,-87104.0535434057,0.0
equal3_n2000_ch1.4_s20003,equal3,2000,3,poisson_expected_raw_peel_hard,0,True,3590.953676506988,0.0,0,0.0,1,0.3455,0.0,3,0,0.0,,
equal3_n2000_ch1.4_s20003,equal3,2000,3,poisson_expected_raw_peel_soft,2,True,,,0,0.0,1,0.3455,0.0,3,0,0.0,-391805.9283299097,0.0
equal3_n2000_ch1.4_s20003,equal3,2000,3,bernoulli_expected_raw_peel_soft,2,True,,,0,0.0,1,0.318,0.0,3,0,0.0,-389688.58727194986,0.0
equal3_n2000_ch1.4_s20004,equal3,2000,3,poisson_expected_raw_peel_hard,0,True,3512.046857356174,0.0,0,0.0,1,0.3545,0.0,3,0,0.0,,
equal3_n2000_ch1.4_s20004,equal3,2000,3,poisson_expected_raw_peel_soft,2,True,,,0,0.0,1,0.3545,0.0,3,0,0.0,-393081.9722954314,0.0
equal3_n2000_ch1.4_s20004,equal3,2000,3,bernoulli_expected_raw_peel_soft,2,True,,,0,0.0,1,0.3465,0.0,3,0,0.0,-390966.4867568394,0.0
heterogeneous3_n1000_ch1.4_s20003,heterogeneous3,1000,3,poisson_expected_raw_peel_hard,0,True,1780.2703938414656,0.0,0,0.0,1,0.003,0.0,3,6,0.006,,
heterogeneous3_n1000_ch1.4_s20003,heterogeneous3,1000,3,poisson_expected_raw_peel_soft,2,True,,,0,0.0,1,0.003,0.0,3,6,0.006,-88685.33861375898,0.0
heterogeneous3_n1000_ch1.4_s20003,heterogeneous3,1000,3,bernoulli_expected_raw_peel_soft,2,True,,,0,0.0,1,0.003,0.0,3,6,0.006,-87433.78662942597,0.0
heterogeneous3_n1000_ch1.4_s20004,heterogeneous3,1000,3,poisson_expected_raw_peel_hard,0,True,1746.7274766391113,0.0,0,0.0,1,0.003,0.0,3,6,0.006,,
heterogeneous3_n1000_ch1.4_s20004,heterogeneous3,1000,3,poisson_expected_raw_peel_soft,2,True,,,0,0.0,1,0.003,0.0,3,6,0.006,-88229.81444017225,0.0
heterogeneous3_n1000_ch1.4_s20004,heterogeneous3,1000,3,bernoulli_expected_raw_peel_soft,2,True,,,0,0.0,1,0.003,0.0,3,6,0.006,-87018.42829809609,0.0
heterogeneous3_n2000_ch0.8_s20000,heterogeneous3,2000,3,poisson_expected_raw_peel_hard,0,True,3383.6035057326408,0.0,8,0.004,0,0.0215,0.004,3,55,0.0275,,
heterogeneous3_n2000_ch0.8_s20000,heterogeneous3,2000,3,poisson_expected_raw_peel_soft,2,True,,,8,0.004,0,0.0215,0.004,3,55,0.0275,-148365.20744776144,0.0
heterogeneous3_n2000_ch0.8_s20000,heterogeneous3,2000,3,bernoulli_expected_raw_peel_soft,2,True,,,8,0.004,0,0.0215,0.0045,3,55,0.0275,-147880.3364632366,0.0
heterogeneous3_n2000_ch0.8_s20001,heterogeneous3,2000,3,poisson_expected_raw_peel_hard,0,True,3330.0789161201114,0.0,6,0.003,0,0.0115,0.003,3,44,0.022,,
heterogeneous3_n2000_ch0.8_s20001,heterogeneous3,2000,3,poisson_expected_raw_peel_soft,2,True,,,6,0.003,0,0.0115,0.003,3,44,0.022,-148007.91166865616,0.0
heterogeneous3_n2000_ch0.8_s20001,heterogeneous3,2000,3,bernoulli_expected_raw_peel_soft,2,True,,,6,0.003,0,0.0115,0.003,3,44,0.022,-147515.64713344816,0.0
heterogeneous3_n2000_ch0.8_s20002,heterogeneous3,2000,3,poisson_expected_raw_peel_hard,1,True,3440.753331381977,0.0,4,0.002,0,0.0125,0.0015,3,45,0.0225,,
heterogeneous3_n2000_ch0.8_s20002,heterogeneous3,2000,3,poisson_expected_raw_peel_soft,3,True,,,4,0.002,0,0.0125,0.0015,3,45,0.0225,-146282.82000143747,0.0
heterogeneous3_n2000_ch0.8_s20002,heterogeneous3,2000,3,bernoulli_expected_raw_peel_soft,3,True,,,4,0.002,0,0.0125,0.0015,3,45,0.0225,-145809.37535217247,0.0
heterogeneous3_n2000_ch0.8_s20003,heterogeneous3,2000,3,poisson_expected_raw_peel_hard,1,True,3356.9632604823164,0.0,5,0.0025,0,0.0085,0.002,3,35,0.0175,,
heterogeneous3_n2000_ch0.8_s20003,heterogeneous3,2000,3,poisson_expected_raw_peel_soft,2,True,,,5,0.0025,0,0.0085,0.002,3,35,0.0175,-147461.24270234475,0.0
heterogeneous3_n2000_ch0.8_s20003,heterogeneous3,2000,3,bernoulli_expected_raw_peel_soft,2,True,,,5,0.0025,0,0.0085,0.002,3,35,0.0175,-146966.77572535985,0.0
heterogeneous3_n2000_ch1.4_s20000,heterogeneous3,2000,3,poisson_expected_raw_peel_hard,0,True,3673.534765609171,0.0,0,0.0,1,0.0015,0.0,3,10,0.005,,
heterogeneous3_n2000_ch1.4_s20000,heterogeneous3,2000,3,poisson_expected_raw_peel_soft,2,True,,,0,0.0,1,0.0015,0.0,3,10,0.005,-227442.80532596132,0.0
heterogeneous3_n2000_ch1.4_s20000,heterogeneous3,2000,3,bernoulli_expected_raw_peel_soft,2,True,,,0,0.0,1,0.0015,0.0,3,10,0.005,-225989.4254882389,0.0
heterogeneous3_n2000_ch0.8_s20004,heterogeneous3,2000,3,poisson_expected_raw_peel_hard,1,True,3329.7764008803133,0.0,9,0.0045,0,0.0175,0.005,3,47,0.0235,,
heterogeneous3_n2000_ch0.8_s20004,heterogeneous3,2000,3,poisson_expected_raw_peel_soft,2,True,,,9,0.0045,0,0.0175,0.005,3,47,0.0235,-147125.30631807577,0.0
heterogeneous3_n2000_ch0.8_s20004,heterogeneous3,2000,3,bernoulli_expected_raw_peel_soft,2,True,,,9,0.0045,0,0.0165,0.005,3,47,0.0235,-146640.03347893886,0.0
heterogeneous3_n2000_ch1.4_s20001,heterogeneous3,2000,3,poisson_expected_raw_peel_hard,0,True,3679.757920326905,0.0,0,0.0,1,0.0015,0.0,3,6,0.003,,
heterogeneous3_n2000_ch1.4_s20001,heterogeneous3,2000,3,poisson_expected_raw_peel_soft,2,True,,,0,0.0,1,0.0015,0.0,3,6,0.003,-226195.38908555268,0.0
heterogeneous3_n2000_ch1.4_s20001,heterogeneous3,2000,3,bernoulli_expected_raw_peel_soft,2,True,,,0,0.0,1,0.0015,0.0,3,6,0.003,-224733.6186561685,0.0
heterogeneous3_n2000_ch1.4_s20002,heterogeneous3,2000,3,poisson_expected_raw_peel_hard,0,True,3583.6350243125944,0.0,0,0.0,1,0.0015,0.0,3,10,0.005,,
heterogeneous3_n2000_ch1.4_s20002,heterogeneous3,2000,3,poisson_expected_raw_peel_soft,2,True,,,0,0.0,1,0.0015,0.0,3,10,0.005,-225295.06791443896,0.0
heterogeneous3_n2000_ch1.4_s20002,heterogeneous3,2000,3,bernoulli_expected_raw_peel_soft,2,True,,,0,0.0,1,0.0015,0.0,3,10,0.005,-223842.27080988564,0.0
hierarchical4_n1000_ch0.8_s20000,hierarchical4,1000,4,poisson_expected_raw_peel_hard,1,True,1980.774154595706,0.0,3,0.003,0,0.471,0.039,3,3,0.003,,
hierarchical4_n1000_ch0.8_s20000,hierarchical4,1000,4,poisson_expected_raw_peel_soft,4,True,,,3,0.003,0,0.471,0.039,3,3,0.003,-85560.45688202302,0.0
hierarchical4_n1000_ch0.8_s20000,hierarchical4,1000,4,bernoulli_expected_raw_peel_soft,4,True,,,3,0.003,0,0.471,0.037,3,3,0.003,-85008.63792561897,0.0
hierarchical4_n1000_ch0.8_s20001,hierarchical4,1000,4,poisson_expected_raw_peel_hard,1,True,1856.7131799151548,0.0,1,0.001,0,0.428,0.004,4,1,0.001,,
hierarchical4_n1000_ch0.8_s20001,hierarchical4,1000,4,poisson_expected_raw_peel_soft,3,True,,,1,0.001,0,0.428,0.004,4,1,0.001,-84038.16880630633,0.0
hierarchical4_n1000_ch0.8_s20001,hierarchical4,1000,4,bernoulli_expected_raw_peel_soft,3,True,,,1,0.001,0,0.428,0.004,4,1,0.001,-83506.5269471484,0.0
hierarchical4_n1000_ch0.8_s20002,hierarchical4,1000,4,poisson_expected_raw_peel_hard,1,True,1898.386878300019,0.0,0,0.0,1,0.466,0.042,4,0,0.0,,
hierarchical4_n1000_ch0.8_s20002,hierarchical4,1000,4,poisson_expected_raw_peel_soft,3,True,,,0,0.0,1,0.466,0.042,4,0,0.0,-85230.95711103143,0.0
hierarchical4_n1000_ch0.8_s20002,hierarchical4,1000,4,bernoulli_expected_raw_peel_soft,3,True,,,0,0.0,1,0.462,0.041,4,0,0.0,-84673.86703541465,0.0
hierarchical4_n1000_ch0.8_s20003,hierarchical4,1000,4,poisson_expected_raw_peel_hard,1,True,1839.0525860060084,0.0,0,0.0,1,0.475,0.02,4,0,0.0,,
hierarchical4_n1000_ch0.8_s20003,hierarchical4,1000,4,poisson_expected_raw_peel_soft,3,True,,,0,0.0,1,0.475,0.02,4,0,0.0,-85584.98925808846,0.0
hierarchical4_n1000_ch0.8_s20003,hierarchical4,1000,4,bernoulli_expected_raw_peel_soft,3,True,,,0,0.0,1,0.473,0.019,4,0,0.0,-85029.67186363536,0.0
hierarchical4_n1000_ch0.8_s20004,hierarchical4,1000,4,poisson_expected_raw_peel_hard,1,True,1959.155519934768,0.0,1,0.001,0,0.439,0.018,4,1,0.001,,
hierarchical4_n1000_ch0.8_s20004,hierarchical4,1000,4,poisson_expected_raw_peel_soft,3,True,,,1,0.001,0,0.439,0.018,4,1,0.001,-85946.91447003804,0.0
hierarchical4_n1000_ch0.8_s20004,hierarchical4,1000,4,bernoulli_expected_raw_peel_soft,3,True,,,1,0.001,0,0.439,0.018,4,1,0.001,-85390.11782196231,0.0
hierarchical4_n1000_ch1.4_s20000,hierarchical4,1000,4,poisson_expected_raw_peel_hard,0,True,2090.27479864332,0.0,0,0.0,1,0.288,0.0,4,0,0.0,,
hierarchical4_n1000_ch1.4_s20000,hierarchical4,1000,4,poisson_expected_raw_peel_soft,2,True,,,0,0.0,1,0.288,0.0,4,0,0.0,-127023.39007598588,0.0
hierarchical4_n1000_ch1.4_s20000,hierarchical4,1000,4,bernoulli_expected_raw_peel_soft,2,True,,,0,0.0,1,0.268,0.0,4,0,0.0,-125385.7322242559,0.0
hierarchical4_n1000_ch1.4_s20001,hierarchical4,1000,4,poisson_expected_raw_peel_hard,0,True,1974.60094757173,0.0,0,0.0,1,0.298,0.0,4,0,0.0,,
hierarchical4_n1000_ch1.4_s20001,hierarchical4,1000,4,poisson_expected_raw_peel_soft,2,True,,,0,0.0,1,0.298,0.0,4,0,0.0,-126296.01569856548,0.0
hierarchical4_n1000_ch1.4_s20001,hierarchical4,1000,4,bernoulli_expected_raw_peel_soft,2,True,,,0,0.0,1,0.286,0.0,4,0,0.0,-124655.86202204952,0.0
hierarchical4_n1000_ch1.4_s20002,hierarchical4,1000,4,poisson_expected_raw_peel_hard,0,True,2038.6038966522285,0.0,0,0.0,1,0.263,0.0,4,0,0.0,,
hierarchical4_n1000_ch1.4_s20002,hierarchical4,1000,4,poisson_expected_raw_peel_soft,2,True,,,0,0.0,1,0.263,0.0,4,0,0.0,-127497.27076133872,0.0
hierarchical4_n1000_ch1.4_s20002,hierarchical4,1000,4,bernoulli_expected_raw_peel_soft,2,True,,,0,0.0,1,0.268,0.0,4,0,0.0,-125802.3172726997,0.0
heterogeneous3_n2000_ch1.4_s20004,heterogeneous3,2000,3,poisson_expected_raw_peel_hard,0,True,3649.462739135305,0.0,1,0.0005,0,0.0015,0.0005,3,8,0.004,,
heterogeneous3_n2000_ch1.4_s20004,heterogeneous3,2000,3,poisson_expected_raw_peel_soft,2,True,,,1,0.0005,0,0.0015,0.0005,3,8,0.004,-227048.5305665652,0.0
heterogeneous3_n2000_ch1.4_s20004,heterogeneous3,2000,3,bernoulli_expected_raw_peel_soft,2,True,,,1,0.0005,0,0.0015,0.0005,3,8,0.004,-225587.95902828383,0.0
heterogeneous3_n2000_ch1.4_s20003,heterogeneous3,2000,3,poisson_expected_raw_peel_hard,0,True,3669.580256241241,0.0,0,0.0,1,0.0015,0.0,3,10,0.005,,
heterogeneous3_n2000_ch1.4_s20003,heterogeneous3,2000,3,poisson_expected_raw_peel_soft,2,True,,,0,0.0,1,0.0015,0.0,3,10,0.005,-226577.6370132612,0.0
heterogeneous3_n2000_ch1.4_s20003,heterogeneous3,2000,3,bernoulli_expected_raw_peel_soft,2,True,,,1,0.0005,0,0.0015,0.0,3,10,0.005,-225120.2488381893,0.0
hierarchical4_n1000_ch1.4_s20003,hierarchical4,1000,4,poisson_expected_raw_peel_hard,0,True,1955.922700961582,0.0,0,0.0,1,0.253,0.0,4,0,0.0,,
hierarchical4_n1000_ch1.4_s20003,hierarchical4,1000,4,poisson_expected_raw_peel_soft,2,True,,,0,0.0,1,0.253,0.0,4,0,0.0,-128135.41681112951,0.0
hierarchical4_n1000_ch1.4_s20003,hierarchical4,1000,4,bernoulli_expected_raw_peel_soft,2,True,,,0,0.0,1,0.232,0.0,4,0,0.0,-126414.55935682612,0.0
hierarchical4_n1000_ch1.4_s20004,hierarchical4,1000,4,poisson_expected_raw_peel_hard,1,True,1955.757563052342,0.0,0,0.0,1,0.284,0.001,4,0,0.0,,
hierarchical4_n1000_ch1.4_s20004,hierarchical4,1000,4,poisson_expected_raw_peel_soft,2,True,,,0,0.0,1,0.284,0.001,4,0,0.0,-128236.74452467242,0.0
hierarchical4_n1000_ch1.4_s20004,hierarchical4,1000,4,bernoulli_expected_raw_peel_soft,2,True,,,0,0.0,1,0.272,0.001,4,0,0.0,-126543.64613196877,0.0
hierarchical4_n2000_ch0.8_s20000,hierarchical4,2000,4,poisson_expected_raw_peel_hard,1,True,3862.857290513257,0.0,0,0.0,1,0.423,0.0075,4,0,0.0,,
hierarchical4_n2000_ch0.8_s20000,hierarchical4,2000,4,poisson_expected_raw_peel_soft,3,True,,,0,0.0,1,0.423,0.0075,4,0,0.0,-215539.46264948387,0.0
hierarchical4_n2000_ch0.8_s20000,hierarchical4,2000,4,bernoulli_expected_raw_peel_soft,3,True,,,0,0.0,1,0.422,0.0075,4,0,0.0,-214875.8850148728,0.0
hierarchical4_n2000_ch0.8_s20001,hierarchical4,2000,4,poisson_expected_raw_peel_hard,3,True,3968.88504516056,0.0,1,0.0005,0,0.4545,0.1825,3,1,0.0005,,
hierarchical4_n2000_ch0.8_s20001,hierarchical4,2000,4,poisson_expected_raw_peel_soft,4,True,,,1,0.0005,0,0.4545,0.1825,3,1,0.0005,-213699.11416586328,0.0
hierarchical4_n2000_ch0.8_s20001,hierarchical4,2000,4,bernoulli_expected_raw_peel_soft,3,True,,,1,0.0005,0,0.4155,0.006,4,1,0.0005,-213039.23995046568,0.0
hierarchical4_n2000_ch0.8_s20002,hierarchical4,2000,4,poisson_expected_raw_peel_hard,2,True,3882.721947164516,0.0,1,0.0005,0,0.462,0.019,4,1,0.0005,,
hierarchical4_n2000_ch0.8_s20002,hierarchical4,2000,4,poisson_expected_raw_peel_soft,3,True,,,1,0.0005,0,0.462,0.019,4,1,0.0005,-212680.4956778298,0.0
hierarchical4_n2000_ch0.8_s20002,hierarchical4,2000,4,bernoulli_expected_raw_peel_soft,3,True,,,1,0.0005,0,0.46,0.019,4,1,0.0005,-212021.42777242733,0.0
hierarchical4_n2000_ch0.8_s20003,hierarchical4,2000,4,poisson_expected_raw_peel_hard,1,True,3893.939283687469,0.0,0,0.0,1,0.463,0.005,4,0,0.0,,
hierarchical4_n2000_ch0.8_s20003,hierarchical4,2000,4,poisson_expected_raw_peel_soft,3,True,,,0,0.0,1,0.463,0.005,4,0,0.0,-215554.9803232941,0.0
hierarchical4_n2000_ch0.8_s20003,hierarchical4,2000,4,bernoulli_expected_raw_peel_soft,3,True,,,0,0.0,1,0.4615,0.005,4,0,0.0,-214872.9460199873,0.0
hierarchical4_n2000_ch1.4_s20000,hierarchical4,2000,4,poisson_expected_raw_peel_hard,0,True,4130.068800996464,0.0,0,0.0,1,0.338,0.0,4,0,0.0,,
hierarchical4_n2000_ch1.4_s20000,hierarchical4,2000,4,poisson_expected_raw_peel_soft,2,True,,,0,0.0,1,0.338,0.0,4,0,0.0,-327391.50807491946,0.0
hierarchical4_n2000_ch1.4_s20000,hierarchical4,2000,4,bernoulli_expected_raw_peel_soft,2,True,,,0,0.0,1,0.329,0.0,4,0,0.0,-325390.2113763782,0.0
hierarchical4_n2000_ch0.8_s20004,hierarchical4,2000,4,poisson_expected_raw_peel_hard,2,True,4001.53501605123,0.0,0,0.0,1,0.477,0.2265,3,0,0.0,,
hierarchical4_n2000_ch0.8_s20004,hierarchical4,2000,4,poisson_expected_raw_peel_soft,4,True,,,0,0.0,1,0.477,0.2265,3,0,0.0,-213828.8313204922,0.0
hierarchical4_n2000_ch0.8_s20004,hierarchical4,2000,4,bernoulli_expected_raw_peel_soft,4,True,,,0,0.0,1,0.475,0.2255,3,0,0.0,-213171.71279668316,0.0
hierarchical4_n2000_ch1.4_s20001,hierarchical4,2000,4,poisson_expected_raw_peel_hard,1,True,4211.79061446063,0.0,0,0.0,1,0.3735,0.0035,4,0,0.0,,
hierarchical4_n2000_ch1.4_s20001,hierarchical4,2000,4,poisson_expected_raw_peel_soft,3,True,,,0,0.0,1,0.3735,0.0035,4,0,0.0,-326040.77529865195,0.0
hierarchical4_n2000_ch1.4_s20001,hierarchical4,2000,4,bernoulli_expected_raw_peel_soft,3,True,,,0,0.0,1,0.3685,0.003,4,0,0.0,-324036.3088919952,0.0
hierarchical4_n2000_ch1.4_s20002,hierarchical4,2000,4,poisson_expected_raw_peel_hard,1,True,4084.036178571677,0.0,0,0.0,1,0.315,0.0005,4,0,0.0,,
hierarchical4_n2000_ch1.4_s20002,hierarchical4,2000,4,poisson_expected_raw_peel_soft,2,True,,,0,0.0,1,0.315,0.0005,4,0,0.0,-325553.9496140089,0.0
hierarchical4_n2000_ch1.4_s20002,hierarchical4,2000,4,bernoulli_expected_raw_peel_soft,2,True,,,0,0.0,1,0.3065,0.0005,4,0,0.0,-323563.706158326,0.0
symmetric2_n1000_ch0.8_s20000,symmetric2,1000,2,poisson_expected_raw_peel_hard,2,True,1232.7671259581216,0.0,0,0.0,1,0.491,0.014,2,0,0.0,,
symmetric2_n1000_ch0.8_s20000,symmetric2,1000,2,poisson_expected_raw_peel_soft,3,True,,,0,0.0,1,0.491,0.014,2,0,0.0,-121948.6329870671,0.0
symmetric2_n1000_ch0.8_s20000,symmetric2,1000,2,bernoulli_expected_raw_peel_soft,3,True,,,0,0.0,1,0.489,0.014,2,0,0.0,-121389.29723810792,0.0
symmetric2_n1000_ch0.8_s20001,symmetric2,1000,2,poisson_expected_raw_peel_hard,1,True,1242.1849567399,0.0,0,0.0,1,0.455,0.053,2,0,0.0,,
symmetric2_n1000_ch0.8_s20001,symmetric2,1000,2,poisson_expected_raw_peel_soft,4,True,,,1,0.001,0,0.455,0.053,2,0,0.0,-119739.96631150118,0.0
symmetric2_n1000_ch0.8_s20001,symmetric2,1000,2,bernoulli_expected_raw_peel_soft,3,True,,,0,0.0,1,0.455,0.052,2,0,0.0,-119204.427836115,0.0
symmetric2_n1000_ch0.8_s20002,symmetric2,1000,2,poisson_expected_raw_peel_hard,2,True,1229.67337284802,0.0,2,0.002,0,0.473,0.036,2,2,0.002,,
symmetric2_n1000_ch0.8_s20002,symmetric2,1000,2,poisson_expected_raw_peel_soft,4,True,,,2,0.002,0,0.473,0.036,2,2,0.002,-120527.50401821572,0.0
symmetric2_n1000_ch0.8_s20002,symmetric2,1000,2,bernoulli_expected_raw_peel_soft,4,True,,,2,0.002,0,0.473,0.037,2,2,0.002,-119986.62245881608,0.0
symmetric2_n1000_ch0.8_s20003,symmetric2,1000,2,poisson_expected_raw_peel_hard,2,True,1225.837895521666,0.0,0,0.0,1,0.491,0.157,2,0,0.0,,
symmetric2_n1000_ch0.8_s20003,symmetric2,1000,2,poisson_expected_raw_peel_soft,4,True,,,0,0.0,1,0.491,0.157,2,0,0.0,-122063.22748083164,0.0
symmetric2_n1000_ch0.8_s20003,symmetric2,1000,2,bernoulli_expected_raw_peel_soft,4,True,,,0,0.0,1,0.491,0.157,2,0,0.0,-121506.9825199628,0.0
symmetric2_n1000_ch0.8_s20004,symmetric2,1000,2,poisson_expected_raw_peel_hard,1,True,1240.5555659773445,0.0,0,0.0,1,0.499,0.085,1,0,0.0,,
symmetric2_n1000_ch0.8_s20004,symmetric2,1000,2,poisson_expected_raw_peel_soft,3,True,,,0,0.0,1,0.499,0.085,1,0,0.0,-120512.52148666966,0.0
symmetric2_n1000_ch0.8_s20004,symmetric2,1000,2,bernoulli_expected_raw_peel_soft,3,True,,,0,0.0,1,0.499,0.084,1,0,0.0,-119966.2790119095,0.0
symmetric2_n1000_ch1.4_s20000,symmetric2,1000,2,poisson_expected_raw_peel_hard,0,True,1069.1905189721838,0.0,0,0.0,1,0.411,0.0,2,0,0.0,,
symmetric2_n1000_ch1.4_s20000,symmetric2,1000,2,poisson_expected_raw_peel_soft,3,True,,,0,0.0,1,0.411,0.0,2,0,0.0,-184370.3635361019,0.0
symmetric2_n1000_ch1.4_s20000,symmetric2,1000,2,bernoulli_expected_raw_peel_soft,3,True,,,0,0.0,1,0.407,0.0,2,0,0.0,-182734.8368403779,0.0
symmetric2_n1000_ch1.4_s20001,symmetric2,1000,2,poisson_expected_raw_peel_hard,0,True,1072.5293704092649,0.0,0,0.0,1,0.363,0.0,2,0,0.0,,
symmetric2_n1000_ch1.4_s20001,symmetric2,1000,2,poisson_expected_raw_peel_soft,2,True,,,0,0.0,1,0.363,0.0,2,0,0.0,-182786.4182494372,0.0
symmetric2_n1000_ch1.4_s20001,symmetric2,1000,2,bernoulli_expected_raw_peel_soft,2,True,,,0,0.0,1,0.349,0.0,2,0,0.0,-181160.38050376216,0.0
symmetric2_n1000_ch1.4_s20002,symmetric2,1000,2,poisson_expected_raw_peel_hard,0,True,1100.0985478686573,0.0,0,0.0,1,0.293,0.0,2,0,0.0,,
symmetric2_n1000_ch1.4_s20002,symmetric2,1000,2,poisson_expected_raw_peel_soft,2,True,,,0,0.0,1,0.293,0.0,2,0,0.0,-185140.9451407696,0.0
symmetric2_n1000_ch1.4_s20002,symmetric2,1000,2,bernoulli_expected_raw_peel_soft,2,True,,,0,0.0,1,0.281,0.0,2,0,0.0,-183468.98091419437,0.0
hierarchical4_n2000_ch1.4_s20003,hierarchical4,2000,4,poisson_expected_raw_peel_hard,0,True,4183.443297116549,0.0,0,0.0,1,0.3525,0.0,4,0,0.0,,
hierarchical4_n2000_ch1.4_s20003,hierarchical4,2000,4,poisson_expected_raw_peel_soft,2,True,,,0,0.0,1,0.3525,0.0,4,0,0.0,-327478.7369176828,0.0
hierarchical4_n2000_ch1.4_s20003,hierarchical4,2000,4,bernoulli_expected_raw_peel_soft,2,True,,,0,0.0,1,0.3485,0.0,4,0,0.0,-325447.7811025393,0.0
hierarchical4_n2000_ch1.4_s20004,hierarchical4,2000,4,poisson_expected_raw_peel_hard,0,True,4232.492073492989,0.0,0,0.0,1,0.3275,0.0,4,0,0.0,,
hierarchical4_n2000_ch1.4_s20004,hierarchical4,2000,4,poisson_expected_raw_peel_soft,2,True,,,0,0.0,1,0.3275,0.0,4,0,0.0,-326372.0756890124,0.0
hierarchical4_n2000_ch1.4_s20004,hierarchical4,2000,4,bernoulli_expected_raw_peel_soft,2,True,,,0,0.0,1,0.3235,0.0,4,0,0.0,-324393.5783280492,0.0
symmetric2_n1000_ch1.4_s20003,symmetric2,1000,2,poisson_expected_raw_peel_hard,0,True,1139.653852049123,0.0,0,0.0,1,0.339,0.0,2,0,0.0,,
symmetric2_n1000_ch1.4_s20003,symmetric2,1000,2,poisson_expected_raw_peel_soft,2,True,,,0,0.0,1,0.339,0.0,2,0,0.0,-185585.0565608519,0.0
symmetric2_n1000_ch1.4_s20003,symmetric2,1000,2,bernoulli_expected_raw_peel_soft,2,True,,,0,0.0,1,0.331,0.0,2,0,0.0,-183907.47610677604,0.0
symmetric2_n1000_ch1.4_s20004,symmetric2,1000,2,poisson_expected_raw_peel_hard,1,True,1088.7054559454486,0.0,0,0.0,1,0.401,0.001,2,0,0.0,,
symmetric2_n1000_ch1.4_s20004,symmetric2,1000,2,poisson_expected_raw_peel_soft,3,True,,,0,0.0,1,0.401,0.001,2,0,0.0,-185430.44880721727,0.0
symmetric2_n1000_ch1.4_s20004,symmetric2,1000,2,bernoulli_expected_raw_peel_soft,3,True,,,0,0.0,1,0.395,0.001,2,0,0.0,-183751.59552283137,0.0
symmetric2_n2000_ch0.8_s20002,symmetric2,2000,2,poisson_expected_raw_peel_hard,1,True,2433.411085460163,0.0,1,0.0005,0,0.4775,0.014,2,1,0.0005,,
symmetric2_n2000_ch0.8_s20002,symmetric2,2000,2,poisson_expected_raw_peel_soft,3,True,,,1,0.0005,0,0.4775,0.014,2,1,0.0005,-301065.001808418,0.0
symmetric2_n2000_ch0.8_s20002,symmetric2,2000,2,bernoulli_expected_raw_peel_soft,3,True,,,1,0.0005,0,0.4765,0.014,2,1,0.0005,-300414.6960903997,0.0
symmetric2_n2000_ch0.8_s20001,symmetric2,2000,2,poisson_expected_raw_peel_hard,2,True,2549.268684901198,0.0,0,0.0,1,0.4625,0.0455,2,0,0.0,,
symmetric2_n2000_ch0.8_s20001,symmetric2,2000,2,poisson_expected_raw_peel_soft,3,True,,,0,0.0,1,0.4625,0.0455,2,0,0.0,-300573.6152361836,0.0
symmetric2_n2000_ch0.8_s20001,symmetric2,2000,2,bernoulli_expected_raw_peel_soft,3,True,,,0,0.0,1,0.4615,0.0455,2,0,0.0,-299911.9845685115,0.0
symmetric2_n2000_ch0.8_s20000,symmetric2,2000,2,poisson_expected_raw_peel_hard,2,True,2471.714939844925,0.0,0,0.0,1,0.4945,0.1815,1,0,0.0,,
symmetric2_n2000_ch0.8_s20000,symmetric2,2000,2,poisson_expected_raw_peel_soft,4,True,,,0,0.0,1,0.4945,0.1815,1,0,0.0,-306730.7242745664,0.0
symmetric2_n2000_ch0.8_s20000,symmetric2,2000,2,bernoulli_expected_raw_peel_soft,4,True,,,0,0.0,1,0.4945,0.1805,1,0,0.0,-306051.03835322964,0.0
symmetric2_n2000_ch0.8_s20003,symmetric2,2000,2,poisson_expected_raw_peel_hard,2,True,2502.478232872972,0.0,0,0.0,1,0.4965,0.3415,1,0,0.0,,
symmetric2_n2000_ch0.8_s20003,symmetric2,2000,2,poisson_expected_raw_peel_soft,4,True,,,0,0.0,1,0.4965,0.3415,1,0,0.0,-304337.31406662706,0.0
symmetric2_n2000_ch0.8_s20003,symmetric2,2000,2,bernoulli_expected_raw_peel_soft,4,True,,,0,0.0,1,0.4965,0.339,1,0,0.0,-303668.4828807608,0.0
symmetric2_n2000_ch1.4_s20001,symmetric2,2000,2,poisson_expected_raw_peel_hard,0,True,2291.8660832944392,0.0,0,0.0,1,0.4035,0.0,2,0,0.0,,
symmetric2_n2000_ch1.4_s20001,symmetric2,2000,2,poisson_expected_raw_peel_soft,2,True,,,0,0.0,1,0.4035,0.0,2,0,0.0,-469082.7090482219,0.0
symmetric2_n2000_ch1.4_s20001,symmetric2,2000,2,bernoulli_expected_raw_peel_soft,2,True,,,0,0.0,1,0.3995,0.0,2,0,0.0,-467074.497594978,0.0
symmetric2_n2000_ch0.8_s20004,symmetric2,2000,2,poisson_expected_raw_peel_hard,1,True,2477.661207388677,0.0,0,0.0,1,0.4515,0.0045,2,0,0.0,,
symmetric2_n2000_ch0.8_s20004,symmetric2,2000,2,poisson_expected_raw_peel_soft,3,True,,,0,0.0,1,0.4515,0.0045,2,0,0.0,-303026.22926988045,0.0
symmetric2_n2000_ch0.8_s20004,symmetric2,2000,2,bernoulli_expected_raw_peel_soft,3,True,,,0,0.0,1,0.4505,0.0045,2,0,0.0,-302369.1589010749,0.0
symmetric2_n2000_ch1.4_s20000,symmetric2,2000,2,poisson_expected_raw_peel_hard,1,True,2296.5892971502262,0.0,0,0.0,1,0.4115,0.0015,2,0,0.0,,
symmetric2_n2000_ch1.4_s20000,symmetric2,2000,2,poisson_expected_raw_peel_soft,3,True,,,0,0.0,1,0.4115,0.0015,2,0,0.0,-474969.2632856464,0.0
symmetric2_n2000_ch1.4_s20000,symmetric2,2000,2,bernoulli_expected_raw_peel_soft,3,True,,,0,0.0,1,0.4085,0.0015,2,0,0.0,-472939.9612591137,-5.820766091346741e-11
symmetric2_n2000_ch1.4_s20002,symmetric2,2000,2,poisson_expected_raw_peel_hard,0,True,2221.542631165117,0.0,0,0.0,1,0.3405,0.0,2,0,0.0,,
symmetric2_n2000_ch1.4_s20002,symmetric2,2000,2,poisson_expected_raw_peel_soft,2,True,,,0,0.0,1,0.3405,0.0,2,0,0.0,-469997.2611363098,0.0
symmetric2_n2000_ch1.4_s20002,symmetric2,2000,2,bernoulli_expected_raw_peel_soft,2,True,,,0,0.0,1,0.3365,0.0,2,0,0.0,-468011.57891368365,0.0
unequal3_n1000_ch0.8_s20001,unequal3,1000,3,poisson_expected_raw_peel_hard,6,True,2713.725296048713,0.0,423,0.423,0,0.426,0.355,2,31,0.031,,
unequal3_n1000_ch0.8_s20001,unequal3,1000,3,poisson_expected_raw_peel_soft,18,True,,,425,0.425,0,0.426,0.355,2,31,0.031,-89197.37699675935,0.0
unequal3_n1000_ch0.8_s20001,unequal3,1000,3,bernoulli_expected_raw_peel_soft,15,True,,,423,0.423,0,0.434,0.358,2,31,0.031,-88798.77490507232,0.0
unequal3_n1000_ch0.8_s20000,unequal3,1000,3,poisson_expected_raw_peel_hard,14,True,3871.6801690717793,0.0,410,0.41,0,0.506,0.329,2,1,0.001,,
unequal3_n1000_ch0.8_s20000,unequal3,1000,3,poisson_expected_raw_peel_soft,46,True,,,355,0.355,0,0.506,0.329,2,1,0.001,-96229.77326384958,0.0
unequal3_n1000_ch0.8_s20000,unequal3,1000,3,bernoulli_expected_raw_peel_soft,47,True,,,354,0.354,0,0.508,0.326,2,1,0.001,-95815.75242431802,0.0
unequal3_n1000_ch0.8_s20003,unequal3,1000,3,poisson_expected_raw_peel_hard,4,True,1671.9124988305684,0.0,0,0.0,1,0.486,0.219,2,1,0.001,,
unequal3_n1000_ch0.8_s20003,unequal3,1000,3,poisson_expected_raw_peel_soft,18,True,,,221,0.221,0,0.486,0.219,2,1,0.001,-95095.63891975328,0.0
unequal3_n1000_ch0.8_s20003,unequal3,1000,3,bernoulli_expected_raw_peel_soft,19,True,,,221,0.221,0,0.486,0.22,2,1,0.001,-94692.4757899948,0.0
unequal3_n1000_ch0.8_s20002,unequal3,1000,3,poisson_expected_raw_peel_hard,11,True,4123.166858264369,0.0,407,0.407,0,0.49,0.347,2,0,0.0,,
unequal3_n1000_ch0.8_s20002,unequal3,1000,3,poisson_expected_raw_peel_soft,59,True,,,288,0.288,0,0.49,0.347,2,0,0.0,-94700.45662927124,0.0
unequal3_n1000_ch0.8_s20002,unequal3,1000,3,bernoulli_expected_raw_peel_soft,58,True,,,288,0.288,0,0.487,0.347,2,0,0.0,-94306.76094338852,0.0
symmetric2_n2000_ch1.4_s20003,symmetric2,2000,2,poisson_expected_raw_peel_hard,0,True,2324.0545392657946,0.0,0,0.0,1,0.3945,0.0,2,0,0.0,,
symmetric2_n2000_ch1.4_s20003,symmetric2,2000,2,poisson_expected_raw_peel_soft,2,True,,,0,0.0,1,0.3945,0.0,2,0,0.0,-472343.0183504334,0.0
symmetric2_n2000_ch1.4_s20003,symmetric2,2000,2,bernoulli_expected_raw_peel_soft,2,True,,,0,0.0,1,0.3915,0.0,2,0,0.0,-470320.5253205792,0.0
unequal3_n1000_ch0.8_s20004,unequal3,1000,3,poisson_expected_raw_peel_hard,16,True,3804.124490090917,0.0,447,0.447,0,0.52,0.431,2,3,0.003,,
unequal3_n1000_ch0.8_s20004,unequal3,1000,3,poisson_expected_raw_peel_soft,14,True,,,418,0.418,0,0.52,0.431,2,3,0.003,-95993.30004420655,0.0
unequal3_n1000_ch0.8_s20004,unequal3,1000,3,bernoulli_expected_raw_peel_soft,18,True,,,413,0.413,0,0.519,0.435,2,3,0.003,-95589.83521042998,0.0
symmetric2_n2000_ch1.4_s20004,symmetric2,2000,2,poisson_expected_raw_peel_hard,1,True,2215.204691175336,0.0,0,0.0,1,0.3835,0.0005,2,0,0.0,,
symmetric2_n2000_ch1.4_s20004,symmetric2,2000,2,poisson_expected_raw_peel_soft,2,True,,,0,0.0,1,0.3835,0.0005,2,0,0.0,-470482.4184594891,0.0
symmetric2_n2000_ch1.4_s20004,symmetric2,2000,2,bernoulli_expected_raw_peel_soft,2,True,,,0,0.0,1,0.3805,0.0005,2,0,0.0,-468502.3954545655,0.0
unequal3_n1000_ch1.4_s20001,unequal3,1000,3,poisson_expected_raw_peel_hard,9,True,5766.990915698461,0.0,420,0.42,0,0.41,0.227,2,0,0.0,,
unequal3_n1000_ch1.4_s20001,unequal3,1000,3,poisson_expected_raw_peel_soft,4,True,,,220,0.22,0,0.41,0.227,2,0,0.0,-142229.23901594488,0.0
unequal3_n1000_ch1.4_s20001,unequal3,1000,3,bernoulli_expected_raw_peel_soft,5,True,,,219,0.219,0,0.407,0.227,2,0,0.0,-141058.384455984,0.0
unequal3_n1000_ch1.4_s20003,unequal3,1000,3,poisson_expected_raw_peel_hard,4,True,1691.6944273490378,0.0,0,0.0,1,0.415,0.327,2,0,0.0,,
unequal3_n1000_ch1.4_s20003,unequal3,1000,3,poisson_expected_raw_peel_soft,10,True,,,205,0.205,0,0.415,0.327,2,0,0.0,-144361.75869336253,0.0
unequal3_n1000_ch1.4_s20003,unequal3,1000,3,bernoulli_expected_raw_peel_soft,15,True,,,209,0.209,0,0.423,0.326,2,0,0.0,-143141.45653400215,0.0
unequal3_n1000_ch1.4_s20004,unequal3,1000,3,poisson_expected_raw_peel_hard,8,True,5904.9298692387165,0.0,434,0.434,0,0.425,0.232,2,0,0.0,,
unequal3_n1000_ch1.4_s20004,unequal3,1000,3,poisson_expected_raw_peel_soft,7,True,,,208,0.208,0,0.425,0.232,2,0,0.0,-144366.7058427993,0.0
unequal3_n1000_ch1.4_s20004,unequal3,1000,3,bernoulli_expected_raw_peel_soft,5,True,,,209,0.209,0,0.426,0.232,2,0,0.0,-143142.32942171983,0.0
unequal3_n1000_ch1.4_s20000,unequal3,1000,3,poisson_expected_raw_peel_hard,9,True,5649.901823747343,0.0,432,0.432,0,0.418,0.222,2,0,0.0,,
unequal3_n1000_ch1.4_s20000,unequal3,1000,3,poisson_expected_raw_peel_soft,114,True,,,431,0.431,0,0.418,0.222,2,0,0.0,-143915.72986134127,0.0
unequal3_n1000_ch1.4_s20000,unequal3,1000,3,bernoulli_expected_raw_peel_soft,126,True,,,442,0.442,0,0.427,0.223,2,0,0.0,-142721.01628928108,0.0
unequal3_n1000_ch1.4_s20002,unequal3,1000,3,poisson_expected_raw_peel_hard,18,True,6218.255648426182,0.0,428,0.428,0,0.418,0.366,2,0,0.0,,
unequal3_n1000_ch1.4_s20002,unequal3,1000,3,poisson_expected_raw_peel_soft,110,True,,,277,0.277,0,0.418,0.366,2,0,0.0,-144316.50132300868,0.0
unequal3_n1000_ch1.4_s20002,unequal3,1000,3,bernoulli_expected_raw_peel_soft,115,True,,,274,0.274,0,0.408,0.375,2,0,0.0,-143103.61949750962,0.0
unequal3_n2000_ch0.8_s20000,unequal3,2000,3,poisson_expected_raw_peel_hard,12,True,8539.870887227045,0.0,875,0.4375,0,0.4855,0.4035,2,0,0.0,,
unequal3_n2000_ch0.8_s20000,unequal3,2000,3,poisson_expected_raw_peel_soft,15,True,,,791,0.3955,0,0.4855,0.4035,2,0,0.0,-240242.69764869404,0.0
unequal3_n2000_ch0.8_s20000,unequal3,2000,3,bernoulli_expected_raw_peel_soft,16,True,,,791,0.3955,0,0.488,0.4025,2,0,0.0,-239745.43848253903,0.0
unequal3_n2000_ch0.8_s20003,unequal3,2000,3,poisson_expected_raw_peel_hard,4,True,3476.024568864539,0.0,0,0.0,1,0.4325,0.214,2,0,0.0,,
unequal3_n2000_ch0.8_s20003,unequal3,2000,3,poisson_expected_raw_peel_soft,7,True,,,0,0.0,1,0.4325,0.214,2,0,0.0,-233302.60492900413,0.0
unequal3_n2000_ch0.8_s20003,unequal3,2000,3,bernoulli_expected_raw_peel_soft,55,True,,,673,0.3365,0,0.424,0.24,2,0,0.0,-237594.4096873692,0.0
unequal3_n2000_ch0.8_s20002,unequal3,2000,3,poisson_expected_raw_peel_hard,4,True,3532.1744077455314,0.0,0,0.0,1,0.4895,0.2485,2,2,0.001,,
unequal3_n2000_ch0.8_s20002,unequal3,2000,3,poisson_expected_raw_peel_soft,50,True,,,700,0.35,0,0.4895,0.2485,2,2,0.001,-237451.11040942423,0.0
unequal3_n2000_ch0.8_s20002,unequal3,2000,3,bernoulli_expected_raw_peel_soft,50,True,,,700,0.35,0,0.4905,0.248,2,2,0.001,-236973.49562259525,0.0
unequal3_n2000_ch0.8_s20001,unequal3,2000,3,poisson_expected_raw_peel_hard,19,True,8500.725949596479,0.0,859,0.4295,0,0.4755,0.277,2,1,0.0005,,
unequal3_n2000_ch0.8_s20001,unequal3,2000,3,poisson_expected_raw_peel_soft,70,True,,,609,0.3045,0,0.4755,0.277,2,1,0.0005,-238061.73077819624,0.0
unequal3_n2000_ch0.8_s20001,unequal3,2000,3,bernoulli_expected_raw_peel_soft,70,True,,,609,0.3045,0,0.4765,0.277,2,1,0.0005,-237570.80910250463,0.0
unequal3_n2000_ch0.8_s20004,unequal3,2000,3,poisson_expected_raw_peel_hard,3,True,3425.875719627587,0.0,0,0.0,1,0.393,0.2805,2,2,0.001,,
unequal3_n2000_ch0.8_s20004,unequal3,2000,3,poisson_expected_raw_peel_soft,5,True,,,0,0.0,1,0.393,0.2805,2,2,0.001,-232118.867594138,0.0
unequal3_n2000_ch0.8_s20004,unequal3,2000,3,bernoulli_expected_raw_peel_soft,5,True,,,0,0.0,1,0.394,0.2805,2,2,0.001,-231573.91112751188,0.0
unequal3_n2000_ch1.4_s20000,unequal3,2000,3,poisson_expected_raw_peel_hard,15,True,12798.110716865644,0.0,900,0.45,0,0.41,0.2945,2,0,0.0,,
unequal3_n2000_ch1.4_s20000,unequal3,2000,3,poisson_expected_raw_peel_soft,18,True,,,500,0.25,0,0.41,0.2945,2,0,0.0,-368008.0278451809,0.0
unequal3_n2000_ch1.4_s20000,unequal3,2000,3,bernoulli_expected_raw_peel_soft,25,True,,,512,0.256,0,0.416,0.293,2,0,0.0,-366527.3500564792,0.0
unequal3_n2000_ch1.4_s20002,unequal3,2000,3,poisson_expected_raw_peel_hard,9,True,12833.36485504908,0.0,859,0.4295,0,0.4245,0.239,2,0,0.0,,
unequal3_n2000_ch1.4_s20002,unequal3,2000,3,poisson_expected_raw_peel_soft,12,True,,,631,0.3155,0,0.4245,0.239,2,0,0.0,-363520.4455974989,0.0
unequal3_n2000_ch1.4_s20002,unequal3,2000,3,bernoulli_expected_raw_peel_soft,16,True,,,630,0.315,0,0.4305,0.2385,2,0,0.0,-362083.5995012291,0.0
unequal3_n2000_ch1.4_s20001,unequal3,2000,3,poisson_expected_raw_peel_hard,0,True,3534.534229701034,0.0,0,0.0,1,0.304,0.0,3,0,0.0,,
unequal3_n2000_ch1.4_s20001,unequal3,2000,3,poisson_expected_raw_peel_soft,2,True,,,0,0.0,1,0.304,0.0,3,0,0.0,-353606.0309534127,0.0
unequal3_n2000_ch1.4_s20001,unequal3,2000,3,bernoulli_expected_raw_peel_soft,97,True,,,516,0.258,0,0.4205,0.443,2,0,0.0,-361344.7364986743,0.0
unequal3_n2000_ch1.4_s20003,unequal3,2000,3,poisson_expected_raw_peel_hard,20,True,13003.126902698194,0.0,897,0.4485,0,0.4095,0.2305,2,0,0.0,,
unequal3_n2000_ch1.4_s20003,unequal3,2000,3,poisson_expected_raw_peel_soft,71,True,,,654,0.327,0,0.4095,0.2305,2,0,0.0,-366151.2284742972,0.0
unequal3_n2000_ch1.4_s20003,unequal3,2000,3,bernoulli_expected_raw_peel_soft,68,True,,,658,0.329,0,0.414,0.231,2,0,0.0,-364690.2642603688,0.0
unequal3_n2000_ch1.4_s20004,unequal3,2000,3,poisson_expected_raw_peel_hard,29,True,12850.690961089573,0.0,891,0.4455,0,0.397,0.244,2,0,0.0,,
unequal3_n2000_ch1.4_s20004,unequal3,2000,3,poisson_expected_raw_peel_soft,9,True,,,402,0.201,0,0.397,0.244,2,0,0.0,-364185.3869844708,0.0
unequal3_n2000_ch1.4_s20004,unequal3,2000,3,bernoulli_expected_raw_peel_soft,8,True,,,412,0.206,0,0.398,0.245,2,0,0.0,-362759.7874237524,0.0
